perturbation,level,method,depth_source,strength,n,acc_clean,acc_perturbed,acc_restored,delta_pp,recovery_rate,wrong_to_correct,correct_to_wrong,net_fixed,fix_rate,break_rate,agree_clean_before,agree_clean_after,back_to_clean_pred,back_to_clean_pred_wrong,left_clean_pred,changed_rate,true_prob_shift,depth_rank_corr,psnr,ssim,restore_ms,classify_ms
clean,0,none,unused,,500,0.806,0.806,0.806,0.0,,0,0,0,0.0,0.0,1.0,1.0,0,0,0,0.0,0.0,0.9999899433202704,,1.0,0.0,4.3217942843793935
clean,0,detector_classical,unused,,500,0.806,0.806,0.806,0.0,,0,0,0,0.0,0.0,1.0,1.0,0,0,0,0.0,0.00031979595124721527,0.9999899433202704,34.27733989214601,0.9967013843655587,99.46487480020733,4.3217942843793935
clean,0,baseline:unsharp,unused,0.1,500,0.806,0.806,0.8,-0.6000000000000005,,2,5,-3,0.020618556701030927,0.01240694789081886,1.0,0.98,0,0,10,0.02,-0.002926844218724,0.9999899433202704,38.04197770418976,0.9927553896903991,0.4748267999384552,4.3217942843793935
clean,0,baseline:autocontrast,unused,0.3,500,0.806,0.806,0.806,0.0,,2,2,0,0.020618556701030927,0.004962779156327543,1.0,0.99,0,0,5,0.01,0.0008367036754898436,0.9999899433202704,60.438804933608,0.9984660369157791,1.3253571998793632,4.3217942843793935
clean,0,baseline:clahe,unused,0.1,500,0.806,0.806,0.806,0.0,,3,3,0,0.030927835051546393,0.007444168734491315,1.0,0.98,0,0,10,0.02,-0.0011712759212259697,0.9999899433202704,40.660675934523084,0.9960530780553818,1.9970136001356877,4.3217942843793935
clean,0,cue:border_strengthening,perturbed,0.1,500,0.806,0.806,0.808,0.20000000000000018,,3,2,1,0.030927835051546393,0.004962779156327543,1.0,0.986,0,0,7,0.014,-5.991610624732857e-05,0.9999899433202704,47.803801704061534,0.9989825668334961,30.986069400794804,4.3217942843793935
clean,0,cue:depth_boundary_emphasis,perturbed,0.1,500,0.806,0.806,0.798,-0.8000000000000007,,1,5,-4,0.010309278350515464,0.01240694789081886,1.0,0.98,0,0,10,0.02,-0.003255282353860821,0.9999899433202704,41.747166575971924,0.9971230634450913,31.479784200288123,4.3217942843793935
clean,0,cue:entity_background_separation,perturbed,0.1,500,0.806,0.806,0.806,0.0,,2,2,0,0.020618556701030927,0.004962779156327543,1.0,0.982,0,0,9,0.018,0.0005926275096335302,0.9999899433202704,28.767938955500778,0.9945472779273987,31.369950600346783,4.3217942843793935
clean,0,cue:shadow_reinforcement,perturbed,0.2,500,0.806,0.806,0.806,0.0,,3,3,0,0.030927835051546393,0.007444168734491315,1.0,0.974,0,0,13,0.026,-0.0009794472146204497,0.9999899433202704,23.72612914080865,0.9797375421524048,30.7594271999551,4.3217942843793935
clean,0,cue:contrast_luminance,perturbed,0.1,500,0.806,0.806,0.804,-0.20000000000000018,,2,3,-1,0.020618556701030927,0.007444168734491315,1.0,0.986,0,0,7,0.014,-0.00011007753868216242,0.9999899433202704,43.33077830710469,0.997792717218399,32.34754880008404,4.3217942843793935
clean,0,cue:thermal_injection,perturbed,0.1,500,0.806,0.806,0.79,-1.6000000000000014,,6,14,-8,0.061855670103092786,0.034739454094292806,1.0,0.944,0,0,28,0.056,-0.009444191747687,0.9999899433202704,27.035196397857238,0.9728590840101242,31.253296799462987,4.3217942843793935
clean,0,cue:border_strengthening,clean,0.1,500,0.806,0.806,0.808,0.20000000000000018,,3,2,1,0.030927835051546393,0.004962779156327543,1.0,0.986,0,0,7,0.014,-8.181009075815382e-05,0.9999899433202704,47.80374216440809,0.9989825570583344,0.5669812003616244,4.3217942843793935
clean,0,cue:depth_boundary_emphasis,clean,0.1,500,0.806,0.806,0.798,-0.8000000000000007,,1,5,-4,0.010309278350515464,0.01240694789081886,1.0,0.98,0,0,10,0.02,-0.003258956005929576,0.9999899433202704,41.7471226020058,0.9971230995655059,1.0970584001333918,4.3217942843793935
clean,0,cue:entity_background_separation,clean,0.1,500,0.806,0.806,0.806,0.0,,2,2,0,0.020618556701030927,0.004962779156327543,1.0,0.982,0,0,9,0.018,0.0006065248095892457,0.9999899433202704,28.767950007438987,0.9945472820997238,0.9905586000531912,4.3217942843793935
clean,0,cue:shadow_reinforcement,clean,0.2,500,0.806,0.806,0.806,0.0,,3,3,0,0.030927835051546393,0.007444168734491315,1.0,0.974,0,0,13,0.026,-0.0009306496509052522,0.9999899433202704,23.726128826431196,0.9797375464439392,0.38307920028455555,4.3217942843793935
clean,0,cue:contrast_luminance,clean,0.1,500,0.806,0.806,0.804,-0.20000000000000018,,2,3,-1,0.020618556701030927,0.007444168734491315,1.0,0.986,0,0,7,0.014,-0.00010127868542622309,0.9999899433202704,43.33077827754582,0.9977927076816558,1.9693758001667447,4.3217942843793935
clean,0,cue:thermal_injection,clean,0.1,500,0.806,0.806,0.79,-1.6000000000000014,,6,14,-8,0.061855670103092786,0.034739454094292806,1.0,0.942,0,0,29,0.058,-0.009373185510497933,0.9999899433202704,27.03445169901484,0.9728505815267563,0.8837529999145772,4.3217942843793935
clean,0,cue:border_strengthening,mismatched,0.1,500,0.806,0.806,0.81,0.40000000000000036,,3,1,2,0.030927835051546393,0.0024813895781637717,1.0,0.984,0,0,8,0.016,-0.000836007985555625,0.9999899433202704,48.11974470134042,0.9962389336824418,0.5913736002403311,4.3217942843793935
clean,0,cue:depth_boundary_emphasis,mismatched,0.1,500,0.806,0.806,0.804,-0.20000000000000018,,5,6,-1,0.05154639175257732,0.01488833746898263,1.0,0.96,0,0,20,0.04,-0.0033997522240606487,0.9999899433202704,41.53167072267243,0.9899851174354554,1.107251199631719,4.3217942843793935
clean,0,cue:entity_background_separation,mismatched,0.1,500,0.806,0.806,0.81,0.40000000000000036,,4,2,2,0.041237113402061855,0.004962779156327543,1.0,0.978,0,0,11,0.022,-0.0018346675671746197,0.9999899433202704,28.787994787052376,0.9913025587797165,0.9994840001745615,4.3217942843793935
clean,0,cue:shadow_reinforcement,mismatched,0.2,500,0.806,0.806,0.794,-1.200000000000001,,4,10,-6,0.041237113402061855,0.02481389578163772,1.0,0.954,0,0,23,0.046,-0.006115344568137516,0.9999899433202704,23.54041214324144,0.9699127736091614,0.3793957997113466,4.3217942843793935
clean,0,cue:contrast_luminance,mismatched,0.1,500,0.806,0.806,0.804,-0.20000000000000018,,1,2,-1,0.010309278350515464,0.004962779156327543,1.0,0.99,0,0,5,0.01,-0.00015420986398385138,0.9999899433202704,43.45359926055076,0.9977105902433395,1.9513802001602016,4.3217942843793935
clean,0,cue:thermal_injection,mismatched,0.1,500,0.806,0.806,0.808,0.20000000000000018,,10,9,1,0.10309278350515463,0.022332506203473945,1.0,0.944,0,0,28,0.056,-0.008886543525759407,0.9999899433202704,27.062257719461822,0.9646695342063903,0.8592672000813764,4.3217942843793935
clean,0,detector+cue:border_strengthening,perturbed,0.1,500,0.806,0.806,0.808,0.20000000000000018,,3,2,1,0.030927835051546393,0.004962779156327543,1.0,0.986,0,0,7,0.014,-0.0001022720161909092,0.9999899433202704,47.564552733400994,0.9956856034994125,130.43322500068462,4.3217942843793935
clean,0,detector+cue:depth_boundary_emphasis,perturbed,0.1,500,0.806,0.806,0.8,-0.6000000000000005,,1,4,-3,0.010309278350515464,0.009925558312655087,1.0,0.982,0,0,9,0.018,-0.0024623072112626688,0.9999899433202704,41.60767757909038,0.9938355075716973,130.95617380016483,4.3217942843793935
clean,0,detector+cue:entity_background_separation,perturbed,0.1,500,0.806,0.806,0.806,0.0,,2,2,0,0.020618556701030927,0.004962779156327543,1.0,0.982,0,0,9,0.018,0.0007485149941840063,0.9999899433202704,28.715225839181826,0.9912339136004448,130.84476620002533,4.3217942843793935
clean,0,detector+cue:shadow_reinforcement,perturbed,0.2,500,0.806,0.806,0.806,0.0,,3,3,0,0.030927835051546393,0.007444168734491315,1.0,0.974,0,0,13,0.026,-0.0007851416754892852,0.9999899433202704,23.693537105306344,0.976488451898098,130.2327894003538,4.3217942843793935
clean,0,detector+cue:contrast_luminance,perturbed,0.1,500,0.806,0.806,0.806,0.0,,2,2,0,0.020618556701030927,0.004962779156327543,1.0,0.988,0,0,6,0.012,0.00014287561814671788,0.9999899433202704,43.18036833485907,0.994548602104187,131.82542060047854,4.3217942843793935
clean,0,detector+cue:thermal_injection,perturbed,0.1,500,0.806,0.806,0.788,-1.8000000000000016,,6,15,-9,0.061855670103092786,0.03722084367245657,1.0,0.94,0,0,30,0.06,-0.010560567000291485,0.9999899433202704,26.986242008090862,0.9695307118296623,130.75237720040604,4.3217942843793935
region_removal,1,none,unused,,500,0.806,0.752,0.752,0.0,0.0,0,0,0,0.0,0.0,0.854,0.854,0,0,0,0.0,0.0,0.9188304954759724,16.55379527987748,0.8807712154388427,0.0,4.3217942843793935
region_removal,1,oracle_classical,unused,,500,0.806,0.752,0.752,0.0,0.0,0,0,0,0.0,0.0,0.854,0.854,0,0,0,0.0,0.0,0.9188304954759724,16.55379527987748,0.8807712154388427,0.07814560024417005,4.3217942843793935
region_removal,1,detector_classical,unused,,500,0.806,0.752,0.752,0.0,0.0,0,0,0,0.0,0.0,0.854,0.854,0,0,0,0.0,0.0,0.9188304954759724,16.55379527987748,0.8807712154388427,97.86781380028697,4.3217942843793935
region_removal,1,baseline:unsharp,unused,0.1,500,0.806,0.752,0.752,0.0,0.0,5,5,0,0.04032258064516129,0.013297872340425532,0.854,0.854,9,5,9,0.048,-0.0022504987014290235,0.9188304954759724,16.504540990030335,0.8743270679712295,0.514767199754715,4.309394162497483
region_removal,1,baseline:autocontrast,unused,0.3,500,0.806,0.752,0.75,-0.20000000000000018,-0.037037037037037035,0,1,-1,0.0,0.0026595744680851063,0.854,0.852,0,0,1,0.002,-0.00038275272867031163,0.9188304954759724,16.501650856730368,0.8799764409065246,1.213154000142822,4.309394162497483
region_removal,1,baseline:clahe,unused,0.1,500,0.806,0.752,0.752,0.0,0.0,2,2,0,0.016129032258064516,0.005319148936170213,0.854,0.85,2,0,4,0.016,-0.0010560510811919812,0.9188304954759724,16.550135623888185,0.8778999413251877,1.3894092001137324,4.309394162497483
region_removal,1,cue:border_strengthening,perturbed,0.1,500,0.806,0.752,0.754,0.20000000000000018,0.037037037037037035,2,1,1,0.016129032258064516,0.0026595744680851063,0.854,0.856,3,1,2,0.014,0.001675407020607963,0.9188304954759724,16.54926168649713,0.8798509384393692,26.159239200060256,4.309394162497483
region_removal,1,cue:depth_boundary_emphasis,perturbed,0.1,500,0.806,0.752,0.744,-0.8000000000000007,-0.14814814814814814,2,6,-4,0.016129032258064516,0.015957446808510637,0.854,0.85,5,3,7,0.034,-0.005006881434306706,0.9188304954759724,16.53679834491555,0.878078004360199,26.646115200099302,4.309394162497483
region_removal,1,cue:entity_background_separation,perturbed,0.1,500,0.806,0.752,0.748,-0.40000000000000036,-0.07407407407407407,2,4,-2,0.016129032258064516,0.010638297872340425,0.854,0.854,4,2,4,0.03,-0.0002392193761152157,0.9188304954759724,16.240567305676556,0.8759397891759872,26.549138200178277,4.309394162497483
region_removal,1,cue:shadow_reinforcement,perturbed,0.2,500,0.806,0.752,0.75,-0.20000000000000018,-0.037037037037037035,4,5,-1,0.03225806451612903,0.013297872340425532,0.854,0.858,9,5,7,0.05,-0.001693994274664874,0.9188304954759724,15.616408209579726,0.8628081197738647,25.944667800707975,4.309394162497483
region_removal,1,cue:contrast_luminance,perturbed,0.1,500,0.806,0.752,0.75,-0.20000000000000018,-0.037037037037037035,1,2,-1,0.008064516129032258,0.005319148936170213,0.854,0.852,2,1,3,0.014,-0.00031841682798949475,0.9188304954759724,16.559899727578493,0.879402522444725,27.50940620005713,4.309394162497483
region_removal,1,cue:thermal_injection,perturbed,0.1,500,0.806,0.752,0.73,-2.200000000000002,-0.4074074074074074,9,20,-11,0.07258064516129033,0.05319148936170213,0.854,0.836,13,6,22,0.1,-0.01080979587372076,0.9188304954759724,16.975557344137723,0.867367105960846,26.4444506005093,4.309394162497483
region_removal,1,cue:border_strengthening,clean,0.1,500,0.806,0.752,0.756,0.40000000000000036,0.07407407407407407,3,1,2,0.024193548387096774,0.0026595744680851063,0.854,0.858,4,1,2,0.012,0.0007449871248463751,0.9188304954759724,16.54935836236856,0.8798908039331436,0.5833974004199263,4.309394162497483
region_removal,1,cue:depth_boundary_emphasis,clean,0.1,500,0.806,0.752,0.746,-0.6000000000000005,-0.1111111111111111,3,6,-3,0.024193548387096774,0.015957446808510637,0.854,0.85,6,3,8,0.04,-0.004570413115379779,0.9188304954759724,16.53673309737027,0.8782727799415588,1.1199214000371285,4.309394162497483
region_removal,1,cue:entity_background_separation,clean,0.1,500,0.806,0.752,0.752,0.0,0.0,5,5,0,0.04032258064516129,0.013297872340425532,0.854,0.86,8,3,5,0.034,-0.0007523039628576953,0.9188304954759724,16.24583430087039,0.876019502043724,0.9945071994152386,4.309394162497483
region_removal,1,cue:shadow_reinforcement,clean,0.2,500,0.806,0.752,0.75,-0.20000000000000018,-0.037037037037037035,4,5,-1,0.03225806451612903,0.013297872340425532,0.854,0.86,9,5,6,0.046,-0.0032205474928123294,0.9188304954759724,15.62654978230535,0.86291712641716,0.3802515998540912,4.309394162497483
region_removal,1,cue:contrast_luminance,clean,0.1,500,0.806,0.752,0.752,0.0,0.0,1,1,0,0.008064516129032258,0.0026595744680851063,0.854,0.852,1,0,2,0.008,-7.709945900569438e-05,0.9188304954759724,16.55644445019949,0.8793018387556076,1.967500399769051,4.309394162497483
region_removal,1,cue:thermal_injection,clean,0.1,500,0.806,0.752,0.728,-2.400000000000002,-0.4444444444444444,11,23,-12,0.08870967741935484,0.061170212765957445,0.854,0.826,10,3,24,0.102,-0.01474453646987763,0.9188304954759724,16.683329675240163,0.8635559278726578,0.8796848000492901,4.309394162497483
region_removal,1,cue:border_strengthening,mismatched,0.1,500,0.806,0.752,0.756,0.40000000000000036,0.07407407407407407,4,2,2,0.03225806451612903,0.005319148936170213,0.854,0.862,7,3,3,0.024,-0.00037286565616886946,0.9188304954759724,16.54950645838349,0.8774721523523331,0.5832556003006175,4.309394162497483
region_removal,1,cue:depth_boundary_emphasis,mismatched,0.1,500,0.806,0.752,0.758,0.6000000000000005,0.1111111111111111,6,3,3,0.04838709677419355,0.007978723404255319,0.854,0.862,10,5,6,0.042,-0.0024355456932207745,0.9188304954759724,16.535811026209842,0.8719095180034637,1.1138537996448576,4.309394162497483
region_removal,1,cue:entity_background_separation,mismatched,0.1,500,0.806,0.752,0.752,0.0,0.0,4,4,0,0.03225806451612903,0.010638297872340425,0.854,0.856,6,3,5,0.032,-0.003389396404676518,0.9188304954759724,16.2568621747395,0.8731250783205032,1.0075070001475979,4.309394162497483
region_removal,1,cue:shadow_reinforcement,mismatched,0.2,500,0.806,0.752,0.748,-0.40000000000000036,-0.07407407407407407,8,10,-2,0.06451612903225806,0.026595744680851064,0.854,0.86,14,6,11,0.07,-0.0075133385401531996,0.9188304954759724,15.654222960180835,0.8542897787094116,0.38258700037840754,4.309394162497483
region_removal,1,cue:contrast_luminance,mismatched,0.1,500,0.806,0.752,0.752,0.0,0.0,1,1,0,0.008064516129032258,0.0026595744680851063,0.854,0.854,1,0,1,0.006,0.00037585848470189377,0.9188304954759724,16.555968950668895,0.8792104387283325,1.9534354003844783,4.309394162497483
region_removal,1,cue:thermal_injection,mismatched,0.1,500,0.806,0.752,0.754,0.20000000000000018,0.037037037037037035,17,16,1,0.13709677419354838,0.0425531914893617,0.854,0.842,18,6,24,0.116,-0.013644834618316963,0.9188304954759724,16.6513175987742,0.8557732343673706,0.8744599998753984,4.309394162497483
region_removal,1,detector+cue:border_strengthening,perturbed,0.1,500,0.806,0.752,0.754,0.20000000000000018,0.037037037037037035,2,1,1,0.016129032258064516,0.0026595744680851063,0.854,0.856,3,1,2,0.014,0.001675407020607963,0.9188304954759724,16.54926168649713,0.8798509384393692,124.0242852003139,4.309394162497483
region_removal,1,detector+cue:depth_boundary_emphasis,perturbed,0.1,500,0.806,0.752,0.744,-0.8000000000000007,-0.14814814814814814,2,6,-4,0.016129032258064516,0.015957446808510637,0.854,0.85,5,3,7,0.034,-0.005006881434306706,0.9188304954759724,16.53679834491555,0.878078004360199,124.53791000082856,4.309394162497483
region_removal,1,detector+cue:entity_background_separation,perturbed,0.1,500,0.806,0.752,0.748,-0.40000000000000036,-0.07407407407407407,2,4,-2,0.016129032258064516,0.010638297872340425,0.854,0.854,4,2,4,0.03,-0.0002392193761152157,0.9188304954759724,16.240567305676556,0.8759397891759872,124.43215460033389,4.309394162497483
region_removal,1,detector+cue:shadow_reinforcement,perturbed,0.2,500,0.806,0.752,0.75,-0.20000000000000018,-0.037037037037037035,4,5,-1,0.03225806451612903,0.013297872340425532,0.854,0.858,9,5,7,0.05,-0.001693994274664874,0.9188304954759724,15.616408209579726,0.8628081197738647,123.82509240086074,4.309394162497483
region_removal,1,detector+cue:contrast_luminance,perturbed,0.1,500,0.806,0.752,0.75,-0.20000000000000018,-0.037037037037037035,1,2,-1,0.008064516129032258,0.005319148936170213,0.854,0.852,2,1,3,0.014,-0.00031841682798949475,0.9188304954759724,16.559899727578493,0.879402522444725,125.4234688001161,4.309394162497483
region_removal,1,detector+cue:thermal_injection,perturbed,0.1,500,0.806,0.752,0.73,-2.200000000000002,-0.4074074074074074,9,20,-11,0.07258064516129033,0.05319148936170213,0.854,0.836,13,6,22,0.1,-0.01080979587372076,0.9188304954759724,16.975557344137723,0.867367105960846,124.32062800042331,4.309394162497483
region_removal,2,none,unused,,500,0.806,0.63,0.63,0.0,0.0,0,0,0,0.0,0.0,0.7,0.7,0,0,0,0.0,0.0,0.8116096693228776,13.31057618116203,0.7698281748294831,0.0,4.309394162497483
region_removal,2,oracle_classical,unused,,500,0.806,0.63,0.63,0.0,0.0,0,0,0,0.0,0.0,0.7,0.7,0,0,0,0.0,0.0,0.8116096693228776,13.31057618116203,0.7698281748294831,0.07882139956927858,4.309394162497483
region_removal,2,detector_classical,unused,,500,0.806,0.63,0.63,0.0,0.0,0,0,0,0.0,0.0,0.7,0.7,0,0,0,0.0,0.0,0.8116096693228776,13.31057618116203,0.7698281748294831,96.84640580037376,4.309394162497483
region_removal,2,baseline:unsharp,unused,0.1,500,0.806,0.63,0.61,-2.0000000000000018,-0.1136363636363637,3,13,-10,0.016216216216216217,0.04126984126984127,0.7,0.688,6,4,12,0.058,-0.00014668336507747882,0.8116096693228776,13.292268106558131,0.764130919933319,0.5014613999810535,4.309394162497483
region_removal,2,baseline:autocontrast,unused,0.3,500,0.806,0.63,0.624,-0.6000000000000005,-0.03409090909090911,0,3,-3,0.0,0.009523809523809525,0.7,0.694,0,0,3,0.012,0.00031417515432985964,0.8116096693228776,13.284782067764532,0.7689580800533294,1.2131136003008578,4.309394162497483
region_removal,2,baseline:clahe,unused,0.1,500,0.806,0.63,0.616,-1.4000000000000012,-0.0795454545454546,0,7,-7,0.0,0.022222222222222223,0.7,0.696,3,3,5,0.03,-0.00042030509235337375,0.8116096693228776,13.325607442892185,0.7680138562917709,1.4169511998770759,4.306747065625586
region_removal,2,cue:border_strengthening,perturbed,0.1,500,0.806,0.63,0.624,-0.6000000000000005,-0.03409090909090911,1,4,-3,0.005405405405405406,0.012698412698412698,0.7,0.696,2,1,4,0.022,-0.0006292070639028679,0.8116096693228776,13.308842275838495,0.7689668687582016,26.281487400003243,4.306747065625586
region_removal,2,cue:depth_boundary_emphasis,perturbed,0.1,500,0.806,0.63,0.626,-0.40000000000000036,-0.022727272727272742,2,4,-2,0.010810810810810811,0.012698412698412698,0.7,0.7,3,1,3,0.022,-0.0013101389550283784,0.8116096693228776,13.304116828489223,0.7672862529754638,26.78328899954795,4.306747065625586
region_removal,2,cue:entity_background_separation,perturbed,0.1,500,0.806,0.63,0.616,-1.4000000000000012,-0.0795454545454546,0,7,-7,0.0,0.022222222222222223,0.7,0.694,2,2,5,0.04,-0.004840266533850808,0.8116096693228776,13.184092170379092,0.7655679819583893,26.678716799768154,4.306747065625586
region_removal,2,cue:shadow_reinforcement,perturbed,0.2,500,0.806,0.63,0.618,-1.200000000000001,-0.06818181818181822,3,9,-6,0.016216216216216217,0.02857142857142857,0.7,0.698,7,4,8,0.07,-0.00613785569218453,0.8116096693228776,12.898012957571877,0.753962532043457,26.073000800039154,4.306747065625586
region_removal,2,cue:contrast_luminance,perturbed,0.1,500,0.806,0.63,0.62,-1.0000000000000009,-0.05681818181818185,0,5,-5,0.0,0.015873015873015872,0.7,0.694,1,1,4,0.024,-0.0010509149645731668,0.8116096693228776,13.327494670602416,0.7693019450902939,27.621601399907377,4.306747065625586
region_removal,2,cue:thermal_injection,perturbed,0.1,500,0.806,0.63,0.626,-0.40000000000000036,-0.022727272727272742,14,16,-2,0.07567567567567568,0.050793650793650794,0.7,0.706,20,8,17,0.14,-0.015430809795419918,0.8116096693228776,14.100264550733996,0.7708199701309204,26.578349200077355,4.306747065625586
region_removal,2,cue:border_strengthening,clean,0.1,500,0.806,0.63,0.626,-0.40000000000000036,-0.022727272727272742,1,3,-2,0.005405405405405406,0.009523809523809525,0.7,0.696,1,0,3,0.018,-0.0009900762665783986,0.8116096693228776,13.308934619850094,0.7690739091634751,0.5776024001825135,4.306747065625586
region_removal,2,cue:depth_boundary_emphasis,clean,0.1,500,0.806,0.63,0.622,-0.8000000000000007,-0.045454545454545484,1,5,-4,0.005405405405405406,0.015873015873015872,0.7,0.696,2,1,4,0.028,-0.003481797339947661,0.8116096693228776,13.30420491753067,0.7676792386770248,1.0938728003238793,4.306747065625586
region_removal,2,cue:entity_background_separation,clean,0.1,500,0.806,0.63,0.62,-1.0000000000000009,-0.05681818181818185,1,6,-5,0.005405405405405406,0.01904761904761905,0.7,0.694,2,1,5,0.042,-0.00476498119905591,0.8116096693228776,13.186784912576545,0.7657088856697083,0.9898689999245107,4.306747065625586
region_removal,2,cue:shadow_reinforcement,clean,0.2,500,0.806,0.63,0.616,-1.4000000000000012,-0.0795454545454546,2,9,-7,0.010810810810810811,0.02857142857142857,0.7,0.692,4,2,8,0.064,-0.007381799268201575,0.8116096693228776,12.904810899493848,0.7542100579738616,0.3800821998738684,4.306747065625586
region_removal,2,cue:contrast_luminance,clean,0.1,500,0.806,0.63,0.616,-1.4000000000000012,-0.0795454545454546,0,7,-7,0.0,0.022222222222222223,0.7,0.692,2,2,6,0.03,-0.001076928946233238,0.8116096693228776,13.323361310709657,0.7690526216030121,1.9696866000303999,4.306747065625586
region_removal,2,cue:thermal_injection,clean,0.1,500,0.806,0.63,0.626,-0.40000000000000036,-0.022727272727272742,17,19,-2,0.0918918918918919,0.06031746031746032,0.7,0.698,19,5,20,0.156,-0.010679726147049222,0.8116096693228776,13.716323842035335,0.7618542358279228,0.8790122002828866,4.306747065625586
region_removal,2,cue:border_strengthening,mismatched,0.1,500,0.806,0.63,0.63,0.0,0.0,5,5,0,0.02702702702702703,0.015873015873015872,0.7,0.706,8,3,5,0.042,-0.004748640365316532,0.8116096693228776,13.309039744965975,0.7669790996313095,0.5738780002575368,4.306747065625586
region_removal,2,cue:depth_boundary_emphasis,mismatched,0.1,500,0.806,0.63,0.624,-0.6000000000000005,-0.03409090909090911,6,9,-3,0.032432432432432434,0.02857142857142857,0.7,0.692,6,2,10,0.07,-0.00506162899134506,0.8116096693228776,13.303852067358678,0.7620483090877533,1.0909899998805486,4.306747065625586
region_removal,2,cue:entity_background_separation,mismatched,0.1,500,0.806,0.63,0.614,-1.6000000000000014,-0.09090909090909097,2,10,-8,0.010810810810810811,0.031746031746031744,0.7,0.694,6,4,9,0.052,-0.0099193372690861,0.8116096693228776,13.190317401217722,0.7631092064380646,1.0017043998814188,4.306747065625586
region_removal,2,cue:shadow_reinforcement,mismatched,0.2,500,0.806,0.63,0.616,-1.4000000000000012,-0.0795454545454546,4,11,-7,0.021621621621621623,0.03492063492063492,0.7,0.694,8,4,11,0.066,-0.016111443363901343,0.8116096693228776,12.912664849102182,0.7464612764120102,0.38627720024669543,4.306747065625586
region_removal,2,cue:contrast_luminance,mismatched,0.1,500,0.806,0.63,0.624,-0.6000000000000005,-0.03409090909090911,1,4,-3,0.005405405405405406,0.012698412698412698,0.7,0.694,1,0,4,0.016,-0.0007550997483485845,0.8116096693228776,13.32353471365861,0.7690032618045807,1.9590012001863215,4.306747065625586
region_removal,2,cue:thermal_injection,mismatched,0.1,500,0.806,0.63,0.604,-2.6000000000000023,-0.14772727272727282,17,30,-13,0.0918918918918919,0.09523809523809523,0.7,0.67,22,7,37,0.188,-0.031063215905094695,0.8116096693228776,13.716805169571362,0.7557469298243522,0.8693231999059208,4.306747065625586
region_removal,2,detector+cue:border_strengthening,perturbed,0.1,500,0.806,0.63,0.624,-0.6000000000000005,-0.03409090909090911,1,4,-3,0.005405405405405406,0.012698412698412698,0.7,0.696,2,1,4,0.022,-0.0006292070639028679,0.8116096693228776,13.308842275838495,0.7689668687582016,123.12943620042643,4.306747065625586
region_removal,2,detector+cue:depth_boundary_emphasis,perturbed,0.1,500,0.806,0.63,0.626,-0.40000000000000036,-0.022727272727272742,2,4,-2,0.010810810810810811,0.012698412698412698,0.7,0.7,3,1,3,0.022,-0.0013101389550283784,0.8116096693228776,13.304116828489223,0.7672862529754638,123.65141300103278,4.306747065625586
region_removal,2,detector+cue:entity_background_separation,perturbed,0.1,500,0.806,0.63,0.616,-1.4000000000000012,-0.0795454545454546,0,7,-7,0.0,0.022222222222222223,0.7,0.694,2,2,5,0.04,-0.004840266533850808,0.8116096693228776,13.184092170379092,0.7655679819583893,123.56647280047764,4.306747065625586
region_removal,2,detector+cue:shadow_reinforcement,perturbed,0.2,500,0.806,0.63,0.618,-1.200000000000001,-0.06818181818181822,3,9,-6,0.016216216216216217,0.02857142857142857,0.7,0.698,7,4,8,0.07,-0.00613785569218453,0.8116096693228776,12.898012957571877,0.753962532043457,122.942535000504,4.306747065625586
region_removal,2,detector+cue:contrast_luminance,perturbed,0.1,500,0.806,0.63,0.62,-1.0000000000000009,-0.05681818181818185,0,5,-5,0.0,0.015873015873015872,0.7,0.694,1,1,4,0.024,-0.0010509149645731668,0.8116096693228776,13.327494670602416,0.7693019450902939,124.52231920068152,4.306747065625586
region_removal,2,detector+cue:thermal_injection,perturbed,0.1,500,0.806,0.63,0.626,-0.40000000000000036,-0.022727272727272742,14,16,-2,0.07567567567567568,0.050793650793650794,0.7,0.706,20,8,17,0.14,-0.015430809795419918,0.8116096693228776,14.100264550733996,0.7708199701309204,123.44115359979332,4.306747065625586
region_removal,3,none,unused,,500,0.806,0.47,0.47,0.0,0.0,0,0,0,0.0,0.0,0.508,0.508,0,0,0,0.0,0.0,0.6304280751499511,10.627727914736944,0.6061803942918778,0.0,4.306747065625586
region_removal,3,oracle_classical,unused,,500,0.806,0.47,0.47,0.0,0.0,0,0,0,0.0,0.0,0.508,0.508,0,0,0,0.0,0.0,0.6304280751499511,10.627727914736944,0.6061803942918778,0.0799526002665516,4.306747065625586
region_removal,3,detector_classical,unused,,500,0.806,0.47,0.47,0.0,0.0,0,0,0,0.0,0.0,0.508,0.508,0,0,0,0.0,0.0,0.6304280751499511,10.627727914736944,0.6061803942918778,97.27547880011844,4.306747065625586
region_removal,3,baseline:unsharp,unused,0.1,500,0.806,0.47,0.468,-0.19999999999999463,-0.005952380952380791,4,5,-1,0.01509433962264151,0.02127659574468085,0.508,0.506,5,1,6,0.08,0.0008223806342284661,0.6304280751499511,10.61991591398929,0.6016494145393372,0.5064472000522073,4.306747065625586
region_removal,3,baseline:autocontrast,unused,0.3,500,0.806,0.47,0.466,-0.3999999999999948,-0.011904761904761748,1,3,-2,0.0037735849056603774,0.01276595744680851,0.508,0.506,2,1,3,0.03,-2.9081227257847786e-05,0.6304280751499511,10.610473419017941,0.6050366169214249,1.183060399867827,4.306747065625586
region_removal,3,baseline:clahe,unused,0.1,500,0.806,0.47,0.466,-0.3999999999999948,-0.011904761904761748,4,6,-2,0.01509433962264151,0.02553191489361702,0.508,0.506,5,1,6,0.058,0.0007327449047443224,0.6304280751499511,10.648570203823924,0.6058880919218064,1.3756158000905998,4.306747065625586
region_removal,3,cue:border_strengthening,perturbed,0.1,500,0.806,0.47,0.47,0.0,0.0,3,3,0,0.011320754716981131,0.01276595744680851,0.508,0.51,4,1,3,0.044,0.0010077351014479063,0.6304280751499511,10.626900934950752,0.6054072802066803,26.279367999668466,4.306747065625586
region_removal,3,cue:depth_boundary_emphasis,perturbed,0.1,500,0.806,0.47,0.468,-0.19999999999999463,-0.005952380952380791,4,5,-1,0.01509433962264151,0.02127659574468085,0.508,0.508,5,1,5,0.06,-0.0034588202783997985,0.6304280751499511,10.62478201631385,0.603896341085434,26.89953219977906,4.295865518750816
region_removal,3,cue:entity_background_separation,perturbed,0.1,500,0.806,0.47,0.472,0.20000000000000018,0.005952380952380956,6,5,1,0.022641509433962263,0.02127659574468085,0.508,0.51,6,0,5,0.074,-0.00048167172670946455,0.6304280751499511,10.571866112370651,0.6027284971475602,26.686944799876073,4.295865518750816
region_removal,3,cue:shadow_reinforcement,perturbed,0.2,500,0.806,0.47,0.466,-0.3999999999999948,-0.011904761904761748,6,8,-2,0.022641509433962263,0.03404255319148936,0.508,0.504,6,1,8,0.134,-0.002934030756849097,0.6304280751499511,10.438448061090744,0.5934050205945969,26.1168165995623,4.295865518750816
region_removal,3,cue:contrast_luminance,perturbed,0.1,500,0.806,0.47,0.468,-0.19999999999999463,-0.005952380952380791,2,3,-1,0.007547169811320755,0.01276595744680851,0.508,0.508,3,1,3,0.044,0.0012129587935487507,0.6304280751499511,10.648440077434302,0.6068816516399383,27.77822479972383,4.295865518750816
region_removal,3,cue:thermal_injection,perturbed,0.1,500,0.806,0.47,0.456,-1.3999999999999957,-0.041666666666666526,16,23,-7,0.06037735849056604,0.09787234042553192,0.508,0.502,24,9,27,0.276,-0.01403049669713073,0.6304280751499511,11.588174319197211,0.6305892341732979,26.616971599432873,4.295865518750816
region_removal,3,cue:border_strengthening,clean,0.1,500,0.806,0.47,0.476,0.6000000000000005,0.01785714285714287,5,2,3,0.018867924528301886,0.00851063829787234,0.508,0.514,5,0,2,0.038,0.0023239667383604685,0.6304280751499511,10.627029051671915,0.6055812087059022,0.6433455995866098,4.295865518750816
region_removal,3,cue:depth_boundary_emphasis,clean,0.1,500,0.806,0.47,0.466,-0.3999999999999948,-0.011904761904761748,2,4,-2,0.007547169811320755,0.01702127659574468,0.508,0.5,2,0,6,0.058,-0.0037929156380923815,0.6304280751499511,10.62506141614919,0.6044889913797379,1.1935921999101993,4.295865518750816
region_removal,3,cue:entity_background_separation,clean,0.1,500,0.806,0.47,0.466,-0.3999999999999948,-0.011904761904761748,4,6,-2,0.01509433962264151,0.02553191489361702,0.508,0.504,4,0,6,0.082,-9.373021323699504e-05,0.6304280751499511,10.574311962453201,0.6029819046258926,1.095185600046534,4.295865518750816
region_removal,3,cue:shadow_reinforcement,clean,0.2,500,0.806,0.47,0.466,-0.3999999999999948,-0.011904761904761748,6,8,-2,0.022641509433962263,0.03404255319148936,0.508,0.502,5,0,8,0.124,-0.0004905526733782608,0.6304280751499511,10.445382015843158,0.5938627375364304,0.3857863999728579,4.295865518750816
region_removal,3,cue:contrast_luminance,clean,0.1,500,0.806,0.47,0.466,-0.3999999999999948,-0.011904761904761748,2,4,-2,0.007547169811320755,0.01702127659574468,0.508,0.506,3,1,4,0.042,0.0009934247626297292,0.6304280751499511,10.643464702979207,0.6064016475677491,1.9894105997809675,4.295865518750816
region_removal,3,cue:thermal_injection,clean,0.1,500,0.806,0.47,0.452,-1.799999999999996,-0.053571428571428444,22,31,-9,0.0830188679245283,0.13191489361702127,0.508,0.484,24,4,36,0.332,-0.01300407425533922,0.6304280751499511,11.107518181255344,0.6119987234473229,0.8625615995842963,4.295865518750816
region_removal,3,cue:border_strengthening,mismatched,0.1,500,0.806,0.47,0.47,0.0,0.0,4,4,0,0.01509433962264151,0.01702127659574468,0.508,0.506,3,0,4,0.048,-0.0029183285849285314,0.6304280751499511,10.627090141835486,0.603840718626976,0.57612700026948,4.295865518750816
region_removal,3,cue:depth_boundary_emphasis,mismatched,0.1,500,0.806,0.47,0.456,-1.3999999999999957,-0.041666666666666526,5,12,-7,0.018867924528301886,0.05106382978723404,0.508,0.494,5,1,12,0.094,-0.007505999697430525,0.6304280751499511,10.624963648582208,0.5998931671380997,1.097685399785405,4.295865518750816
region_removal,3,cue:entity_background_separation,mismatched,0.1,500,0.806,0.47,0.466,-0.3999999999999948,-0.011904761904761748,3,5,-2,0.011320754716981131,0.02127659574468085,0.508,0.504,3,0,5,0.082,-0.004453447831438097,0.6304280751499511,10.575876089662083,0.6008189219236374,0.9977378005278297,4.295865518750816
region_removal,3,cue:shadow_reinforcement,mismatched,0.2,500,0.806,0.47,0.46,-0.9999999999999953,-0.029761904761904618,6,11,-5,0.022641509433962263,0.04680851063829787,0.508,0.496,7,1,13,0.142,-0.010944028216370498,0.6304280751499511,10.450053083831541,0.5875048001408577,0.3857462000742089,4.295865518750816
region_removal,3,cue:contrast_luminance,mismatched,0.1,500,0.806,0.47,0.464,-0.599999999999995,-0.017857142857142703,1,4,-3,0.0037735849056603774,0.01702127659574468,0.508,0.504,2,1,4,0.04,0.0010371774435261613,0.6304280751499511,10.643648610080097,0.6063601901531219,1.9799460001522675,4.295865518750816
region_removal,3,cue:thermal_injection,mismatched,0.1,500,0.806,0.47,0.422,-4.799999999999999,-0.1428571428571428,7,31,-24,0.026415094339622643,0.13191489361702127,0.508,0.464,10,3,32,0.306,-0.043917437158892424,0.6304280751499511,11.113851949488813,0.60751640188694,0.8839967999956571,4.295865518750816
region_removal,3,detector+cue:border_strengthening,perturbed,0.1,500,0.806,0.47,0.47,0.0,0.0,3,3,0,0.011320754716981131,0.01276595744680851,0.508,0.51,4,1,3,0.044,0.0010077351014479063,0.6304280751499511,10.626900934950752,0.6054072802066803,123.56101499972283,4.295865518750816
region_removal,3,detector+cue:depth_boundary_emphasis,perturbed,0.1,500,0.806,0.47,0.468,-0.19999999999999463,-0.005952380952380791,4,5,-1,0.01509433962264151,0.02127659574468085,0.508,0.508,5,1,5,0.06,-0.0034588202783997985,0.6304280751499511,10.62478201631385,0.603896341085434,124.07250160054537,4.295865518750816
region_removal,3,detector+cue:entity_background_separation,perturbed,0.1,500,0.806,0.47,0.472,0.20000000000000018,0.005952380952380956,6,5,1,0.022641509433962263,0.02127659574468085,0.508,0.51,6,0,5,0.074,-0.00048167172670946455,0.6304280751499511,10.571866112370651,0.6027284971475602,123.97224560010363,4.295865518750816
region_removal,3,detector+cue:shadow_reinforcement,perturbed,0.2,500,0.806,0.47,0.466,-0.3999999999999948,-0.011904761904761748,6,8,-2,0.022641509433962263,0.03404255319148936,0.508,0.504,6,1,8,0.134,-0.002934030756849097,0.6304280751499511,10.438448061090744,0.5934050205945969,123.34549319942016,4.295865518750816
region_removal,3,detector+cue:contrast_luminance,perturbed,0.1,500,0.806,0.47,0.468,-0.19999999999999463,-0.005952380952380791,2,3,-1,0.007547169811320755,0.01276595744680851,0.508,0.508,3,1,3,0.044,0.0012129587935487507,0.6304280751499511,10.648440077434302,0.6068816516399383,124.90332720000879,4.295865518750816
region_removal,3,detector+cue:thermal_injection,perturbed,0.1,500,0.806,0.47,0.456,-1.3999999999999957,-0.041666666666666526,16,23,-7,0.06037735849056604,0.09787234042553192,0.508,0.502,24,9,27,0.276,-0.01403049669713073,0.6304280751499511,11.588174319197211,0.6305892341732979,123.83947679956327,4.295865518750816
inversion,1,none,unused,,500,0.806,0.768,0.768,0.0,0.0,0,0,0,0.0,0.0,0.886,0.886,0,0,0,0.0,0.0,0.9182697926239967,8.246105240340013,-0.08622183245676569,0.0,4.295865518750816
inversion,1,oracle_classical,unused,,500,0.806,0.768,0.806,3.8000000000000034,1.0,30,11,19,0.25862068965517243,0.028645833333333332,0.886,0.986,55,27,5,0.124,0.052276894561541665,0.9182697926239967,49.30964761834457,0.9838798813819886,1.1754489998274948,4.295865518750816
inversion,1,detector_classical,unused,,500,0.806,0.768,0.78,1.200000000000001,0.3157894736842105,16,10,6,0.13793103448275862,0.026041666666666668,0.886,0.956,39,24,4,0.088,0.029321054739298233,0.9182697926239967,40.71971405426847,0.7066030415146379,100.40000919962768,4.295865518750816
inversion,1,baseline:unsharp,unused,0.1,500,0.806,0.768,0.776,0.8000000000000007,0.21052631578947367,10,6,4,0.08620689655172414,0.015625,0.886,0.894,12,6,8,0.052,0.0016429587913993373,0.9182697926239967,8.193072055860535,-0.11902140593086369,0.4989272007078398,4.295865518750816
inversion,1,baseline:autocontrast,unused,0.3,500,0.806,0.768,0.762,-0.6000000000000005,-0.15789473684210525,6,9,-3,0.05172413793103448,0.0234375,0.886,0.894,13,7,9,0.048,0.007687230714985389,0.9182697926239967,7.11775159006544,-0.20806280454481021,1.3213240000186488,4.295865518750816
inversion,1,baseline:clahe,unused,0.1,500,0.806,0.768,0.768,0.0,0.0,5,5,0,0.04310344827586207,0.013020833333333334,0.886,0.9,12,7,5,0.036,0.0010011323440968453,0.9182697926239967,8.133411009025322,-0.11739313470723572,1.3777436003147159,4.295865518750816
inversion,1,cue:border_strengthening,perturbed,0.1,500,0.806,0.768,0.762,-0.6000000000000005,-0.15789473684210525,8,11,-3,0.06896551724137931,0.028645833333333332,0.886,0.892,14,8,11,0.056,0.0006814823147585685,0.9182697926239967,8.231793164901852,-0.08736834449670278,26.53782939974917,4.295865518750816
inversion,1,cue:depth_boundary_emphasis,perturbed,0.1,500,0.806,0.768,0.734,-3.400000000000003,-0.8947368421052632,2,19,-17,0.017241379310344827,0.049479166666666664,0.886,0.848,5,5,24,0.076,-0.02458993949102569,0.9182697926239967,8.280457503057875,-0.08186598413053435,27.05258780004806,4.295865518750816
inversion,1,cue:entity_background_separation,perturbed,0.1,500,0.806,0.768,0.774,0.6000000000000005,0.15789473684210525,8,5,3,0.06896551724137931,0.013020833333333334,0.886,0.884,9,5,10,0.05,-0.003113134123669511,0.9182697926239967,8.487825815106985,-0.07224332033097744,26.96671919961227,4.295865518750816
inversion,1,cue:shadow_reinforcement,perturbed,0.2,500,0.806,0.768,0.766,-0.20000000000000018,-0.05263157894736842,10,11,-1,0.08620689655172414,0.028645833333333332,0.886,0.862,9,5,21,0.078,-0.009756481115078031,0.9182697926239967,8.57776006270034,-0.06231029072543606,26.361014799942495,4.295107487503628
inversion,1,cue:contrast_luminance,perturbed,0.1,500,0.806,0.768,0.768,0.0,0.0,5,5,0,0.04310344827586207,0.013020833333333334,0.886,0.896,10,5,5,0.032,0.0030411942769409278,0.9182697926239967,8.163920534330174,-0.10913523345673456,27.860712599765975,4.295107487503628
inversion,1,cue:thermal_injection,perturbed,0.1,500,0.806,0.768,0.724,-4.400000000000004,-1.1578947368421053,16,38,-22,0.13793103448275862,0.09895833333333333,0.886,0.798,11,5,55,0.172,-0.044681234915967254,0.9182697926239967,8.476458604179722,-0.05989921791967936,26.782803399546538,4.295107487503628
inversion,1,cue:border_strengthening,clean,0.1,500,0.806,0.768,0.756,-1.200000000000001,-0.3157894736842105,3,9,-6,0.02586206896551724,0.0234375,0.886,0.88,7,4,10,0.044,0.0016845737049864056,0.9182697926239967,8.232718227023637,-0.08686629894952057,0.5690191997855436,4.295107487503628
inversion,1,cue:depth_boundary_emphasis,clean,0.1,500,0.806,0.768,0.742,-2.6000000000000023,-0.6842105263157895,5,18,-13,0.04310344827586207,0.046875,0.886,0.848,5,2,24,0.078,-0.022226908378660936,0.9182697926239967,8.280187270247014,-0.08231145847938023,1.0968814001244027,4.295107487503628
inversion,1,cue:entity_background_separation,clean,0.1,500,0.806,0.768,0.77,0.20000000000000018,0.05263157894736842,6,5,1,0.05172413793103448,0.013020833333333334,0.886,0.888,9,4,8,0.048,-0.0014680063362797,0.9182697926239967,8.48344712172815,-0.07181514244049322,0.9886205998773221,4.295107487503628
inversion,1,cue:shadow_reinforcement,clean,0.2,500,0.806,0.768,0.762,-0.6000000000000005,-0.15789473684210525,10,13,-3,0.08620689655172414,0.033854166666666664,0.886,0.866,11,7,21,0.082,-0.007648003056191442,0.9182697926239967,8.56005689932417,-0.06205501576428651,0.3744621998630464,4.295107487503628
inversion,1,cue:contrast_luminance,clean,0.1,500,0.806,0.768,0.764,-0.40000000000000036,-0.10526315789473684,6,8,-2,0.05172413793103448,0.020833333333333332,0.886,0.892,10,4,7,0.036,0.002535134962261168,0.9182697926239967,8.163847408692789,-0.10915435383841396,1.9369717999652494,4.295107487503628
inversion,1,cue:thermal_injection,clean,0.1,500,0.806,0.768,0.714,-5.400000000000005,-1.4210526315789473,12,39,-27,0.10344827586206896,0.1015625,0.886,0.802,10,4,52,0.16,-0.04972397985162479,0.9182697926239967,8.464490812349295,-0.05961283781658858,0.8793382004660089,4.295107487503628
inversion,1,cue:border_strengthening,mismatched,0.1,500,0.806,0.768,0.756,-1.200000000000001,-0.3157894736842105,8,14,-6,0.06896551724137931,0.036458333333333336,0.886,0.864,9,4,20,0.074,-0.013636259051004344,0.9182697926239967,8.232105375605155,-0.08805551412030764,0.5846949999104254,4.295107487503628
inversion,1,cue:depth_boundary_emphasis,mismatched,0.1,500,0.806,0.768,0.748,-2.0000000000000018,-0.5263157894736842,9,19,-10,0.07758620689655173,0.049479166666666664,0.886,0.846,9,2,29,0.092,-0.028470701224275217,0.9182697926239967,8.276883497874264,-0.08654063047326781,1.1154030001198407,4.295107487503628
inversion,1,cue:entity_background_separation,mismatched,0.1,500,0.806,0.768,0.754,-1.4000000000000012,-0.3684210526315789,4,11,-7,0.034482758620689655,0.028645833333333332,0.886,0.878,8,4,12,0.058,-0.016690794381714114,0.9182697926239967,8.502961622129705,-0.071488920974778,0.9970029998221435,4.295107487503628
inversion,1,cue:shadow_reinforcement,mismatched,0.2,500,0.806,0.768,0.73,-3.8000000000000034,-1.0,7,26,-19,0.0603448275862069,0.06770833333333333,0.886,0.854,15,9,31,0.112,-0.037366204252256466,0.9182697926239967,8.615410589164181,-0.061877662842394786,0.3832277998444624,4.295107487503628
inversion,1,cue:contrast_luminance,mismatched,0.1,500,0.806,0.768,0.77,0.20000000000000018,0.05263157894736842,5,4,1,0.04310344827586207,0.010416666666666666,0.886,0.9,9,4,2,0.03,0.0015411334782105541,0.9182697926239967,8.165563716279237,-0.1088211495396099,1.9247436000150628,4.295107487503628
inversion,1,cue:thermal_injection,mismatched,0.1,500,0.806,0.768,0.7,-6.800000000000006,-1.7894736842105263,12,46,-34,0.10344827586206896,0.11979166666666667,0.886,0.784,10,3,61,0.178,-0.08157177828308795,0.9182697926239967,8.502387528296323,-0.06221412116191641,0.8895752005337272,4.295107487503628
inversion,1,detector+cue:border_strengthening,perturbed,0.1,500,0.806,0.768,0.784,1.6000000000000014,0.42105263157894735,20,12,8,0.1724137931034483,0.03125,0.886,0.964,45,27,6,0.106,0.03116360627377526,0.9182697926239967,27.832619033192277,0.7058129855117294,126.92833059953409,4.295107487503628
inversion,1,detector+cue:depth_boundary_emphasis,perturbed,0.1,500,0.806,0.768,0.766,-0.20000000000000018,-0.05263157894736842,14,15,-1,0.1206896551724138,0.0390625,0.886,0.93,35,23,13,0.114,0.01997223358436986,0.9182697926239967,26.771553074378602,0.7066359279938043,127.45505259936908,4.295107487503628
inversion,1,detector+cue:entity_background_separation,perturbed,0.1,500,0.806,0.768,0.788,2.0000000000000018,0.5263157894736842,20,10,10,0.1724137931034483,0.026041666666666668,0.886,0.958,43,25,7,0.1,0.0289081797906465,0.9182697926239967,23.209336071544595,0.7068623637249694,127.34299379904405,4.295107487503628
inversion,1,detector+cue:shadow_reinforcement,perturbed,0.2,500,0.806,0.768,0.786,1.8000000000000016,0.47368421052631576,19,10,9,0.16379310344827586,0.026041666666666668,0.886,0.95,41,24,9,0.108,0.027317996875534847,0.9182697926239967,19.71125729785503,0.6998093719948083,126.72109419980552,4.295107487503628
inversion,1,detector+cue:contrast_luminance,perturbed,0.1,500,0.806,0.768,0.782,1.4000000000000012,0.3684210526315789,20,13,7,0.1724137931034483,0.033854166666666664,0.886,0.956,43,25,8,0.104,0.03193530326585369,0.9182697926239967,26.560082720930936,0.6996795211415738,128.28940060018795,4.295107487503628
inversion,1,detector+cue:thermal_injection,perturbed,0.1,500,0.806,0.768,0.764,-0.40000000000000036,-0.10526315789473684,16,18,-2,0.13793103448275862,0.046875,0.886,0.91,32,21,20,0.128,0.016155820623986985,0.9182697926239967,21.28311849763452,0.6976363851856441,127.21317819942487,4.295107487503628
inversion,2,none,unused,,500,0.806,0.77,0.77,0.0,0.0,0,0,0,0.0,0.0,0.906,0.906,0,0,0,0.0,0.0,0.9232848637959922,6.559687281271254,-0.24437702831625938,0.0,4.295107487503628
inversion,2,oracle_classical,unused,,500,0.806,0.77,0.804,3.400000000000003,0.9444444444444444,24,7,17,0.20869565217391303,0.01818181818181818,0.906,0.984,44,22,5,0.104,0.04062433579304047,0.9232848637959922,49.7430202127193,0.9838799158334732,1.185827800189145,4.295107487503628
inversion,2,detector_classical,unused,,500,0.806,0.77,0.786,1.6000000000000014,0.4444444444444444,15,7,8,0.13043478260869565,0.01818181818181818,0.906,0.964,33,19,4,0.074,0.02674441397669284,0.9232848637959922,42.28460969129513,0.7762980787791312,99.2775718002813,4.295107487503628
inversion,2,baseline:unsharp,unused,0.1,500,0.806,0.77,0.77,0.0,0.0,5,5,0,0.043478260869565216,0.012987012987012988,0.906,0.896,6,4,11,0.04,0.0019994196704267325,0.9232848637959922,6.4828929086918,-0.26926074307924136,0.49331699972390197,4.295107487503628
inversion,2,baseline:autocontrast,unused,0.3,500,0.806,0.77,0.768,-0.20000000000000018,-0.05555555555555555,3,4,-1,0.02608695652173913,0.01038961038961039,0.906,0.9,4,4,7,0.028,0.004162003823938676,0.9232848637959922,6.043326694922755,-0.2788326359484345,1.29506100009894,4.295107487503628
inversion,2,baseline:clahe,unused,0.1,500,0.806,0.77,0.772,0.20000000000000018,0.05555555555555555,4,3,1,0.034782608695652174,0.007792207792207792,0.906,0.906,6,4,6,0.028,-0.00029320380673448197,0.9232848637959922,6.508666898045027,-0.2633943641351798,1.3593496002140455,4.295107487503628
inversion,2,cue:border_strengthening,perturbed,0.1,500,0.806,0.77,0.768,-0.20000000000000018,-0.05555555555555555,5,6,-1,0.043478260869565216,0.015584415584415584,0.906,0.898,5,3,9,0.034,-0.00024112470536533692,0.9232848637959922,6.543825418386806,-0.24484297130757476,26.86202679941198,4.295107487503628
inversion,2,cue:depth_boundary_emphasis,perturbed,0.1,500,0.806,0.77,0.766,-0.40000000000000036,-0.1111111111111111,4,6,-2,0.034782608695652174,0.015584415584415584,0.906,0.89,6,4,14,0.048,-0.011691414201896124,0.9232848637959922,6.598927283800905,-0.24077267281431705,27.354186799406307,4.295107487503628
inversion,2,cue:entity_background_separation,perturbed,0.1,500,0.806,0.77,0.762,-0.8000000000000007,-0.2222222222222222,2,6,-4,0.017391304347826087,0.015584415584415584,0.906,0.892,4,4,11,0.036,-0.0017665903734225593,0.9232848637959922,6.872962272824232,-0.23184838120895437,27.277657799451845,4.295107487503628
inversion,2,cue:shadow_reinforcement,perturbed,0.2,500,0.806,0.77,0.776,0.6000000000000005,0.16666666666666666,9,6,3,0.0782608695652174,0.015584415584415584,0.906,0.882,6,1,18,0.056,-0.003143901297699813,0.9232848637959922,7.036448250924303,-0.22046553001436406,26.662369399593445,4.295107487503628
inversion,2,cue:contrast_luminance,perturbed,0.1,500,0.806,0.77,0.772,0.20000000000000018,0.05555555555555555,5,4,1,0.043478260869565216,0.01038961038961039,0.906,0.908,6,3,5,0.026,-0.00011777501302799465,0.9232848637959922,6.522036873632133,-0.25826800320320764,28.241545999539085,4.295107487503628
inversion,2,cue:thermal_injection,perturbed,0.1,500,0.806,0.77,0.756,-1.4000000000000012,-0.3888888888888889,12,19,-7,0.10434782608695652,0.04935064935064935,0.906,0.852,8,3,35,0.112,-0.022439184064725167,0.9232848637959922,6.914728222665822,-0.22096367567102423,27.144663399260025,4.304205903131788
inversion,2,cue:border_strengthening,clean,0.1,500,0.806,0.77,0.76,-1.0000000000000009,-0.2777777777777778,4,9,-5,0.034782608695652174,0.023376623376623377,0.906,0.892,4,3,11,0.034,-0.000683320407620613,0.9232848637959922,6.544758992992442,-0.24457516192737966,0.5766567998507526,4.304205903131788
inversion,2,cue:depth_boundary_emphasis,clean,0.1,500,0.806,0.77,0.76,-1.0000000000000009,-0.2777777777777778,3,8,-5,0.02608695652173913,0.02077922077922078,0.906,0.886,5,4,15,0.052,-0.011458927481283581,0.9232848637959922,6.598854826500555,-0.24100126587576232,1.0972247996833175,4.304205903131788
inversion,2,cue:entity_background_separation,clean,0.1,500,0.806,0.77,0.764,-0.6000000000000005,-0.16666666666666666,5,8,-3,0.043478260869565216,0.02077922077922078,0.906,0.888,5,4,14,0.04,-0.00241866154985928,0.9232848637959922,6.867786811671123,-0.23158728662331124,0.9955273999366909,4.304205903131788
inversion,2,cue:shadow_reinforcement,clean,0.2,500,0.806,0.77,0.772,0.20000000000000018,0.05555555555555555,10,9,1,0.08695652173913043,0.023376623376623377,0.906,0.882,8,3,20,0.066,-0.004460909297095214,0.9232848637959922,7.015703401151268,-0.22035612853243947,0.37289480009349063,4.304205903131788
inversion,2,cue:contrast_luminance,clean,0.1,500,0.806,0.77,0.772,0.20000000000000018,0.05555555555555555,4,3,1,0.034782608695652174,0.007792207792207792,0.906,0.91,6,3,4,0.024,0.0005136225540175019,0.9232848637959922,6.5220835903745735,-0.2583251165949041,1.9281634002109058,4.304205903131788
inversion,2,cue:thermal_injection,clean,0.1,500,0.806,0.77,0.758,-1.200000000000001,-0.3333333333333333,12,18,-6,0.10434782608695652,0.046753246753246755,0.906,0.854,7,2,33,0.106,-0.026994426754517235,0.9232848637959922,6.901834739045505,-0.22068425919860601,0.8647486002300866,4.304205903131788
inversion,2,cue:border_strengthening,mismatched,0.1,500,0.806,0.77,0.778,0.8000000000000007,0.2222222222222222,8,4,4,0.06956521739130435,0.01038961038961039,0.906,0.904,9,3,10,0.044,-0.0049824756565315055,0.9232848637959922,6.543467848380109,-0.24540633455943317,0.5723170001292601,4.304205903131788
inversion,2,cue:depth_boundary_emphasis,mismatched,0.1,500,0.806,0.77,0.776,0.6000000000000005,0.16666666666666666,10,7,3,0.08695652173913043,0.01818181818181818,0.906,0.884,8,4,19,0.062,-0.007848104181780627,0.9232848637959922,6.597047922165177,-0.24375303465803153,1.0871927999542095,4.304205903131788
inversion,2,cue:entity_background_separation,mismatched,0.1,500,0.806,0.77,0.778,0.8000000000000007,0.2222222222222222,7,3,4,0.06086956521739131,0.007792207792207792,0.906,0.898,6,2,10,0.044,-0.005093264853650225,0.9232848637959922,6.883095340855815,-0.23158095189975575,1.0026152004138567,4.304205903131788
inversion,2,cue:shadow_reinforcement,mismatched,0.2,500,0.806,0.77,0.762,-0.8000000000000007,-0.2222222222222222,9,13,-4,0.0782608695652174,0.033766233766233764,0.906,0.884,12,7,23,0.084,-0.015589199941950255,0.9232848637959922,7.066863611724368,-0.2204166563419567,0.3742400002956856,4.304205903131788
inversion,2,cue:contrast_luminance,mismatched,0.1,500,0.806,0.77,0.766,-0.40000000000000036,-0.1111111111111111,3,5,-2,0.02608695652173913,0.012987012987012988,0.906,0.912,7,4,4,0.026,-0.000496840246174088,0.9232848637959922,6.523108028156044,-0.2582368882263545,1.9551158001413569,4.304205903131788
inversion,2,cue:thermal_injection,mismatched,0.1,500,0.806,0.77,0.756,-1.4000000000000012,-0.3888888888888889,14,21,-7,0.12173913043478261,0.05454545454545454,0.906,0.836,9,4,44,0.132,-0.03433714311397785,0.9232848637959922,6.934181111599119,-0.22223568588806666,0.8827663996780757,4.304205903131788
inversion,2,detector+cue:border_strengthening,perturbed,0.1,500,0.806,0.77,0.8,3.0000000000000027,0.8333333333333334,20,5,15,0.17391304347826086,0.012987012987012988,0.906,0.964,35,19,6,0.084,0.027376210662469702,0.9232848637959922,29.33688458090986,0.7755580841474002,126.14197759926901,4.304205903131788
inversion,2,detector+cue:depth_boundary_emphasis,perturbed,0.1,500,0.806,0.77,0.782,1.200000000000001,0.3333333333333333,16,10,6,0.1391304347826087,0.025974025974025976,0.906,0.946,31,17,11,0.094,0.022677075456908596,0.9232848637959922,28.17768377001887,0.7757543559800834,126.66471239982639,4.304205903131788
inversion,2,detector+cue:entity_background_separation,perturbed,0.1,500,0.806,0.77,0.786,1.6000000000000014,0.4444444444444444,14,6,8,0.12173913043478261,0.015584415584415584,0.906,0.96,32,19,5,0.078,0.02654219421002449,0.9232848637959922,24.274692707816175,0.7763051796008367,126.56882299965946,4.304205903131788
inversion,2,detector+cue:shadow_reinforcement,perturbed,0.2,500,0.806,0.77,0.792,2.200000000000002,0.6111111111111112,18,7,11,0.1565217391304348,0.01818181818181818,0.906,0.952,34,19,11,0.096,0.02546798543253385,0.9232848637959922,20.626601164373053,0.768547301141778,125.94338599944604,4.304205903131788
inversion,2,detector+cue:contrast_luminance,perturbed,0.1,500,0.806,0.77,0.79,2.0000000000000018,0.5555555555555556,18,8,10,0.1565217391304348,0.02077922077922078,0.906,0.964,35,19,6,0.084,0.02655666595189791,0.9232848637959922,28.08618963570214,0.7709773665629327,127.53566020005383,4.304205903131788
inversion,2,detector+cue:thermal_injection,perturbed,0.1,500,0.806,0.77,0.784,1.4000000000000012,0.3888888888888889,21,14,7,0.1826086956521739,0.03636363636363636,0.906,0.92,30,17,23,0.126,0.01610558765970268,0.9232848637959922,22.37645199180033,0.7665711802355946,126.42566399928182,4.304205903131788
inversion,3,none,unused,,500,0.806,0.782,0.782,0.0,0.0,0,0,0,0.0,0.0,0.9,0.9,0,0,0,0.0,0.0,0.9228438770311941,5.148065955533764,-0.30620566714322195,0.0,4.304205903131788
inversion,3,oracle_classical,unused,,500,0.806,0.782,0.806,2.400000000000002,1.0,23,11,12,0.21100917431192662,0.028132992327365727,0.9,0.986,47,26,4,0.108,0.03233626507805729,0.9228438770311941,51.17565821076397,0.9838799607753753,1.1747696000093129,4.304205903131788
inversion,3,detector_classical,unused,,500,0.806,0.782,0.784,0.20000000000000018,0.08333333333333333,3,2,1,0.027522935779816515,0.005115089514066497,0.9,0.918,9,6,0,0.018,0.0013320506134868993,0.9228438770311941,10.493596460960656,-0.16490687931096182,99.58046920053312,4.304205903131788
inversion,3,baseline:unsharp,unused,0.1,500,0.806,0.782,0.788,0.6000000000000005,0.25,9,6,3,0.08256880733944955,0.015345268542199489,0.9,0.902,11,6,10,0.056,0.0003464886524916437,0.9228438770311941,5.066230866610308,-0.31502359270770103,0.49439739968511276,4.304205903131788
inversion,3,baseline:autocontrast,unused,0.3,500,0.806,0.782,0.78,-0.20000000000000018,-0.08333333333333333,1,2,-1,0.009174311926605505,0.005115089514066497,0.9,0.896,2,1,4,0.014,0.00015441841503252362,0.9228438770311941,5.087219334765179,-0.3104782229266129,1.3253445999289397,4.304205903131788
inversion,3,baseline:clahe,unused,0.1,500,0.806,0.782,0.782,0.0,0.0,3,3,0,0.027522935779816515,0.0076726342710997444,0.9,0.898,4,1,5,0.022,-0.0014322387149532005,0.9228438770311941,5.173149082168121,-0.31549140154966154,1.3958541999163572,4.304205903131788
inversion,3,cue:border_strengthening,perturbed,0.1,500,0.806,0.782,0.776,-0.6000000000000005,-0.25,3,6,-3,0.027522935779816515,0.015345268542199489,0.9,0.89,4,3,9,0.032,-0.0008389957467270506,0.9228438770311941,5.13240331375355,-0.30596546804223906,26.532029200257966,4.304205903131788
inversion,3,cue:depth_boundary_emphasis,perturbed,0.1,500,0.806,0.782,0.768,-1.4000000000000012,-0.5833333333333334,2,9,-7,0.01834862385321101,0.023017902813299233,0.9,0.888,6,5,12,0.044,-0.008895824721515054,0.9228438770311941,5.190704748295474,-0.30448106619087045,27.047192600381095,4.304205903131788
inversion,3,cue:entity_background_separation,perturbed,0.1,500,0.806,0.782,0.776,-0.6000000000000005,-0.25,3,6,-3,0.027522935779816515,0.015345268542199489,0.9,0.902,7,5,6,0.034,0.0017681861319006201,0.9228438770311941,5.5110737750265635,-0.300752645698376,26.951600400119787,4.304205903131788
inversion,3,cue:shadow_reinforcement,perturbed,0.2,500,0.806,0.782,0.78,-0.20000000000000018,-0.08333333333333333,7,8,-1,0.06422018348623854,0.020460358056265986,0.9,0.898,9,5,10,0.05,0.0019504865327580774,0.9228438770311941,5.725041161090279,-0.2932487995800329,26.31935140051064,4.304205903131788
inversion,3,cue:contrast_luminance,perturbed,0.1,500,0.806,0.782,0.782,0.0,0.0,2,2,0,0.01834862385321101,0.005115089514066497,0.9,0.896,2,0,4,0.014,-0.0012766058943661847,0.9228438770311941,5.165231551939321,-0.31293662425968793,27.924476199725177,4.304205903131788
inversion,3,cue:thermal_injection,perturbed,0.1,500,0.806,0.782,0.77,-1.200000000000001,-0.5,9,15,-6,0.08256880733944955,0.03836317135549872,0.9,0.876,9,4,21,0.074,-0.011610335687671067,0.9228438770311941,5.59029690992854,-0.2965714057716541,26.85240440015332,4.304205903131788
inversion,3,cue:border_strengthening,clean,0.1,500,0.806,0.782,0.778,-0.40000000000000036,-0.16666666666666666,3,5,-2,0.027522935779816515,0.01278772378516624,0.9,0.896,4,2,6,0.022,-0.000907180455946218,0.9228438770311941,5.1331021124128435,-0.3059049586863257,0.5838300001923926,4.304205903131788
inversion,3,cue:depth_boundary_emphasis,clean,0.1,500,0.806,0.782,0.77,-1.200000000000001,-0.5,3,9,-6,0.027522935779816515,0.023017902813299233,0.9,0.888,7,5,13,0.046,-0.00896661602484437,0.9228438770311941,5.190706534288285,-0.3045349504589103,1.1970937999140006,4.273734778131711
inversion,3,cue:entity_background_separation,clean,0.1,500,0.806,0.782,0.786,0.40000000000000036,0.16666666666666666,6,4,2,0.05504587155963303,0.010230179028132993,0.9,0.9,8,5,8,0.04,0.0018850132558836776,0.9228438770311941,5.505014319748313,-0.30064153553824874,0.9891559999086894,4.273734778131711
inversion,3,cue:shadow_reinforcement,clean,0.2,500,0.806,0.782,0.782,0.0,0.0,7,7,0,0.06422018348623854,0.017902813299232736,0.9,0.894,8,5,11,0.048,0.0017273117137774534,0.9228438770311941,5.701648677637009,-0.29316693312674763,0.38003780003055,4.273734778131711
inversion,3,cue:contrast_luminance,clean,0.1,500,0.806,0.782,0.78,-0.20000000000000018,-0.08333333333333333,2,3,-1,0.01834862385321101,0.0076726342710997444,0.9,0.896,3,1,5,0.018,-0.0012963015685845676,0.9228438770311941,5.165577836305025,-0.3129779821674747,1.9886622005142272,4.273734778131711
inversion,3,cue:thermal_injection,clean,0.1,500,0.806,0.782,0.774,-0.8000000000000007,-0.3333333333333333,8,12,-4,0.07339449541284404,0.030690537084398978,0.9,0.882,10,4,19,0.07,-0.013363206482784336,0.9228438770311941,5.576737760487955,-0.2963502002094756,0.8691144002077635,4.273734778131711
inversion,3,cue:border_strengthening,mismatched,0.1,500,0.806,0.782,0.778,-0.40000000000000036,-0.16666666666666666,2,4,-2,0.01834862385321101,0.010230179028132993,0.9,0.898,5,3,6,0.028,0.0005142389161110259,0.9228438770311941,5.131849258113351,-0.3065767547569703,0.5730967999261338,4.273734778131711
inversion,3,cue:depth_boundary_emphasis,mismatched,0.1,500,0.806,0.782,0.788,0.6000000000000005,0.25,6,3,3,0.05504587155963303,0.0076726342710997444,0.9,0.896,7,4,9,0.034,-0.0010711089064216139,0.9228438770311941,5.1899449216007545,-0.3060387981289532,1.085410800180398,4.273734778131711
inversion,3,cue:entity_background_separation,mismatched,0.1,500,0.806,0.782,0.786,0.40000000000000036,0.16666666666666666,5,3,2,0.045871559633027525,0.0076726342710997444,0.9,0.902,8,3,7,0.034,0.002226643233989307,0.9228438770311941,5.517238400131101,-0.3010793939922005,0.9891154002980329,4.273734778131711
inversion,3,cue:shadow_reinforcement,mismatched,0.2,500,0.806,0.782,0.774,-0.8000000000000007,-0.3333333333333333,6,10,-4,0.05504587155963303,0.02557544757033248,0.9,0.894,12,7,15,0.06,-0.0066915853162727214,0.9228438770311941,5.749149563658399,-0.2942369104772806,0.38992100025643595,4.273734778131711
inversion,3,cue:contrast_luminance,mismatched,0.1,500,0.806,0.782,0.784,0.20000000000000018,0.08333333333333333,3,2,1,0.027522935779816515,0.005115089514066497,0.9,0.9,3,1,3,0.016,-0.0007118855416247242,0.9228438770311941,5.165593603703694,-0.3129827992326245,1.9623990001273341,4.273734778131711
inversion,3,cue:thermal_injection,mismatched,0.1,500,0.806,0.782,0.772,-1.0000000000000009,-0.4166666666666667,8,13,-5,0.07339449541284404,0.03324808184143223,0.9,0.88,10,5,20,0.082,-0.0134469919371777,0.9228438770311941,5.604931165315093,-0.29659257489186713,0.8772679998073727,4.273734778131711
inversion,3,detector+cue:border_strengthening,perturbed,0.1,500,0.806,0.782,0.78,-0.20000000000000018,-0.08333333333333333,6,7,-1,0.05504587155963303,0.017902813299232736,0.9,0.906,12,8,9,0.046,0.0007168041007016655,0.9228438770311941,8.439634815665814,-0.1647789873412694,126.0823246006621,4.273734778131711
inversion,3,detector+cue:depth_boundary_emphasis,perturbed,0.1,500,0.806,0.782,0.772,-1.0000000000000009,-0.4166666666666667,5,10,-5,0.045871559633027525,0.02557544757033248,0.9,0.9,12,8,12,0.056,-0.0064324688596761916,0.9228438770311941,8.355800272580142,-0.16336915394035167,126.61526360100834,4.273734778131711
inversion,3,detector+cue:entity_background_separation,perturbed,0.1,500,0.806,0.782,0.782,0.0,0.0,6,6,0,0.05504587155963303,0.015345268542199489,0.9,0.916,13,8,5,0.044,0.002366853806971449,0.9228438770311941,8.001156637711729,-0.15968966403324156,126.52277240075637,4.273734778131711
inversion,3,detector+cue:shadow_reinforcement,perturbed,0.2,500,0.806,0.782,0.778,-0.40000000000000036,-0.16666666666666666,8,10,-2,0.07339449541284404,0.02557544757033248,0.9,0.91,15,9,10,0.06,0.0027012315763449805,0.9228438770311941,7.667873451154418,-0.1537596681889845,125.90065820058226,4.273734778131711
inversion,3,detector+cue:contrast_luminance,perturbed,0.1,500,0.806,0.782,0.782,0.0,0.0,4,4,0,0.03669724770642202,0.010230179028132993,0.9,0.91,10,6,5,0.032,-8.029465220079146e-05,0.9228438770311941,8.145691824604876,-0.17149628457520158,127.48363000090467,4.273734778131711
inversion,3,detector+cue:thermal_injection,perturbed,0.1,500,0.806,0.782,0.774,-0.8000000000000007,-0.3333333333333333,12,16,-4,0.11009174311926606,0.04092071611253197,0.9,0.894,16,8,19,0.084,-0.0077700326151671105,0.9228438770311941,7.750306716985384,-0.15770035153953357,126.38431920073344,4.273734778131711
grayscale,1,none,unused,,500,0.806,0.81,0.81,0.0,,0,0,0,0.0,0.0,0.962,0.962,0,0,0,0.0,0.0,0.9968223038904231,32.522919952948584,0.9773044611215591,0.0,4.273734778131711
grayscale,1,oracle_classical,unused,,500,0.806,0.81,0.81,0.0,,0,0,0,0.0,0.0,0.962,0.962,0,0,0,0.0,0.0,0.9968223038904231,32.522919952948584,0.9773044611215591,0.0780171999358572,4.273734778131711
grayscale,1,detector_classical,unused,,500,0.806,0.81,0.81,0.0,,0,0,0,0.0,0.0,0.962,0.962,0,0,0,0.0,0.00017681747674942017,0.9968223038904231,32.50840658740126,0.9771084858179092,99.52062800034764,4.273734778131711
grayscale,1,baseline:unsharp,unused,0.1,500,0.806,0.81,0.806,-0.40000000000000036,,3,5,-2,0.031578947368421054,0.012345679012345678,0.962,0.958,3,2,5,0.022,-0.0017012188790481559,0.9968223038904231,28.826504723056686,0.971267328619957,0.4927373999962583,4.273734778131711
grayscale,1,baseline:autocontrast,unused,0.3,500,0.806,0.81,0.808,-0.20000000000000018,,0,1,-1,0.0,0.0024691358024691358,0.962,0.964,2,2,1,0.008,0.00123790585671577,0.9968223038904231,29.930368722366133,0.9765932685136796,1.2684936001023743,4.273734778131711
grayscale,1,baseline:clahe,unused,0.1,500,0.806,0.81,0.808,-0.20000000000000018,,2,3,-1,0.021052631578947368,0.007407407407407408,0.962,0.958,2,1,4,0.012,-0.0008049323738155181,0.9968223038904231,29.299904569888888,0.9732278997898102,1.3569116002763622,4.273734778131711
grayscale,1,cue:border_strengthening,perturbed,0.1,500,0.806,0.81,0.808,-0.20000000000000018,,0,1,-1,0.0,0.0024691358024691358,0.962,0.962,1,1,1,0.01,-0.0006163712512620805,0.9968223038904231,29.974749199423155,0.9762252852916717,26.584844800498104,4.273734778131711
grayscale,1,cue:depth_boundary_emphasis,perturbed,0.1,500,0.806,0.81,0.796,-1.4000000000000012,,0,7,-7,0.0,0.01728395061728395,0.962,0.952,2,2,7,0.02,-0.004483815758117544,0.9968223038904231,29.399931719827006,0.9746298072338104,27.100901400641305,4.273734778131711
grayscale,1,cue:entity_background_separation,perturbed,0.1,500,0.806,0.81,0.806,-0.40000000000000036,,2,4,-2,0.021052631578947368,0.009876543209876543,0.962,0.962,2,2,2,0.018,0.0015604479804374022,0.9968223038904231,25.408860480141144,0.9730075923204422,26.9902220001386,4.273734778131711
grayscale,1,cue:shadow_reinforcement,perturbed,0.2,500,0.806,0.81,0.81,0.0,,5,5,0,0.05263157894736842,0.012345679012345678,0.962,0.954,3,2,7,0.028,0.0021917593104067235,0.9968223038904231,22.1187920977358,0.9595464968681335,26.374715200217906,4.273734778131711
grayscale,1,cue:contrast_luminance,perturbed,0.1,500,0.806,0.81,0.806,-0.40000000000000036,,0,2,-2,0.0,0.0049382716049382715,0.962,0.964,2,2,1,0.006,-0.0014512205404707856,0.9968223038904231,29.628636008347712,0.9748335547447204,27.920908800151665,4.273734778131711
grayscale,1,cue:thermal_injection,perturbed,0.1,500,0.806,0.81,0.782,-2.8000000000000025,,7,21,-14,0.07368421052631578,0.05185185185185185,0.962,0.91,3,2,29,0.076,-0.023953045009398464,0.9968223038904231,24.487620321320836,0.9519328029155731,26.877146399987396,4.273734778131711
grayscale,1,cue:border_strengthening,clean,0.1,500,0.806,0.81,0.808,-0.20000000000000018,,0,1,-1,0.0,0.0024691358024691358,0.962,0.962,1,1,1,0.008,-0.0007014377756700014,0.9968223038904231,29.975398045751543,0.9762269158363343,0.5805846001021564,4.273734778131711
grayscale,1,cue:depth_boundary_emphasis,clean,0.1,500,0.806,0.81,0.796,-1.4000000000000012,,0,7,-7,0.0,0.01728395061728395,0.962,0.952,2,2,7,0.02,-0.004472799357054555,0.9968223038904231,29.39889370512729,0.9746210755109787,1.1159702003351413,4.273734778131711
grayscale,1,cue:entity_background_separation,clean,0.1,500,0.806,0.81,0.804,-0.6000000000000005,,1,4,-3,0.010526315789473684,0.009876543209876543,0.962,0.962,2,2,2,0.014,0.001839216065495293,0.9968223038904231,25.406196542579522,0.9730025597810745,1.0122157995938323,4.273734778131711
grayscale,1,cue:shadow_reinforcement,clean,0.2,500,0.806,0.81,0.81,0.0,,5,5,0,0.05263157894736842,0.012345679012345678,0.962,0.952,2,1,7,0.028,0.0013370093460648605,0.9968223038904231,22.113524548439425,0.9595133384466171,0.4232575999922119,4.284592228125348
grayscale,1,cue:contrast_luminance,clean,0.1,500,0.806,0.81,0.806,-0.40000000000000036,,0,2,-2,0.0,0.0049382716049382715,0.962,0.964,2,2,1,0.006,-0.001553922691346088,0.9968223038904231,29.629206037322124,0.9748366265296936,1.908409799914807,4.284592228125348
grayscale,1,cue:thermal_injection,clean,0.1,500,0.806,0.81,0.78,-3.0000000000000027,,7,22,-15,0.07368421052631578,0.05432098765432099,0.962,0.902,2,2,32,0.08,-0.024562611763505174,0.9968223038904231,24.48427019580149,0.9519497680664063,0.8531085999275092,4.284592228125348
grayscale,1,cue:border_strengthening,mismatched,0.1,500,0.806,0.81,0.806,-0.40000000000000036,,0,2,-2,0.0,0.0049382716049382715,0.962,0.958,2,2,4,0.012,-0.0006193319612166306,0.9968223038904231,30.034507083597028,0.9735002964735031,0.577658799738856,4.284592228125348
grayscale,1,cue:depth_boundary_emphasis,mismatched,0.1,500,0.806,0.81,0.8,-1.0000000000000009,,3,8,-5,0.031578947368421054,0.019753086419753086,0.962,0.942,3,2,13,0.038,-0.004990328663125638,0.9968223038904231,29.355841363306762,0.9675813524723053,1.117016800242709,4.284592228125348
grayscale,1,cue:entity_background_separation,mismatched,0.1,500,0.806,0.81,0.81,0.0,,4,4,0,0.042105263157894736,0.009876543209876543,0.962,0.956,3,2,6,0.024,-0.001000175164261691,0.9968223038904231,25.433153846227167,0.9698373358249665,1.016836599825183,4.284592228125348
grayscale,1,cue:shadow_reinforcement,mismatched,0.2,500,0.806,0.81,0.8,-1.0000000000000009,,4,9,-5,0.042105263157894736,0.022222222222222223,0.962,0.946,4,3,12,0.042,-0.005974463134808957,0.9968223038904231,22.01606512714957,0.949802000761032,0.3796179996279534,4.284592228125348
grayscale,1,cue:contrast_luminance,mismatched,0.1,500,0.806,0.81,0.806,-0.40000000000000036,,0,2,-2,0.0,0.0049382716049382715,0.962,0.964,2,2,1,0.008,-0.001166828697260371,0.9968223038904231,29.658432124437823,0.9748022429943085,1.955838600290008,4.284592228125348
grayscale,1,cue:thermal_injection,mismatched,0.1,500,0.806,0.81,0.802,-0.8000000000000007,,10,14,-4,0.10526315789473684,0.0345679012345679,0.962,0.92,2,1,23,0.062,-0.026502835092982877,0.9968223038904231,24.518447822130263,0.9440871640443802,0.8748325999476947,4.284592228125348
grayscale,1,detector+cue:border_strengthening,perturbed,0.1,500,0.806,0.81,0.808,-0.20000000000000018,,0,1,-1,0.0,0.0024691358024691358,0.962,0.962,1,1,1,0.01,-0.0006156772743829606,0.9968223038904231,29.960952293617744,0.9760305050611496,126.09444700012682,4.284592228125348
grayscale,1,detector+cue:depth_boundary_emphasis,perturbed,0.1,500,0.806,0.81,0.796,-1.4000000000000012,,0,7,-7,0.0,0.01728395061728395,0.962,0.952,2,2,7,0.02,-0.003780867605098592,0.9968223038904231,29.387650274094337,0.9744288569688797,126.61385640059598,4.284592228125348
grayscale,1,detector+cue:entity_background_separation,perturbed,0.1,500,0.806,0.81,0.806,-0.40000000000000036,,2,4,-2,0.021052631578947368,0.009876543209876543,0.962,0.962,2,2,2,0.018,0.0019409732117987915,0.9968223038904231,25.402600546971016,0.9727649701833725,126.50618360034423,4.284592228125348
grayscale,1,detector+cue:shadow_reinforcement,perturbed,0.2,500,0.806,0.81,0.812,0.20000000000000018,,5,4,1,0.05263157894736842,0.009876543209876543,0.962,0.956,3,2,6,0.026,0.0023857907575788886,0.9968223038904231,22.115704407637217,0.9592776380777359,125.88933440030087,4.284592228125348
grayscale,1,detector+cue:contrast_luminance,perturbed,0.1,500,0.806,0.81,0.806,-0.40000000000000036,,0,2,-2,0.0,0.0049382716049382715,0.962,0.964,2,2,1,0.006,-0.0012602911276289887,0.9968223038904231,29.619857023791177,0.9746802701950074,127.4368472006463,4.284592228125348
grayscale,1,detector+cue:thermal_injection,perturbed,0.1,500,0.806,0.81,0.782,-2.8000000000000025,,7,21,-14,0.07368421052631578,0.05185185185185185,0.962,0.91,3,2,29,0.076,-0.023168481378579145,0.9968223038904231,24.482735080849917,0.9516739027500153,126.37086440061103,4.284592228125348
grayscale,2,none,unused,,500,0.806,0.788,0.788,0.0,0.0,0,0,0,0.0,0.0,0.938,0.938,0,0,0,0.0,0.0,0.9925012270227833,29.067749865127762,0.9594355829954148,0.0,4.284592228125348
grayscale,2,oracle_classical,unused,,500,0.806,0.788,0.788,0.0,0.0,0,0,0,0.0,0.0,0.938,0.938,0,0,0,0.0,0.0,0.9925012270227833,29.067749865127762,0.9594355829954148,0.07710480006062426,4.284592228125348
grayscale,2,detector_classical,unused,,500,0.806,0.788,0.788,0.0,0.0,0,0,0,0.0,0.0,0.938,0.938,0,0,0,0.0,-3.513884544372559e-05,0.9925012270227833,29.061914028432472,0.9593079689741134,99.19526080039213,4.284592228125348
grayscale,2,baseline:unsharp,unused,0.1,500,0.806,0.788,0.794,0.6000000000000005,0.3333333333333333,5,2,3,0.04716981132075472,0.005076142131979695,0.938,0.946,8,3,4,0.028,-0.002100631824435368,0.9925012270227833,25.896436896431695,0.953737449645996,0.48862659992300905,4.284592228125348
grayscale,2,baseline:autocontrast,unused,0.3,500,0.806,0.788,0.792,0.40000000000000036,0.2222222222222222,3,1,2,0.02830188679245283,0.0025380710659898475,0.938,0.938,3,1,3,0.016,0.0009611303229785335,0.9925012270227833,26.790082177184708,0.9583330940008163,1.2172421999275684,4.284592228125348
grayscale,2,baseline:clahe,unused,0.1,500,0.806,0.788,0.796,0.8000000000000007,0.4444444444444444,5,1,4,0.04716981132075472,0.0025380710659898475,0.938,0.934,2,0,4,0.018,0.0009126987907375223,0.9925012270227833,26.219914744467495,0.9558751825094223,1.346799600229133,4.284592228125348
grayscale,2,cue:border_strengthening,perturbed,0.1,500,0.806,0.788,0.796,0.8000000000000007,0.4444444444444444,4,0,4,0.03773584905660377,0.0,0.938,0.942,3,0,1,0.012,0.00021164930257918968,0.9925012270227833,26.649048521799596,0.9583978545665741,26.460273800359573,4.284592228125348
grayscale,2,cue:depth_boundary_emphasis,perturbed,0.1,500,0.806,0.788,0.788,0.0,0.0,3,3,0,0.02830188679245283,0.007614213197969543,0.938,0.93,2,1,6,0.022,-0.003505762245515598,0.9925012270227833,26.28903689294348,0.9568569353818893,26.964065000764094,4.284592228125348
grayscale,2,cue:entity_background_separation,perturbed,0.1,500,0.806,0.788,0.802,1.4000000000000012,0.7777777777777778,9,2,7,0.08490566037735849,0.005076142131979695,0.938,0.942,8,1,6,0.032,0.0015679213720145525,0.9925012270227833,23.656369381476186,0.9554829202890396,26.86048000099254,4.284592228125348
grayscale,2,cue:shadow_reinforcement,perturbed,0.2,500,0.806,0.788,0.798,1.0000000000000009,0.5555555555555556,7,2,5,0.0660377358490566,0.005076142131979695,0.938,0.942,8,2,6,0.03,0.002573954744975708,0.9925012270227833,21.071123316043,0.9426835362911224,26.249525600491324,4.284592228125348
grayscale,2,cue:contrast_luminance,perturbed,0.1,500,0.806,0.788,0.794,0.6000000000000005,0.3333333333333333,3,0,3,0.02830188679245283,0.0,0.938,0.942,3,1,1,0.01,-2.886305918764265e-05,0.9925012270227833,26.430628385532923,0.9573190145492554,27.775363600812852,4.284592228125348
grayscale,2,cue:thermal_injection,perturbed,0.1,500,0.806,0.788,0.75,-3.8000000000000034,-2.111111111111111,13,32,-19,0.12264150943396226,0.08121827411167512,0.938,0.854,8,4,50,0.136,-0.0401091290223012,0.9925012270227833,23.024424821654634,0.9360634216070175,26.751805000094464,4.284592228125348
grayscale,2,cue:border_strengthening,clean,0.1,500,0.806,0.788,0.796,0.8000000000000007,0.4444444444444444,4,0,4,0.03773584905660377,0.0,0.938,0.942,3,0,1,0.01,0.0009462031748030313,0.9925012270227833,26.650066666982124,0.9583994914293289,0.5815333997597918,4.284592228125348
grayscale,2,cue:depth_boundary_emphasis,clean,0.1,500,0.806,0.788,0.784,-0.40000000000000036,-0.2222222222222222,3,5,-2,0.02830188679245283,0.012690355329949238,0.938,0.93,3,2,7,0.026,-0.0035017723769733495,0.9925012270227833,26.28908782154724,0.9568500796556473,1.1086671999946702,4.284592228125348
grayscale,2,cue:entity_background_separation,clean,0.1,500,0.806,0.788,0.802,1.4000000000000012,0.7777777777777778,9,2,7,0.08490566037735849,0.005076142131979695,0.938,0.94,8,1,7,0.034,0.0019685876041289703,0.9925012270227833,23.650837030275813,0.9554637465476989,1.0124625996977556,4.284592228125348
grayscale,2,cue:shadow_reinforcement,clean,0.2,500,0.806,0.788,0.802,1.4000000000000012,0.7777777777777778,9,2,7,0.08490566037735849,0.005076142131979695,0.938,0.946,10,2,6,0.036,0.002339713952389502,0.9925012270227833,21.06599557589414,0.9425804208517075,0.38446540004224516,4.284592228125348
grayscale,2,cue:contrast_luminance,clean,0.1,500,0.806,0.788,0.79,0.20000000000000018,0.1111111111111111,2,1,1,0.018867924528301886,0.0025380710659898475,0.938,0.938,2,1,2,0.012,0.000539453625153783,0.9925012270227833,26.430981336305127,0.957325487613678,1.9429542003781535,4.284592228125348
grayscale,2,cue:thermal_injection,clean,0.1,500,0.806,0.788,0.758,-3.0000000000000027,-1.6666666666666667,14,29,-15,0.1320754716981132,0.07360406091370558,0.938,0.86,8,3,47,0.132,-0.04046221983994383,0.9925012270227833,23.01825986933092,0.9360819779634476,0.8899493995122612,4.290744453117441
grayscale,2,cue:border_strengthening,mismatched,0.1,500,0.806,0.788,0.794,0.6000000000000005,0.3333333333333333,5,2,3,0.04716981132075472,0.005076142131979695,0.938,0.938,5,2,5,0.022,-0.0008854106481771851,0.9925012270227833,26.68747612536831,0.9556975153684616,0.5850939998053946,4.290744453117441
grayscale,2,cue:depth_boundary_emphasis,mismatched,0.1,500,0.806,0.788,0.794,0.6000000000000005,0.3333333333333333,8,5,3,0.07547169811320754,0.012690355329949238,0.938,0.926,6,2,12,0.04,-0.004652731911699448,0.9925012270227833,26.258023531447453,0.9498988250494004,1.1110912002623081,4.290744453117441
grayscale,2,cue:entity_background_separation,mismatched,0.1,500,0.806,0.788,0.804,1.6000000000000014,0.8888888888888888,12,4,8,0.11320754716981132,0.01015228426395939,0.938,0.94,10,2,9,0.042,-0.0010502486545337889,0.9925012270227833,23.67473587088233,0.9523357563018798,1.002505000156816,4.290744453117441
grayscale,2,cue:shadow_reinforcement,mismatched,0.2,500,0.806,0.788,0.784,-0.40000000000000036,-0.2222222222222222,8,10,-2,0.07547169811320754,0.025380710659898477,0.938,0.92,7,2,16,0.054,-0.008205397740636727,0.9925012270227833,21.01095130374234,0.9329712153673172,0.38162899971939623,4.290744453117441
grayscale,2,cue:contrast_luminance,mismatched,0.1,500,0.806,0.788,0.79,0.20000000000000018,0.1111111111111111,2,1,1,0.018867924528301886,0.0025380710659898475,0.938,0.936,2,1,3,0.014,0.0001729969026323488,0.9925012270227833,26.449294055876038,0.9572936673164367,1.923975199839333,4.290744453117441
grayscale,2,cue:thermal_injection,mismatched,0.1,500,0.806,0.788,0.752,-3.600000000000003,-2.0,13,31,-18,0.12264150943396226,0.07868020304568528,0.938,0.86,10,3,49,0.132,-0.050505622124245746,0.9925012270227833,23.05271442127927,0.9281457697153092,0.8783263998921029,4.290744453117441
grayscale,2,detector+cue:border_strengthening,perturbed,0.1,500,0.806,0.788,0.796,0.8000000000000007,0.4444444444444444,4,0,4,0.03773584905660377,0.0,0.938,0.942,3,0,1,0.012,0.0002126854101193203,0.9925012270227833,26.643408552616965,0.9582708343267441,125.63634360043216,4.290744453117441
grayscale,2,detector+cue:depth_boundary_emphasis,perturbed,0.1,500,0.806,0.788,0.788,0.0,0.0,3,3,0,0.02830188679245283,0.007614213197969543,0.938,0.93,2,1,6,0.022,-0.003950796391824497,0.9925012270227833,26.283762526578393,0.956726346731186,126.14125920124934,4.290744453117441
grayscale,2,detector+cue:entity_background_separation,perturbed,0.1,500,0.806,0.788,0.802,1.4000000000000012,0.7777777777777778,9,2,7,0.08490566037735849,0.005076142131979695,0.938,0.942,8,1,6,0.032,0.0016001283245864215,0.9925012270227833,23.653190775800176,0.9553263419866562,126.0507826009707,4.290744453117441
grayscale,2,detector+cue:shadow_reinforcement,perturbed,0.2,500,0.806,0.788,0.798,1.0000000000000009,0.5555555555555556,7,2,5,0.0660377358490566,0.005076142131979695,0.938,0.942,8,2,6,0.03,0.002216305776279114,0.9925012270227833,21.06948490460274,0.9425092490911484,125.4403818010178,4.290744453117441
grayscale,2,detector+cue:contrast_luminance,perturbed,0.1,500,0.806,0.788,0.794,0.6000000000000005,0.3333333333333333,3,0,3,0.02830188679245283,0.0,0.938,0.942,3,1,1,0.01,-7.933978905748517e-05,0.9925012270227833,26.426939287721915,0.9572161847352981,126.98502180105424,4.290744453117441
grayscale,2,detector+cue:thermal_injection,perturbed,0.1,500,0.806,0.788,0.75,-3.8000000000000034,-2.111111111111111,13,32,-19,0.12264150943396226,0.08121827411167512,0.938,0.854,8,4,50,0.136,-0.04056158919209338,0.9925012270227833,23.021876290533417,0.9358974653482437,125.94957860148861,4.290744453117441
grayscale,3,none,unused,,500,0.806,0.728,0.728,0.0,0.0,0,0,0,0.0,0.0,0.81,0.81,0,0,0,0.0,0.0,0.9794576535457582,26.58064614472141,0.9383536007404327,0.0,4.290744453117441
grayscale,3,oracle_classical,unused,,500,0.806,0.728,0.728,0.0,0.0,0,0,0,0.0,0.0,0.81,0.81,0,0,0,0.0,0.0,0.9794576535457582,26.58064614472141,0.9383536007404327,0.07814059991505928,4.290744453117441
grayscale,3,detector_classical,unused,,500,0.806,0.728,0.728,0.0,0.0,0,0,0,0.0,0.0,0.81,0.81,0,0,0,0.0,0.0,0.9794576535457582,26.58064614472141,0.9383536007404327,98.17104799940716,4.290744453117441
grayscale,3,baseline:unsharp,unused,0.1,500,0.806,0.728,0.718,-1.0000000000000009,-0.1282051282051282,4,9,-5,0.029411764705882353,0.024725274725274724,0.81,0.812,10,6,9,0.062,-0.0052952151228778345,0.9794576535457582,23.677427794160224,0.9328155528306961,0.4894817997410428,4.290744453117441
grayscale,3,baseline:autocontrast,unused,0.3,500,0.806,0.728,0.726,-0.20000000000000018,-0.02564102564102564,0,1,-1,0.0,0.0027472527472527475,0.81,0.806,1,1,3,0.018,0.0027501465109621677,0.9794576535457582,24.47179228772811,0.9364038925170899,1.0716252004203852,4.290744453117441
grayscale,3,baseline:clahe,unused,0.1,500,0.806,0.728,0.726,-0.20000000000000018,-0.02564102564102564,2,3,-1,0.014705882352941176,0.008241758241758242,0.81,0.808,2,1,3,0.016,-0.0004987444338764817,0.9794576535457582,23.948416741671764,0.9356607030630112,1.2757670003920794,4.290744453117441
grayscale,3,cue:border_strengthening,perturbed,0.1,500,0.806,0.728,0.726,-0.20000000000000018,-0.02564102564102564,1,2,-1,0.007352941176470588,0.005494505494505495,0.81,0.812,2,1,1,0.02,0.0006472417430545647,0.9794576535457582,24.254465349750102,0.9373861591815948,26.85180160024902,4.290744453117441
grayscale,3,cue:depth_boundary_emphasis,perturbed,0.1,500,0.806,0.728,0.724,-0.40000000000000036,-0.05128205128205128,4,6,-2,0.029411764705882353,0.016483516483516484,0.81,0.808,6,2,7,0.044,-0.00479059770584945,0.9794576535457582,23.994355466089836,0.9359009208679199,27.368747800355777,4.290744453117441
grayscale,3,cue:entity_background_separation,perturbed,0.1,500,0.806,0.728,0.73,0.20000000000000018,0.02564102564102564,2,1,1,0.014705882352941176,0.0027472527472527475,0.81,0.812,3,1,2,0.03,-0.0013932457105688626,0.9794576535457582,22.12830146490143,0.9348708444833755,27.2641677998472,4.290744453117441
grayscale,3,cue:shadow_reinforcement,perturbed,0.2,500,0.806,0.728,0.726,-0.20000000000000018,-0.02564102564102564,6,7,-1,0.04411764705882353,0.019230769230769232,0.81,0.814,10,4,8,0.056,-0.0037349712448324227,0.9794576535457582,20.06122679614775,0.9228672215938568,26.642543599999044,4.290744453117441
grayscale,3,cue:contrast_luminance,perturbed,0.1,500,0.806,0.728,0.728,0.0,0.0,1,1,0,0.007352941176470588,0.0027472527472527475,0.81,0.814,2,1,0,0.016,-0.00018983464743155308,0.9794576535457582,24.102113436755403,0.9368376939296722,28.11418820070685,4.290744453117441
grayscale,3,cue:thermal_injection,perturbed,0.1,500,0.806,0.728,0.718,-1.0000000000000009,-0.1282051282051282,19,24,-5,0.13970588235294118,0.06593406593406594,0.81,0.804,26,13,29,0.164,-0.01273894110622001,0.9794576535457582,21.689871856882128,0.9174929949045181,27.14432220015442,4.290744453117441
grayscale,3,cue:border_strengthening,clean,0.1,500,0.806,0.728,0.728,0.0,0.0,2,2,0,0.014705882352941176,0.005494505494505495,0.81,0.812,3,1,2,0.022,0.0013077063567197911,0.9794576535457582,24.25529037623156,0.9373777552843093,0.5779029998520855,4.290744453117441
grayscale,3,cue:depth_boundary_emphasis,clean,0.1,500,0.806,0.728,0.726,-0.20000000000000018,-0.02564102564102564,4,5,-1,0.029411764705882353,0.013736263736263736,0.81,0.812,6,2,5,0.04,-0.004700979575691008,0.9794576535457582,23.99481261322528,0.9358780760765075,1.1026389999024104,4.290744453117441
grayscale,3,cue:entity_background_separation,clean,0.1,500,0.806,0.728,0.732,0.40000000000000036,0.05128205128205128,2,0,2,0.014705882352941176,0.0,0.81,0.814,2,0,0,0.024,-0.0016492949806111029,0.9794576535457582,22.119967804521213,0.9348237074613571,1.002051000308711,4.290744453117441
grayscale,3,cue:shadow_reinforcement,clean,0.2,500,0.806,0.728,0.732,0.40000000000000036,0.05128205128205128,6,4,2,0.04411764705882353,0.01098901098901099,0.81,0.818,9,3,5,0.06,-0.0027514155328619834,0.9794576535457582,20.053113238510214,0.9226373180150985,0.3878426000883337,4.290744453117441
grayscale,3,cue:contrast_luminance,clean,0.1,500,0.806,0.728,0.73,0.20000000000000018,0.02564102564102564,2,1,1,0.014705882352941176,0.0027472527472527475,0.81,0.816,3,1,0,0.016,0.0003339833180637015,0.9794576535457582,24.102402460017338,0.9368429143428803,1.8837439997878391,4.290744453117441
grayscale,3,cue:thermal_injection,clean,0.1,500,0.806,0.728,0.714,-1.4000000000000012,-0.1794871794871795,19,26,-7,0.13970588235294118,0.07142857142857142,0.81,0.796,25,13,32,0.17,-0.010610504572005765,0.9794576535457582,21.679654994371827,0.9174315388202667,0.8783556002599653,4.290744453117441
grayscale,3,cue:border_strengthening,mismatched,0.1,500,0.806,0.728,0.728,0.0,0.0,2,2,0,0.014705882352941176,0.005494505494505495,0.81,0.812,4,2,3,0.028,-0.0025418547208025757,0.9794576535457582,24.282129477628253,0.9347025253772736,0.5782402000040747,4.290744453117441
grayscale,3,cue:depth_boundary_emphasis,mismatched,0.1,500,0.806,0.728,0.72,-0.8000000000000007,-0.10256410256410256,4,8,-4,0.029411764705882353,0.02197802197802198,0.81,0.792,2,0,11,0.05,-0.01100508679415975,0.9794576535457582,23.97116787937241,0.9290393714904785,1.2213966001872905,4.3285056093664025
grayscale,3,cue:entity_background_separation,mismatched,0.1,500,0.806,0.728,0.726,-0.20000000000000018,-0.02564102564102564,4,5,-1,0.029411764705882353,0.013736263736263736,0.81,0.806,6,2,8,0.046,-0.004470365520276346,0.9794576535457582,22.140165952048918,0.9317247935533524,1.0113043999590445,4.3285056093664025
grayscale,3,cue:shadow_reinforcement,mismatched,0.2,500,0.806,0.728,0.71,-1.8000000000000016,-0.23076923076923078,3,12,-9,0.022058823529411766,0.03296703296703297,0.81,0.79,6,5,16,0.082,-0.015528354528277078,0.9794576535457582,20.027515276375045,0.9131607577800751,0.3731754003383685,4.3285056093664025
grayscale,3,cue:contrast_luminance,mismatched,0.1,500,0.806,0.728,0.73,0.20000000000000018,0.02564102564102564,1,0,1,0.007352941176470588,0.0,0.81,0.812,1,0,0,0.012,0.0006003635558756742,0.9794576535457582,24.113431659463973,0.9368089195489884,1.8554257997020613,4.3285056093664025
grayscale,3,cue:thermal_injection,mismatched,0.1,500,0.806,0.728,0.688,-4.0000000000000036,-0.5128205128205128,10,30,-20,0.07352941176470588,0.08241758241758242,0.81,0.766,16,10,38,0.16,-0.04432416473031901,0.9794576535457582,21.710483805633135,0.9095030435323715,0.8670075995614752,4.3285056093664025
grayscale,3,detector+cue:border_strengthening,perturbed,0.1,500,0.806,0.728,0.726,-0.20000000000000018,-0.02564102564102564,1,2,-1,0.007352941176470588,0.005494505494505495,0.81,0.812,2,1,1,0.02,0.0006472417430545647,0.9794576535457582,24.254465349750102,0.9373861591815948,125.00310699921101,4.3285056093664025
grayscale,3,detector+cue:depth_boundary_emphasis,perturbed,0.1,500,0.806,0.728,0.724,-0.40000000000000036,-0.05128205128205128,4,6,-2,0.029411764705882353,0.016483516483516484,0.81,0.808,6,2,7,0.044,-0.00479059770584945,0.9794576535457582,23.994355466089836,0.9359009208679199,125.51499139945372,4.3285056093664025
grayscale,3,detector+cue:entity_background_separation,perturbed,0.1,500,0.806,0.728,0.73,0.20000000000000018,0.02564102564102564,2,1,1,0.014705882352941176,0.0027472527472527475,0.81,0.812,3,1,2,0.03,-0.0013932457105688626,0.9794576535457582,22.12830146490143,0.9348708444833755,125.43115959918941,4.3285056093664025
grayscale,3,detector+cue:shadow_reinforcement,perturbed,0.2,500,0.806,0.728,0.726,-0.20000000000000018,-0.02564102564102564,6,7,-1,0.04411764705882353,0.019230769230769232,0.81,0.814,10,4,8,0.056,-0.0037349712448324227,0.9794576535457582,20.06122679614775,0.9228672215938568,124.81134679968818,4.3285056093664025
grayscale,3,detector+cue:contrast_luminance,perturbed,0.1,500,0.806,0.728,0.728,0.0,0.0,1,1,0,0.007352941176470588,0.0027472527472527475,0.81,0.814,2,1,0,0.016,-0.00018983464743155308,0.9794576535457582,24.102113436755403,0.9368376939296722,126.27007179931388,4.3285056093664025
grayscale,3,detector+cue:thermal_injection,perturbed,0.1,500,0.806,0.728,0.718,-1.0000000000000009,-0.1282051282051282,19,24,-5,0.13970588235294118,0.06593406593406594,0.81,0.804,26,13,29,0.164,-0.01273894110622001,0.9794576535457582,21.689871856882128,0.9174929949045181,125.3121629996458,4.3285056093664025
low_contrast,1,none,unused,,500,0.806,0.794,0.794,0.0,0.0,0,0,0,0.0,0.0,0.954,0.954,0,0,0,0.0,0.0,0.9954263668176861,18.500554933698478,0.8031491115689278,0.0,4.3285056093664025
low_contrast,1,oracle_classical,unused,,500,0.806,0.794,0.806,1.200000000000001,1.0,10,4,6,0.0970873786407767,0.010075566750629723,0.954,0.986,22,14,6,0.056,0.00811374112701924,0.9954263668176861,50.03669919265365,0.9838799269199371,1.122618799970951,4.3285056093664025
low_contrast,1,detector_classical,unused,,500,0.806,0.794,0.796,0.20000000000000018,0.16666666666666666,5,4,1,0.04854368932038835,0.010075566750629723,0.954,0.972,14,10,5,0.038,0.0023785224661132818,0.9954263668176861,35.535544526403044,0.8895584245249629,99.86676039983286,4.3285056093664025
low_contrast,1,baseline:unsharp,unused,0.1,500,0.806,0.794,0.788,-0.6000000000000005,-0.5,4,7,-3,0.038834951456310676,0.017632241813602016,0.954,0.94,4,3,11,0.034,-0.0004812764463349595,0.9954263668176861,18.727462396407336,0.8338466439843177,0.48769540013745427,4.3285056093664025
low_contrast,1,baseline:autocontrast,unused,0.3,500,0.806,0.794,0.79,-0.40000000000000036,-0.3333333333333333,4,6,-2,0.038834951456310676,0.015113350125944584,0.954,0.95,6,3,8,0.032,0.0021871527795483416,0.9954263668176861,22.13835477311507,0.8990414870977401,1.3142682002217043,4.3285056093664025
low_contrast,1,baseline:clahe,unused,0.1,500,0.806,0.794,0.796,0.20000000000000018,0.16666666666666666,2,1,1,0.019417475728155338,0.0025188916876574307,0.954,0.958,4,2,2,0.014,0.0013241097893514962,0.9954263668176861,18.908661925906816,0.8304642007946968,1.3538932006340474,4.3285056093664025
low_contrast,1,cue:border_strengthening,perturbed,0.1,500,0.806,0.794,0.792,-0.20000000000000018,-0.16666666666666666,5,6,-1,0.04854368932038835,0.015113350125944584,0.954,0.936,2,1,11,0.028,-0.003308008259342387,0.9954263668176861,18.510636424999888,0.8025142328739167,26.781124400091358,4.3285056093664025
low_contrast,1,cue:depth_boundary_emphasis,perturbed,0.1,500,0.806,0.794,0.79,-0.40000000000000036,-0.3333333333333333,5,7,-2,0.04854368932038835,0.017632241813602016,0.954,0.948,6,4,9,0.036,-0.008130507457926796,0.9954263668176861,18.434320399085355,0.7981794681549073,27.27481320037623,4.3285056093664025
low_contrast,1,cue:entity_background_separation,perturbed,0.1,500,0.806,0.794,0.794,0.0,0.0,2,2,0,0.019417475728155338,0.005037783375314861,0.954,0.954,3,2,3,0.016,-0.003624289156670784,0.9954263668176861,17.48364865332805,0.7834929728507996,27.17500140031916,4.3285056093664025
low_contrast,1,cue:shadow_reinforcement,perturbed,0.2,500,0.806,0.794,0.8,0.6000000000000005,0.5,6,3,3,0.05825242718446602,0.007556675062972292,0.954,0.944,6,4,11,0.036,-0.006092793183748654,0.9954263668176861,16.4420516275705,0.7615830947756768,26.558213000069372,4.3285056093664025
low_contrast,1,cue:contrast_luminance,perturbed,0.1,500,0.806,0.794,0.792,-0.20000000000000018,-0.16666666666666666,2,3,-1,0.019417475728155338,0.007556675062972292,0.954,0.95,3,1,5,0.018,0.0018103255444511888,0.9954263668176861,18.805499261071514,0.8236544767618179,28.10309160052566,4.3285056093664025
low_contrast,1,cue:thermal_injection,perturbed,0.1,500,0.806,0.794,0.76,-3.400000000000003,-2.8333333333333335,7,24,-17,0.06796116504854369,0.060453400503778336,0.954,0.878,5,4,43,0.112,-0.03906901333811766,0.9954263668176861,17.22466701362971,0.7599719737172127,27.06392760068411,4.3285056093664025
low_contrast,1,cue:border_strengthening,clean,0.1,500,0.806,0.794,0.79,-0.40000000000000036,-0.3333333333333333,4,6,-2,0.038834951456310676,0.015113350125944584,0.954,0.938,3,2,11,0.03,-0.0033825813303374162,0.9954263668176861,18.511919742441663,0.8026016727089882,0.5736999999789987,4.3285056093664025
low_contrast,1,cue:depth_boundary_emphasis,clean,0.1,500,0.806,0.794,0.798,0.40000000000000036,0.3333333333333333,6,4,2,0.05825242718446602,0.010075566750629723,0.954,0.95,5,2,7,0.03,-0.007963008681272185,0.9954263668176861,18.431888399925192,0.797968819797039,1.1074756003217772,4.3285056093664025
low_contrast,1,cue:entity_background_separation,clean,0.1,500,0.806,0.794,0.792,-0.20000000000000018,-0.16666666666666666,2,3,-1,0.019417475728155338,0.007556675062972292,0.954,0.954,3,2,3,0.016,-0.003677757565298634,0.9954263668176861,17.482930918738752,0.7834837008118629,1.0058482000604272,4.3285056093664025
low_contrast,1,cue:shadow_reinforcement,clean,0.2,500,0.806,0.794,0.792,-0.20000000000000018,-0.16666666666666666,4,5,-1,0.038834951456310676,0.012594458438287154,0.954,0.938,4,2,12,0.034,-0.0076722530951092265,0.9954263668176861,16.440613874974648,0.7613880234360695,0.38387700004386716,4.3285056093664025
low_contrast,1,cue:contrast_luminance,clean,0.1,500,0.806,0.794,0.792,-0.20000000000000018,-0.16666666666666666,2,3,-1,0.019417475728155338,0.007556675062972292,0.954,0.95,3,1,5,0.018,0.0020247757701690717,0.9954263668176861,18.8053493253828,0.8236352488994598,1.906541399890557,4.3285056093664025
low_contrast,1,cue:thermal_injection,clean,0.1,500,0.806,0.794,0.756,-3.8000000000000034,-3.1666666666666665,7,26,-19,0.06796116504854369,0.0654911838790932,0.954,0.876,4,3,43,0.112,-0.041519429821360976,0.9954263668176861,17.22401204962298,0.7599445948004723,0.8912696001061704,4.3285056093664025
low_contrast,1,cue:border_strengthening,mismatched,0.1,500,0.806,0.794,0.792,-0.20000000000000018,-0.16666666666666666,6,7,-1,0.05825242718446602,0.017632241813602016,0.954,0.934,3,1,13,0.038,-0.004719952326146085,0.9954263668176861,18.52035579491565,0.7991358329653739,0.5932980002835393,4.3285056093664025
low_contrast,1,cue:depth_boundary_emphasis,mismatched,0.1,500,0.806,0.794,0.8,0.6000000000000005,0.5,7,4,3,0.06796116504854369,0.010075566750629723,0.954,0.932,1,1,12,0.034,-0.01033958719983093,0.9954263668176861,18.40976637977675,0.7921713160276413,1.112354000157211,4.3285056093664025
low_contrast,1,cue:entity_background_separation,mismatched,0.1,500,0.806,0.794,0.792,-0.20000000000000018,-0.16666666666666666,4,5,-1,0.038834951456310676,0.012594458438287154,0.954,0.938,2,1,10,0.028,-0.005827097654086174,0.9954263668176861,17.551009230648006,0.7816065781712532,1.0148427996609826,4.3285056093664025
low_contrast,1,cue:shadow_reinforcement,mismatched,0.2,500,0.806,0.794,0.784,-1.0000000000000009,-0.8333333333333334,5,10,-5,0.04854368932038835,0.02518891687657431,0.954,0.928,4,3,17,0.046,-0.017305647639262133,0.9954263668176861,16.52146434445147,0.7549949016571045,0.4188456001575105,4.322654571871226
low_contrast,1,cue:contrast_luminance,mismatched,0.1,500,0.806,0.794,0.792,-0.20000000000000018,-0.16666666666666666,1,2,-1,0.009708737864077669,0.005037783375314861,0.954,0.95,2,1,4,0.012,0.0009748944518378266,0.9954263668176861,18.792513929881995,0.8231978842616081,1.9304644001531415,4.322654571871226
low_contrast,1,cue:thermal_injection,mismatched,0.1,500,0.806,0.794,0.752,-4.200000000000004,-3.5,11,32,-21,0.10679611650485436,0.08060453400503778,0.954,0.868,7,5,50,0.128,-0.05439507517589846,0.9954263668176861,17.287723422681964,0.7549785870909691,0.8529105999623425,4.322654571871226
low_contrast,1,detector+cue:border_strengthening,perturbed,0.1,500,0.806,0.794,0.802,0.8000000000000007,0.6666666666666666,10,6,4,0.0970873786407767,0.015113350125944584,0.954,0.958,14,9,12,0.054,0.0015114258402591076,0.9954263668176861,27.320030610465285,0.8886107349470258,126.62639979997766,4.322654571871226
low_contrast,1,detector+cue:depth_boundary_emphasis,perturbed,0.1,500,0.806,0.794,0.792,-0.20000000000000018,-0.16666666666666666,8,9,-1,0.07766990291262135,0.022670025188916875,0.954,0.958,15,11,13,0.06,-0.0023839107571347997,0.9954263668176861,26.648706037742794,0.886486638020724,127.14220759962336,4.322654571871226
low_contrast,1,detector+cue:entity_background_separation,perturbed,0.1,500,0.806,0.794,0.798,0.40000000000000036,0.3333333333333333,6,4,2,0.05825242718446602,0.010075566750629723,0.954,0.974,15,10,5,0.04,-0.00035734881138341733,0.9954263668176861,24.036683578684553,0.881556676954031,127.04707499989308,4.322654571871226
low_contrast,1,detector+cue:shadow_reinforcement,perturbed,0.2,500,0.806,0.794,0.798,0.40000000000000036,0.3333333333333333,7,5,2,0.06796116504854369,0.012594458438287154,0.954,0.954,12,8,12,0.05,-0.0018471575000803568,0.9954263668176861,20.930286903466303,0.8662056731088087,126.42987479985459,4.322654571871226
low_contrast,1,detector+cue:contrast_luminance,perturbed,0.1,500,0.806,0.794,0.794,0.0,0.0,6,6,0,0.05825242718446602,0.015113350125944584,0.954,0.966,15,10,9,0.048,0.0031568441181807428,0.9954263668176861,26.461059206105748,0.8943475500978529,128.0173756001168,4.322654571871226
low_contrast,1,detector+cue:thermal_injection,perturbed,0.1,500,0.806,0.794,0.784,-1.0000000000000009,-0.8333333333333334,8,13,-5,0.07766990291262135,0.0327455919395466,0.954,0.916,10,7,29,0.09,-0.014596860421749625,0.9954263668176861,22.045587570170575,0.8617112523838878,126.92379239969887,4.322654571871226
low_contrast,2,none,unused,,500,0.806,0.794,0.794,0.0,0.0,0,0,0,0.0,0.0,0.948,0.948,0,0,0,0.0,0.0,0.9886953202816042,15.577994344078364,0.6393005100786686,0.0,4.322654571871226
low_contrast,2,oracle_classical,unused,,500,0.806,0.794,0.806,1.200000000000001,1.0,11,5,6,0.10679611650485436,0.012594458438287154,0.948,0.986,24,15,5,0.058,0.01879004979576348,0.9886953202816042,49.57763185678781,0.9838798431158066,1.1280737999186385,4.322654571871226
low_contrast,2,detector_classical,unused,,500,0.806,0.794,0.804,1.0000000000000009,0.8333333333333334,10,5,5,0.0970873786407767,0.012594458438287154,0.948,0.98,21,13,5,0.052,0.015301316250206582,0.9886953202816042,41.96557361016359,0.9177533496618271,98.34657579948544,4.322654571871226
low_contrast,2,baseline:unsharp,unused,0.1,500,0.806,0.794,0.79,-0.40000000000000036,-0.3333333333333333,6,8,-2,0.05825242718446602,0.020151133501259445,0.948,0.942,8,6,11,0.046,0.004513429176208774,0.9886953202816042,15.677488114791512,0.6693157016634941,0.48611800026264973,4.322654571871226
low_contrast,2,baseline:autocontrast,unused,0.3,500,0.806,0.794,0.794,0.0,0.0,5,5,0,0.04854368932038835,0.012594458438287154,0.948,0.954,10,7,7,0.034,0.01087890674832488,0.9886953202816042,19.095233322881228,0.8235024252533912,1.291979399655247,4.322654571871226
low_contrast,2,baseline:clahe,unused,0.1,500,0.806,0.794,0.792,-0.20000000000000018,-0.16666666666666666,4,5,-1,0.038834951456310676,0.012594458438287154,0.948,0.946,8,6,9,0.038,0.0035444376038576593,0.9886953202816042,15.861363560976454,0.672748871743679,1.3081369996070862,4.322654571871226
low_contrast,2,cue:border_strengthening,perturbed,0.1,500,0.806,0.794,0.782,-1.200000000000001,-1.0,3,9,-6,0.02912621359223301,0.022670025188916875,0.948,0.938,7,4,12,0.042,-0.006056420900127705,0.9886953202816042,15.579493157114692,0.6386496360599995,26.837368999811588,4.322654571871226
low_contrast,2,cue:depth_boundary_emphasis,perturbed,0.1,500,0.806,0.794,0.774,-2.0000000000000018,-1.6666666666666667,5,15,-10,0.04854368932038835,0.037783375314861464,0.948,0.944,11,7,13,0.056,-0.014046155483411895,0.9886953202816042,15.554867519902484,0.635327229231596,27.358254599093925,4.322654571871226
low_contrast,2,cue:entity_background_separation,perturbed,0.1,500,0.806,0.794,0.786,-0.8000000000000007,-0.6666666666666666,4,8,-4,0.038834951456310676,0.020151133501259445,0.948,0.94,7,4,11,0.038,-0.006495085879176258,0.9886953202816042,15.04968484831856,0.6206140365600586,27.25653859990416,4.322654571871226
low_contrast,2,cue:shadow_reinforcement,perturbed,0.2,500,0.806,0.794,0.778,-1.6000000000000014,-1.3333333333333333,5,13,-8,0.04854368932038835,0.0327455919395466,0.948,0.922,5,3,18,0.05,-0.01671233527221011,0.9886953202816042,14.408964900763097,0.6014311923682689,26.630190199619392,4.322654571871226
low_contrast,2,cue:contrast_luminance,perturbed,0.1,500,0.806,0.794,0.802,0.8000000000000007,0.6666666666666666,7,3,4,0.06796116504854369,0.007556675062972292,0.948,0.954,9,5,6,0.034,0.0027366773424009807,0.9886953202816042,15.788769756984129,0.6641565674841404,28.128320599760627,4.322654571871226
low_contrast,2,cue:thermal_injection,perturbed,0.1,500,0.806,0.794,0.718,-7.600000000000007,-6.333333333333333,10,48,-38,0.0970873786407767,0.12090680100755667,0.948,0.816,7,4,73,0.176,-0.07177463160148909,0.9886953202816042,14.931600025900579,0.6030887483656406,27.126184799941257,4.322654571871226
low_contrast,2,cue:border_strengthening,clean,0.1,500,0.806,0.794,0.788,-0.6000000000000005,-0.5,5,8,-3,0.04854368932038835,0.020151133501259445,0.948,0.936,5,1,11,0.036,-0.006096861588142929,0.9886953202816042,15.5808592539777,0.6388992508947849,0.5778886000625789,4.322654571871226
low_contrast,2,cue:depth_boundary_emphasis,clean,0.1,500,0.806,0.794,0.772,-2.200000000000002,-1.8333333333333333,4,15,-11,0.038834951456310676,0.037783375314861464,0.948,0.938,10,7,15,0.054,-0.01569034242998532,0.9886953202816042,15.552341722442563,0.6348537448942662,1.102126999903703,4.322654571871226
low_contrast,2,cue:entity_background_separation,clean,0.1,500,0.806,0.794,0.792,-0.20000000000000018,-0.16666666666666666,4,5,-1,0.038834951456310676,0.012594458438287154,0.948,0.94,5,2,9,0.03,-0.005144717193315955,0.9886953202816042,15.048897128143551,0.6206158774495125,1.0081487996212672,4.322654571871226
low_contrast,2,cue:shadow_reinforcement,clean,0.2,500,0.806,0.794,0.778,-1.6000000000000014,-1.3333333333333333,5,13,-8,0.04854368932038835,0.0327455919395466,0.948,0.924,6,4,18,0.052,-0.016134048357564098,0.9886953202816042,14.407751012814668,0.6010382335484028,0.38533679995452985,4.322654571871226
low_contrast,2,cue:contrast_luminance,clean,0.1,500,0.806,0.794,0.804,1.0000000000000009,0.8333333333333334,8,3,5,0.07766990291262135,0.007556675062972292,0.948,0.952,9,5,7,0.038,0.0031525628869148933,0.9886953202816042,15.788575579350672,0.6641098701059819,1.9033633996441495,4.322654571871226
low_contrast,2,cue:thermal_injection,clean,0.1,500,0.806,0.794,0.71,-8.400000000000007,-7.0,8,50,-42,0.07766990291262135,0.12594458438287154,0.948,0.816,6,4,72,0.174,-0.074758350083217,0.9886953202816042,14.93116100482122,0.6029723781943321,0.8913154005713295,4.322654571871226
low_contrast,2,cue:border_strengthening,mismatched,0.1,500,0.806,0.794,0.796,0.20000000000000018,0.16666666666666666,9,8,1,0.08737864077669903,0.020151133501259445,0.948,0.92,4,2,18,0.052,-0.010834646973296913,0.9886953202816042,15.585970736409065,0.6357770939767361,0.5833631997229531,4.322654571871226
low_contrast,2,cue:depth_boundary_emphasis,mismatched,0.1,500,0.806,0.794,0.786,-0.8000000000000007,-0.6666666666666666,10,14,-4,0.0970873786407767,0.03526448362720403,0.948,0.908,6,4,26,0.076,-0.01761727632270413,0.9886953202816042,15.537476040107977,0.6293574032485485,1.1177084002702031,4.322654571871226
low_contrast,2,cue:entity_background_separation,mismatched,0.1,500,0.806,0.794,0.782,-1.200000000000001,-1.0,4,10,-6,0.038834951456310676,0.02518891687657431,0.948,0.93,7,5,16,0.05,-0.013626728171904688,0.9886953202816042,15.106120543909846,0.6195682457387447,1.0220888001204003,4.322654571871226
low_contrast,2,cue:shadow_reinforcement,mismatched,0.2,500,0.806,0.794,0.782,-1.200000000000001,-1.0,11,17,-6,0.10679611650485436,0.042821158690176324,0.948,0.896,6,2,32,0.08,-0.03538306705882678,0.9886953202816042,14.503915872391774,0.5968088816404342,0.38997839999501593,4.322654571871226
low_contrast,2,cue:contrast_luminance,mismatched,0.1,500,0.806,0.794,0.79,-0.40000000000000036,-0.3333333333333333,2,4,-2,0.019417475728155338,0.010075566750629723,0.948,0.944,6,5,8,0.03,0.0023373730349321702,0.9886953202816042,15.779785214564415,0.6635529599487782,1.9139662000816315,4.322654571871226
low_contrast,2,cue:thermal_injection,mismatched,0.1,500,0.806,0.794,0.716,-7.800000000000007,-6.5,13,52,-39,0.1262135922330097,0.1309823677581864,0.948,0.808,7,3,77,0.184,-0.09963021411820228,0.9886953202816042,14.9869267707037,0.5986143245398998,0.8636154002451804,4.289646768748298
low_contrast,2,detector+cue:border_strengthening,perturbed,0.1,500,0.806,0.794,0.808,1.4000000000000012,1.1666666666666667,13,6,7,0.1262135922330097,0.015113350125944584,0.948,0.97,20,11,9,0.06,0.012723279117873972,0.9886953202816042,30.042823380127302,0.9165994183421134,125.19151699956274,4.289646768748298
low_contrast,2,detector+cue:depth_boundary_emphasis,perturbed,0.1,500,0.806,0.794,0.796,0.20000000000000018,0.16666666666666666,12,11,1,0.11650485436893204,0.027707808564231738,0.948,0.962,21,12,14,0.072,0.009440093552155304,0.9886953202816042,29.094556682230447,0.9155313440561295,125.70022219914244,4.289646768748298
low_contrast,2,detector+cue:entity_background_separation,perturbed,0.1,500,0.806,0.794,0.806,1.200000000000001,1.0,11,5,6,0.10679611650485436,0.012594458438287154,0.948,0.966,17,9,8,0.052,0.014915600730233564,0.9886953202816042,26.01057436456533,0.9127113585472106,125.58179699908942,4.289646768748298
low_contrast,2,detector+cue:shadow_reinforcement,perturbed,0.2,500,0.806,0.794,0.802,0.8000000000000007,0.6666666666666666,12,8,4,0.11650485436893204,0.020151133501259445,0.948,0.956,16,8,12,0.058,0.010262515434193119,0.9886953202816042,22.334159690150663,0.8992751044034958,124.97620319903945,4.289646768748298
low_contrast,2,detector+cue:contrast_luminance,perturbed,0.1,500,0.806,0.794,0.806,1.200000000000001,1.0,11,5,6,0.10679611650485436,0.012594458438287154,0.948,0.97,20,12,9,0.06,0.016017852840455815,0.9886953202816042,28.90087800241465,0.9187714101076127,126.59637099909014,4.289646768748298
low_contrast,2,detector+cue:thermal_injection,perturbed,0.1,500,0.806,0.794,0.78,-1.4000000000000012,-1.1666666666666667,10,17,-7,0.0970873786407767,0.042821158690176324,0.948,0.916,14,9,30,0.094,-0.006414203394813739,0.9886953202816042,23.847418779995646,0.8960631757974624,125.47437299904414,4.289646768748298
low_contrast,3,none,unused,,500,0.806,0.774,0.774,0.0,0.0,0,0,0,0.0,0.0,0.906,0.906,0,0,0,0.0,0.0,0.9763498118716538,13.891576519605085,0.4852193788290024,0.0,4.289646768748298
low_contrast,3,oracle_classical,unused,,500,0.806,0.774,0.806,3.200000000000003,1.0,22,6,16,0.19469026548672566,0.015503875968992248,0.906,0.986,44,24,4,0.1,0.050415251065318446,0.9763498118716538,48.92880772327006,0.9838799792528152,1.1172706001379993,4.289646768748298
low_contrast,3,detector_classical,unused,,500,0.806,0.774,0.804,3.0000000000000027,0.9375,21,6,15,0.18584070796460178,0.015503875968992248,0.906,0.98,41,22,4,0.094,0.04472436585304604,0.9763498118716538,47.013203218937925,0.9638375811576844,101.39082560015959,4.289646768748298
low_contrast,3,baseline:unsharp,unused,0.1,500,0.806,0.774,0.77,-0.40000000000000036,-0.125,4,6,-2,0.035398230088495575,0.015503875968992248,0.906,0.902,5,3,7,0.032,0.004769221706365897,0.9763498118716538,13.932925531829845,0.5035957753360272,0.5002277997264173,4.289646768748298
low_contrast,3,baseline:autocontrast,unused,0.3,500,0.806,0.774,0.8,2.6000000000000023,0.8125,19,6,13,0.168141592920354,0.015503875968992248,0.906,0.956,32,16,7,0.082,0.041384019008706675,0.9763498118716538,17.348262224908716,0.7495561496615409,1.3268716003512964,4.289646768748298
low_contrast,3,baseline:clahe,unused,0.1,500,0.806,0.774,0.772,-0.20000000000000018,-0.0625,3,4,-1,0.02654867256637168,0.0103359173126615,0.906,0.904,5,3,6,0.028,0.004053307434171074,0.9763498118716538,14.051315611091523,0.5094162150323391,1.3338676001294516,4.289646768748298
low_contrast,3,cue:border_strengthening,perturbed,0.1,500,0.806,0.774,0.752,-2.200000000000002,-0.6875,4,15,-11,0.035398230088495575,0.03875968992248062,0.906,0.87,5,3,23,0.068,-0.012868038222277391,0.9763498118716538,13.888487893136512,0.4843258411586285,27.18973159993766,4.289646768748298
low_contrast,3,cue:depth_boundary_emphasis,perturbed,0.1,500,0.806,0.774,0.732,-4.200000000000004,-1.3125,5,26,-21,0.04424778761061947,0.06718346253229975,0.906,0.852,7,5,34,0.104,-0.03593740718450681,0.9763498118716538,13.886579945011443,0.48325801211595537,27.710905199259287,4.289646768748298
low_contrast,3,cue:entity_background_separation,perturbed,0.1,500,0.806,0.774,0.758,-1.6000000000000014,-0.5,4,12,-8,0.035398230088495575,0.031007751937984496,0.906,0.88,2,0,15,0.044,-0.017309870778764887,0.9763498118716538,13.576597370878448,0.4726440131366253,27.609586599486647,4.289646768748298
low_contrast,3,cue:shadow_reinforcement,perturbed,0.2,500,0.806,0.774,0.726,-4.800000000000004,-1.5,7,31,-24,0.061946902654867256,0.08010335917312661,0.906,0.832,5,2,42,0.108,-0.044405704340227205,0.9763498118716538,13.127290958256017,0.4591603291034698,26.991093800170347,4.289646768748298
low_contrast,3,cue:contrast_luminance,perturbed,0.1,500,0.806,0.774,0.776,0.20000000000000018,0.0625,4,3,1,0.035398230088495575,0.007751937984496124,0.906,0.908,5,3,4,0.03,0.0033358011839372923,0.9763498118716538,14.010194324890923,0.5031188333332539,28.51631279938738,4.289646768748298
low_contrast,3,cue:thermal_injection,perturbed,0.1,500,0.806,0.774,0.614,-16.000000000000004,-4.9999999999999964,8,88,-80,0.07079646017699115,0.22739018087855298,0.906,0.69,8,6,116,0.284,-0.1562349550459985,0.9763498118716538,13.526029591950394,0.46241092109680176,27.491223799355794,4.289646768748298
low_contrast,3,cue:border_strengthening,clean,0.1,500,0.806,0.774,0.754,-2.0000000000000018,-0.625,5,15,-10,0.04424778761061947,0.03875968992248062,0.906,0.868,4,1,23,0.07,-0.011051941447040008,0.9763498118716538,13.890302648112984,0.4847595621049404,0.5793385998695157,4.289646768748298
low_contrast,3,cue:depth_boundary_emphasis,clean,0.1,500,0.806,0.774,0.738,-3.600000000000003,-1.125,5,23,-18,0.04424778761061947,0.059431524547803614,0.906,0.86,8,5,31,0.102,-0.03689399344946014,0.9763498118716538,13.883696546664968,0.48247044482827184,1.1105119998683222,4.289646768748298
low_contrast,3,cue:entity_background_separation,clean,0.1,500,0.806,0.774,0.756,-1.8000000000000016,-0.5625,6,15,-9,0.05309734513274336,0.03875968992248062,0.906,0.87,3,1,21,0.058,-0.015909587513544467,0.9763498118716538,13.574434035281778,0.47258811664581296,1.0040848000498954,4.289646768748298
low_contrast,3,cue:shadow_reinforcement,clean,0.2,500,0.806,0.774,0.722,-5.200000000000005,-1.625,7,33,-26,0.061946902654867256,0.08527131782945736,0.906,0.828,6,3,45,0.116,-0.04221993932528767,0.9763498118716538,13.121893409977387,0.4584069165289402,0.3904490001150407,4.289646768748298
low_contrast,3,cue:contrast_luminance,clean,0.1,500,0.806,0.774,0.776,0.20000000000000018,0.0625,4,3,1,0.035398230088495575,0.007751937984496124,0.906,0.908,5,2,4,0.028,0.004296273265177661,0.9763498118716538,14.010046677573154,0.5030643388032913,1.9239732000860386,4.289646768748298
low_contrast,3,cue:thermal_injection,clean,0.1,500,0.806,0.774,0.628,-14.600000000000001,-4.5624999999999964,10,83,-73,0.08849557522123894,0.2144702842377261,0.906,0.688,4,3,113,0.274,-0.15108447578862252,0.9763498118716538,13.525232510328014,0.4620792152881622,0.8791437999461778,4.289646768748298
low_contrast,3,cue:border_strengthening,mismatched,0.1,500,0.806,0.774,0.74,-3.400000000000003,-1.0625,10,27,-17,0.08849557522123894,0.06976744186046512,0.906,0.854,10,4,36,0.106,-0.040073766108058406,0.9763498118716538,13.893908227039654,0.48193965637683867,0.5845579999440815,4.289646768748298
low_contrast,3,cue:depth_boundary_emphasis,mismatched,0.1,500,0.806,0.774,0.72,-5.400000000000005,-1.6875,6,33,-27,0.05309734513274336,0.08527131782945736,0.906,0.834,11,8,47,0.136,-0.05544080135292461,0.9763498118716538,13.871939140926726,0.4769732611179352,1.1137066002411302,4.289646768748298
low_contrast,3,cue:entity_background_separation,mismatched,0.1,500,0.806,0.774,0.744,-3.0000000000000027,-0.9375,8,23,-15,0.07079646017699115,0.059431524547803614,0.906,0.852,8,5,35,0.108,-0.040477064094719024,0.9763498118716538,13.625940495516751,0.4721774112433195,1.0088532003574073,4.289646768748298
low_contrast,3,cue:shadow_reinforcement,mismatched,0.2,500,0.806,0.774,0.668,-10.599999999999998,-3.3124999999999964,9,62,-53,0.07964601769911504,0.16020671834625322,0.906,0.77,8,4,76,0.19,-0.09601588989677384,0.9763498118716538,13.223075223851815,0.4558789128661156,0.38649480007006787,4.289646768748298
low_contrast,3,cue:contrast_luminance,mismatched,0.1,500,0.806,0.774,0.77,-0.40000000000000036,-0.125,4,6,-2,0.035398230088495575,0.015503875968992248,0.906,0.902,6,4,8,0.036,0.0031545534602155385,0.9763498118716538,14.005243812165444,0.502656611353159,1.908510599809233,4.289646768748298
low_contrast,3,cue:thermal_injection,mismatched,0.1,500,0.806,0.774,0.538,-23.599999999999998,-7.374999999999993,10,128,-118,0.08849557522123894,0.330749354005168,0.906,0.59,5,3,163,0.39,-0.2651146378143099,0.9763498118716538,13.575410182229993,0.4579699641019106,0.8834779998869635,4.289646768748298
low_contrast,3,detector+cue:border_strengthening,perturbed,0.1,500,0.806,0.774,0.81,3.600000000000003,1.125,23,5,18,0.20353982300884957,0.012919896640826873,0.906,0.974,40,21,6,0.098,0.04194843259380286,0.9763498118716538,32.9404021115668,0.9627548789381981,128.5888018005935,4.289646768748298
low_contrast,3,detector+cue:depth_boundary_emphasis,perturbed,0.1,500,0.806,0.774,0.792,1.8000000000000016,0.5625,21,12,9,0.18584070796460178,0.031007751937984496,0.906,0.958,38,20,12,0.108,0.040912032820560856,0.9763498118716538,31.70769744219685,0.9619546880126,129.2132984001073,4.277862196873684
low_contrast,3,detector+cue:entity_background_separation,perturbed,0.1,500,0.806,0.774,0.802,2.8000000000000025,0.875,21,7,14,0.18584070796460178,0.01808785529715762,0.906,0.966,37,18,7,0.094,0.04360152678628401,0.9763498118716538,27.761662995158584,0.9609946488142014,128.9911773998465,4.277862196873684
low_contrast,3,detector+cue:shadow_reinforcement,perturbed,0.2,500,0.806,0.774,0.796,2.200000000000002,0.6875,22,11,11,0.19469026548672566,0.028423772609819122,0.906,0.954,35,16,11,0.1,0.039175947186002306,0.9763498118716538,23.532407562211343,0.9491186631917954,128.37550060026115,4.277862196873684
low_contrast,3,detector+cue:contrast_luminance,perturbed,0.1,500,0.806,0.774,0.804,3.0000000000000027,0.9375,21,6,15,0.18584070796460178,0.015503875968992248,0.906,0.97,39,21,7,0.098,0.04437626952189021,0.9763498118716538,31.672686391548087,0.9614388017058373,129.9554777997546,4.277862196873684
low_contrast,3,detector+cue:thermal_injection,perturbed,0.1,500,0.806,0.774,0.788,1.4000000000000012,0.4375,21,14,7,0.18584070796460178,0.03617571059431524,0.906,0.93,33,17,21,0.118,0.033035525459385096,0.9763498118716538,25.538946977537314,0.9465900880098342,128.85703120016842,4.277862196873684
darken,1,none,unused,,500,0.806,0.792,0.792,0.0,0.0,0,0,0,0.0,0.0,0.95,0.95,0,0,0,0.0,0.0,0.9958626989497424,13.897420434549888,0.8172307869195938,0.0,4.277862196873684
darken,1,oracle_classical,unused,,500,0.806,0.792,0.806,1.4000000000000012,1.0,12,5,7,0.11538461538461539,0.012626262626262626,0.95,0.986,24,14,6,0.06,0.011757185952959845,0.9958626989497424,51.3596527378824,0.9838799328804017,1.1425418002181686,4.277862196873684
darken,1,detector_classical,unused,,500,0.806,0.792,0.81,1.8000000000000016,1.2857142857142858,12,3,9,0.11538461538461539,0.007575757575757576,0.95,0.984,22,12,5,0.054,0.010939060710825288,0.9958626989497424,46.702831465590016,0.9699305745363236,98.78041920025134,4.277862196873684
darken,1,baseline:unsharp,unused,0.1,500,0.806,0.792,0.794,0.20000000000000018,0.14285714285714285,4,3,1,0.038461538461538464,0.007575757575757576,0.95,0.952,6,2,5,0.024,-0.0015167279018587579,0.9958626989497424,13.979471921342176,0.8390492875576019,0.4909537999483291,4.277862196873684
darken,1,baseline:autocontrast,unused,0.3,500,0.806,0.792,0.798,0.6000000000000005,0.42857142857142855,5,2,3,0.04807692307692308,0.005050505050505051,0.95,0.968,9,4,0,0.018,0.004707231978389246,0.9958626989497424,17.327680587427757,0.9204408620595932,1.3214131999120582,4.277862196873684
darken,1,baseline:clahe,unused,0.1,500,0.806,0.792,0.792,0.0,0.0,3,3,0,0.028846153846153848,0.007575757575757576,0.95,0.954,6,3,4,0.02,0.00036606687051789774,0.9958626989497424,14.45957880335837,0.8548893170356751,1.35842039968702,4.277862196873684
darken,1,cue:border_strengthening,perturbed,0.1,500,0.806,0.792,0.794,0.20000000000000018,0.14285714285714285,2,1,1,0.019230769230769232,0.0025252525252525255,0.95,0.95,2,0,2,0.008,-0.0006479475808137068,0.9958626989497424,13.932948265209857,0.8186460758447647,27.380127199314302,4.277862196873684
darken,1,cue:depth_boundary_emphasis,perturbed,0.1,500,0.806,0.792,0.798,0.6000000000000005,0.42857142857142855,5,2,3,0.04807692307692308,0.005050505050505051,0.95,0.948,6,3,7,0.026,-0.0009484410324730561,0.9958626989497424,13.801518710070177,0.810958844780922,27.8897275995987,4.277862196873684
darken,1,cue:entity_background_separation,perturbed,0.1,500,0.806,0.792,0.792,0.0,0.0,2,2,0,0.019230769230769232,0.005050505050505051,0.95,0.942,2,1,6,0.016,-0.0007018086814687194,0.9958626989497424,13.02657830819422,0.7729435973167419,27.790102799219312,4.277862196873684
darken,1,cue:shadow_reinforcement,perturbed,0.2,500,0.806,0.792,0.798,0.6000000000000005,0.42857142857142855,5,2,3,0.04807692307692308,0.005050505050505051,0.95,0.94,2,1,7,0.022,-0.0018339146794914996,0.9958626989497424,12.4442320818318,0.737181069135666,27.167326599825174,4.277862196873684
darken,1,cue:contrast_luminance,perturbed,0.1,500,0.806,0.792,0.794,0.20000000000000018,0.14285714285714285,3,2,1,0.028846153846153848,0.005050505050505051,0.95,0.954,5,2,3,0.016,0.0008348236626516155,0.9958626989497424,14.299696191816789,0.845569439291954,28.71082539987401,4.277862196873684
darken,1,cue:thermal_injection,perturbed,0.1,500,0.806,0.792,0.77,-2.200000000000002,-1.5714285714285714,12,23,-11,0.11538461538461539,0.05808080808080808,0.95,0.88,6,4,41,0.102,-0.03224668939902949,0.9958626989497424,13.748510060995741,0.7891739251613616,27.65729619996273,4.277862196873684
darken,1,cue:border_strengthening,clean,0.1,500,0.806,0.792,0.798,0.6000000000000005,0.42857142857142855,3,0,3,0.028846153846153848,0.0,0.95,0.956,3,0,0,0.006,-0.00020886148039789986,0.9958626989497424,13.93371610891456,0.8186921710968018,0.5817311998689547,4.277862196873684
darken,1,cue:depth_boundary_emphasis,clean,0.1,500,0.806,0.792,0.796,0.40000000000000036,0.2857142857142857,4,2,2,0.038461538461538464,0.005050505050505051,0.95,0.946,6,3,8,0.028,-0.0013234963113081903,0.9958626989497424,13.79984899972525,0.8108282742500306,1.1011681998497806,4.277862196873684
darken,1,cue:entity_background_separation,clean,0.1,500,0.806,0.792,0.798,0.6000000000000005,0.42857142857142855,4,1,3,0.038461538461538464,0.0025252525252525255,0.95,0.944,3,1,6,0.018,-0.0001818472155573545,0.9958626989497424,13.026865175525051,0.7729231544733047,1.0036132005334366,4.277862196873684
darken,1,cue:shadow_reinforcement,clean,0.2,500,0.806,0.792,0.796,0.40000000000000036,0.2857142857142857,4,2,2,0.038461538461538464,0.005050505050505051,0.95,0.948,4,2,5,0.024,-0.0003477084153419128,0.9958626989497424,12.446124186677855,0.737114138841629,0.38013800006592646,4.277862196873684
darken,1,cue:contrast_luminance,clean,0.1,500,0.806,0.792,0.796,0.40000000000000036,0.2857142857142857,4,2,2,0.038461538461538464,0.005050505050505051,0.95,0.956,6,2,3,0.018,0.0010101366844282892,0.9958626989497424,14.299767285264265,0.8455580867528916,1.9365295997995418,4.277862196873684
darken,1,cue:thermal_injection,clean,0.1,500,0.806,0.792,0.778,-1.4000000000000012,-1.0,12,19,-7,0.11538461538461539,0.047979797979797977,0.95,0.884,6,4,39,0.1,-0.031712451397443144,0.9958626989497424,13.74985202934714,0.7891156594753266,0.8747045993804932,4.277862196873684
darken,1,cue:border_strengthening,mismatched,0.1,500,0.806,0.792,0.792,0.0,0.0,4,4,0,0.038461538461538464,0.010101010101010102,0.95,0.946,5,3,7,0.026,-0.0022155296223445474,0.9958626989497424,13.937840221816387,0.8170648688077926,0.5854013999050949,4.277862196873684
darken,1,cue:depth_boundary_emphasis,mismatched,0.1,500,0.806,0.792,0.792,0.0,0.0,4,4,0,0.038461538461538464,0.010101010101010102,0.95,0.94,5,3,10,0.032,-0.0043440539545317736,0.9958626989497424,13.794128836054139,0.8082284742593765,1.1172385996906087,4.277862196873684
darken,1,cue:entity_background_separation,mismatched,0.1,500,0.806,0.792,0.794,0.20000000000000018,0.14285714285714285,2,1,1,0.019230769230769232,0.0025252525252525255,0.95,0.948,4,3,5,0.02,-0.004897010758697433,0.9958626989497424,13.042266587875812,0.7721204396486282,1.0127004002570175,4.277862196873684
darken,1,cue:shadow_reinforcement,mismatched,0.2,500,0.806,0.792,0.79,-0.20000000000000018,-0.14285714285714285,4,5,-1,0.038461538461538464,0.012626262626262626,0.95,0.936,4,3,11,0.034,-0.008829902506588041,0.9958626989497424,12.450524014109988,0.7323651282787323,0.3895140005624853,4.277862196873684
darken,1,cue:contrast_luminance,mismatched,0.1,500,0.806,0.792,0.792,0.0,0.0,4,4,0,0.038461538461538464,0.010101010101010102,0.95,0.954,7,3,5,0.024,0.00036850774714548606,0.9958626989497424,14.29373311901959,0.8451124479770661,1.9456781998742372,4.277862196873684
darken,1,cue:thermal_injection,mismatched,0.1,500,0.806,0.792,0.77,-2.200000000000002,-1.5714285714285714,12,23,-11,0.11538461538461539,0.05808080808080808,0.95,0.882,8,6,42,0.112,-0.03718238299089717,0.9958626989497424,13.741892973082534,0.781483372926712,0.8848574003204703,4.277862196873684
darken,1,detector+cue:border_strengthening,perturbed,0.1,500,0.806,0.792,0.812,2.0000000000000018,1.4285714285714286,13,3,10,0.125,0.007575757575757576,0.95,0.978,20,11,6,0.056,0.009599633547815756,0.9958626989497424,31.83519602838062,0.9691385152339935,126.16103340004338,4.277862196873684
darken,1,detector+cue:depth_boundary_emphasis,perturbed,0.1,500,0.806,0.792,0.802,1.0000000000000009,0.7142857142857143,10,5,5,0.09615384615384616,0.012626262626262626,0.95,0.966,18,10,10,0.058,0.007935766907023207,0.9958626989497424,30.690987137067157,0.9675161607265472,126.68142599979183,4.277862196873684
darken,1,detector+cue:entity_background_separation,perturbed,0.1,500,0.806,0.792,0.812,2.0000000000000018,1.4285714285714286,11,1,10,0.10576923076923077,0.0025252525252525255,0.95,0.978,18,9,4,0.044,0.012097717420479966,0.9958626989497424,26.912499920088134,0.9644011018276215,126.6001468001923,4.277862196873684
darken,1,detector+cue:shadow_reinforcement,perturbed,0.2,500,0.806,0.792,0.808,1.6000000000000014,1.1428571428571428,10,2,8,0.09615384615384616,0.005050505050505051,0.95,0.966,14,6,6,0.04,0.010304003015051421,0.9958626989497424,22.86531823836986,0.9507236839532852,125.99056299988297,4.248320234376479
darken,1,detector+cue:contrast_luminance,perturbed,0.1,500,0.806,0.792,0.806,1.4000000000000012,1.0,13,6,7,0.125,0.015151515151515152,0.95,0.97,21,12,11,0.066,0.010545101544003045,0.9958626989497424,30.690989893475635,0.9685144953727722,127.54777599981753,4.248320234376479
darken,1,detector+cue:thermal_injection,perturbed,0.1,500,0.806,0.792,0.8,0.8000000000000007,0.5714285714285714,13,9,4,0.125,0.022727272727272728,0.95,0.944,15,9,18,0.074,0.0059031404477937035,0.9958626989497424,24.868148071215103,0.9514814637899399,126.42584660017747,4.248320234376479
darken,2,none,unused,,500,0.806,0.798,0.798,0.0,0.0,0,0,0,0.0,0.0,0.946,0.946,0,0,0,0.0,0.0,0.9919974942560476,10.375594811261658,0.5600830160975456,0.0,4.248320234376479
darken,2,oracle_classical,unused,,500,0.806,0.798,0.806,0.8000000000000007,1.0,11,7,4,0.10891089108910891,0.017543859649122806,0.946,0.986,26,17,6,0.064,0.012325586154560824,0.9919974942560476,51.21298019852119,0.9838800115585327,1.126582399912877,4.248320234376479
darken,2,detector_classical,unused,,500,0.806,0.798,0.806,0.8000000000000007,1.0,11,7,4,0.10891089108910891,0.017543859649122806,0.946,0.984,25,16,6,0.062,0.011855633787314673,0.9919974942560476,49.85734569887506,0.9778521505594253,99.13736680013244,4.248320234376479
darken,2,baseline:unsharp,unused,0.1,500,0.806,0.798,0.8,0.20000000000000018,0.25,3,2,1,0.0297029702970297,0.005012531328320802,0.946,0.954,5,2,1,0.016,0.00128854652821974,0.9919974942560476,10.413957480164271,0.582426274895668,0.48901700010173954,4.248320234376479
darken,2,baseline:autocontrast,unused,0.3,500,0.806,0.798,0.792,-0.6000000000000005,-0.75,3,6,-3,0.0297029702970297,0.015037593984962405,0.946,0.95,7,4,5,0.028,0.0012821991678415544,0.9919974942560476,13.71063687529464,0.802976870894432,1.2911323998996522,4.248320234376479
darken,2,baseline:clahe,unused,0.1,500,0.806,0.798,0.8,0.20000000000000018,0.25,3,2,1,0.0297029702970297,0.005012531328320802,0.946,0.946,4,4,4,0.018,-0.0004703134056367162,0.9919974942560476,10.768712385225022,0.6146995582580567,1.3302347999706399,4.248320234376479
darken,2,cue:border_strengthening,perturbed,0.1,500,0.806,0.798,0.798,0.0,0.0,1,1,0,0.009900990099009901,0.002506265664160401,0.946,0.952,3,2,0,0.008,-0.0024450896889279647,0.9919974942560476,10.391289496824662,0.561728395819664,27.189477599516977,4.248320234376479
darken,2,cue:depth_boundary_emphasis,perturbed,0.1,500,0.806,0.798,0.8,0.20000000000000018,0.25,3,2,1,0.0297029702970297,0.005012531328320802,0.946,0.954,8,6,4,0.024,-0.0024979024887793458,0.9919974942560476,10.3338118581592,0.5548869323134422,27.68849059974309,4.248320234376479
darken,2,cue:entity_background_separation,perturbed,0.1,500,0.806,0.798,0.798,0.0,0.0,0,0,0,0.0,0.0,0.946,0.952,3,3,0,0.006,-0.0007074613554736971,0.9919974942560476,9.978227386758906,0.5181387141346931,27.592913399799727,4.248320234376479
darken,2,cue:shadow_reinforcement,perturbed,0.2,500,0.806,0.798,0.804,0.6000000000000005,0.75,3,0,3,0.0297029702970297,0.0,0.946,0.95,5,3,3,0.02,-0.0032362975724863647,0.9919974942560476,9.701983670996963,0.48790167456865313,26.976928599266103,4.248320234376479
darken,2,cue:contrast_luminance,perturbed,0.1,500,0.806,0.798,0.796,-0.20000000000000018,-0.25,2,3,-1,0.019801980198019802,0.007518796992481203,0.946,0.954,6,5,2,0.018,-0.0009122904168348214,0.9919974942560476,10.656710906166735,0.6003082345724106,28.51609339984134,4.248320234376479
darken,2,cue:thermal_injection,perturbed,0.1,500,0.806,0.798,0.746,-5.200000000000005,-6.5,8,34,-26,0.07920792079207921,0.08521303258145363,0.946,0.862,9,7,51,0.134,-0.055325501027374685,0.9919974942560476,10.600773485250365,0.5694312230348587,27.469498199556256,4.248320234376479
darken,2,cue:border_strengthening,clean,0.1,500,0.806,0.798,0.798,0.0,0.0,1,1,0,0.009900990099009901,0.002506265664160401,0.946,0.952,3,2,0,0.008,-0.0013218794509125473,0.9919974942560476,10.39188284485046,0.5618182346820831,0.583146599936299,4.248320234376479
darken,2,cue:depth_boundary_emphasis,clean,0.1,500,0.806,0.798,0.796,-0.20000000000000018,-0.25,3,4,-1,0.0297029702970297,0.010025062656641603,0.946,0.958,10,7,4,0.028,-0.002404880350278745,0.9919974942560476,10.332614172715799,0.5547170792818069,1.102181800029939,4.248320234376479
darken,2,cue:entity_background_separation,clean,0.1,500,0.806,0.798,0.798,0.0,0.0,0,0,0,0.0,0.0,0.946,0.952,3,3,0,0.006,-0.000433535361891245,0.9919974942560476,9.978420966849901,0.5180885882377625,0.9915660003607627,4.248320234376479
darken,2,cue:shadow_reinforcement,clean,0.2,500,0.806,0.798,0.8,0.20000000000000018,0.25,4,3,1,0.039603960396039604,0.007518796992481203,0.946,0.942,5,3,7,0.026,-0.003990126117350428,0.9919974942560476,9.703697250620229,0.48781502270698546,0.3815595999767538,4.248320234376479
darken,2,cue:contrast_luminance,clean,0.1,500,0.806,0.798,0.796,-0.20000000000000018,-0.25,2,3,-1,0.019801980198019802,0.007518796992481203,0.946,0.952,5,4,2,0.018,-0.0012980124350756342,0.9919974942560476,10.656814528353886,0.6002716580629349,1.8983318001846783,4.248320234376479
darken,2,cue:thermal_injection,clean,0.1,500,0.806,0.798,0.746,-5.200000000000005,-6.5,8,34,-26,0.07920792079207921,0.08521303258145363,0.946,0.866,9,6,49,0.13,-0.05432009934664302,0.9919974942560476,10.60172679987006,0.5692512014508248,0.8623629999638069,4.248320234376479
darken,2,cue:border_strengthening,mismatched,0.1,500,0.806,0.798,0.802,0.40000000000000036,0.5,5,3,2,0.04950495049504951,0.007518796992481203,0.946,0.94,4,2,7,0.024,-0.002975521485147965,0.9919974942560476,10.393721988077074,0.5612439512014389,0.5815311997139361,4.248320234376479
darken,2,cue:depth_boundary_emphasis,mismatched,0.1,500,0.806,0.798,0.788,-1.0000000000000009,-1.25,3,8,-5,0.0297029702970297,0.020050125313283207,0.946,0.942,7,5,9,0.034,-0.006736099513994759,0.9919974942560476,10.330078629264428,0.5537337713241577,1.1182839998509735,4.248320234376479
darken,2,cue:entity_background_separation,mismatched,0.1,500,0.806,0.798,0.798,0.0,0.0,4,4,0,0.039603960396039604,0.010025062656641603,0.946,0.946,7,5,7,0.03,-0.006817603543393034,0.9919974942560476,9.985980641748617,0.5182344583272934,1.0261542002554052,4.248320234376479
darken,2,cue:shadow_reinforcement,mismatched,0.2,500,0.806,0.798,0.79,-0.8000000000000007,-1.0,4,8,-4,0.039603960396039604,0.020050125313283207,0.946,0.938,8,6,12,0.04,-0.011464866537259241,0.9919974942560476,9.707604599937412,0.4861454255580902,0.3931784000596963,4.248320234376479
darken,2,cue:contrast_luminance,mismatched,0.1,500,0.806,0.798,0.798,0.0,0.0,2,2,0,0.019801980198019802,0.005012531328320802,0.946,0.95,5,4,3,0.016,-0.0010086011909611443,0.9919974942560476,10.653091262001363,0.5997525568008423,1.9476783999416512,4.248320234376479
darken,2,cue:thermal_injection,mismatched,0.1,500,0.806,0.798,0.744,-5.400000000000005,-6.75,9,36,-27,0.0891089108910891,0.09022556390977443,0.946,0.844,5,4,56,0.14,-0.06562068525858694,0.9919974942560476,10.598030762270174,0.563072991669178,0.8724833997548558,4.248320234376479
darken,2,detector+cue:border_strengthening,perturbed,0.1,500,0.806,0.798,0.812,1.4000000000000012,1.75,14,7,7,0.13861386138613863,0.017543859649122806,0.946,0.978,24,15,8,0.066,0.010861815001093874,0.9919974942560476,33.55478443506179,0.9769172756671906,126.31967919965973,4.248320234376479
darken,2,detector+cue:depth_boundary_emphasis,perturbed,0.1,500,0.806,0.798,0.796,-0.20000000000000018,-0.25,9,10,-1,0.0891089108910891,0.02506265664160401,0.946,0.968,22,15,11,0.068,0.009369883387952086,0.9919974942560476,32.244292099723566,0.9756226764917374,126.86192260013195,4.248320234376479
darken,2,detector+cue:entity_background_separation,perturbed,0.1,500,0.806,0.798,0.804,0.6000000000000005,0.75,9,6,3,0.0891089108910891,0.015037593984962405,0.946,0.978,21,13,5,0.052,0.012581080603089958,0.9919974942560476,28.012808806381905,0.9755852618217469,126.74762879963964,4.248320234376479
darken,2,detector+cue:shadow_reinforcement,perturbed,0.2,500,0.806,0.798,0.806,0.8000000000000007,1.0,9,5,4,0.0891089108910891,0.012531328320802004,0.946,0.97,18,11,6,0.048,0.01251770044054001,0.9919974942560476,23.648710370249507,0.9640439364910126,126.12721619976219,4.248320234376479
darken,2,detector+cue:contrast_luminance,perturbed,0.1,500,0.806,0.798,0.806,0.8000000000000007,1.0,13,9,4,0.12871287128712872,0.022556390977443608,0.946,0.97,24,16,12,0.072,0.011339519927213132,0.9919974942560476,32.37216455805709,0.9749963146448135,127.72600020022946,4.248320234376479
darken,2,detector+cue:thermal_injection,perturbed,0.1,500,0.806,0.798,0.796,-0.20000000000000018,-0.25,12,13,-1,0.1188118811881188,0.03258145363408521,0.946,0.942,17,11,19,0.082,0.008100197784045577,0.9919974942560476,25.875565126636925,0.9623322075605393,126.60757160006324,4.291269925001416
darken,3,none,unused,,500,0.806,0.778,0.778,0.0,0.0,0,0,0,0.0,0.0,0.91,0.91,0,0,0,0.0,0.0,0.9837307850387192,7.876819970695007,0.24790351459383964,0.0,4.291269925001416
darken,3,oracle_classical,unused,,500,0.806,0.778,0.806,2.8000000000000025,1.0,23,9,14,0.2072072072072072,0.02313624678663239,0.91,0.986,43,21,5,0.098,0.039591382088445246,0.9837307850387192,51.21298019852119,0.9838800115585327,1.129364400258055,4.291269925001416
darken,3,detector_classical,unused,,500,0.806,0.778,0.806,2.8000000000000025,1.0,23,9,14,0.2072072072072072,0.02313624678663239,0.91,0.986,43,21,5,0.098,0.039591382088445246,0.9837307850387192,51.21298019852119,0.9838800115585327,98.98097199949552,4.291269925001416
darken,3,baseline:unsharp,unused,0.1,500,0.806,0.778,0.784,0.6000000000000005,0.21428571428571427,9,6,3,0.08108108108108109,0.015424164524421594,0.91,0.926,14,5,6,0.042,0.003984639879576661,0.9837307850387192,7.891552357663995,0.25709212937951087,0.4846222002815921,4.291269925001416
darken,3,baseline:autocontrast,unused,0.3,500,0.806,0.778,0.798,2.0000000000000018,0.7142857142857143,16,6,10,0.14414414414414414,0.015424164524421594,0.91,0.954,27,12,5,0.07,0.029652957243744824,0.9837307850387192,11.145307966168147,0.6284519068002701,1.2915538001107052,4.291269925001416
darken,3,baseline:clahe,unused,0.1,500,0.806,0.778,0.788,1.0000000000000009,0.35714285714285715,7,2,5,0.06306306306306306,0.005141388174807198,0.91,0.92,9,2,4,0.028,0.0012293200005269681,0.9837307850387192,8.077785873870402,0.28401108872890474,1.3125037997961044,4.291269925001416
darken,3,cue:border_strengthening,perturbed,0.1,500,0.806,0.778,0.78,0.20000000000000018,0.07142857142857142,3,2,1,0.02702702702702703,0.005141388174807198,0.91,0.918,5,2,1,0.012,-0.0018425798543485142,0.9837307850387192,7.882604009536644,0.2486726330816746,27.316134400607552,4.291269925001416
darken,3,cue:depth_boundary_emphasis,perturbed,0.1,500,0.806,0.778,0.786,0.8000000000000007,0.2857142857142857,8,4,4,0.07207207207207207,0.010282776349614395,0.91,0.926,12,6,4,0.036,-0.003238987236305547,0.9837307850387192,7.861407199226309,0.2457643587887287,27.811963599961018,4.291269925001416
darken,3,cue:entity_background_separation,perturbed,0.1,500,0.806,0.778,0.784,0.6000000000000005,0.21428571428571427,5,2,3,0.04504504504504504,0.005141388174807198,0.91,0.918,7,2,3,0.024,-0.0032776237863226926,0.9837307850387192,7.7259930511317085,0.22742313387989999,27.722622600151226,4.291269925001416
darken,3,cue:shadow_reinforcement,perturbed,0.2,500,0.806,0.778,0.778,0.0,0.0,5,5,0,0.04504504504504504,0.012853470437017995,0.91,0.916,9,4,6,0.036,-0.010311367114181848,0.9837307850387192,7.618982530144336,0.2131969659626484,27.1003874001035,4.291269925001416
darken,3,cue:contrast_luminance,perturbed,0.1,500,0.806,0.778,0.788,1.0000000000000009,0.35714285714285715,7,2,5,0.06306306306306306,0.005141388174807198,0.91,0.926,10,3,2,0.026,0.0017193091205153904,0.9837307850387192,8.020345373976008,0.27399454763531683,28.60754739973345,4.291269925001416
darken,3,cue:thermal_injection,perturbed,0.1,500,0.806,0.778,0.662,-11.6,-4.142857142857139,13,71,-58,0.11711711711711711,0.18251928020565553,0.91,0.75,14,8,94,0.244,-0.11924707641858186,0.9837307850387192,8.284336146923135,0.30451785719394686,27.590030800085515,4.291269925001416
darken,3,cue:border_strengthening,clean,0.1,500,0.806,0.778,0.776,-0.20000000000000018,-0.07142857142857142,1,2,-1,0.009009009009009009,0.005141388174807198,0.91,0.906,2,1,4,0.012,-0.0013758107989087875,0.9837307850387192,7.88295713969216,0.24873487669229508,0.5766864001634531,4.291269925001416
darken,3,cue:depth_boundary_emphasis,clean,0.1,500,0.806,0.778,0.786,0.8000000000000007,0.2857142857142857,7,3,4,0.06306306306306306,0.007712082262210797,0.91,0.928,11,5,2,0.032,-0.0034513094557787555,0.9837307850387192,7.860776246384119,0.24567212784290313,1.134680000046501,4.291269925001416
darken,3,cue:entity_background_separation,clean,0.1,500,0.806,0.778,0.78,0.20000000000000018,0.07142857142857142,4,3,1,0.036036036036036036,0.007712082262210797,0.91,0.92,8,4,3,0.024,-0.0035633400394881392,0.9837307850387192,7.725857807186131,0.22736094787716865,1.0103520003322046,4.291269925001416
darken,3,cue:shadow_reinforcement,clean,0.2,500,0.806,0.778,0.776,-0.20000000000000018,-0.07142857142857142,6,7,-1,0.05405405405405406,0.017994858611825194,0.91,0.91,9,4,9,0.044,-0.008214610935335258,0.9837307850387192,7.619442051665464,0.21310927668213844,0.38050920053501613,4.291269925001416
darken,3,cue:contrast_luminance,clean,0.1,500,0.806,0.778,0.786,0.8000000000000007,0.2857142857142857,6,2,4,0.05405405405405406,0.005141388174807198,0.91,0.922,8,2,2,0.024,0.001990802223968785,0.9837307850387192,8.020390051284542,0.2739530929327011,1.8974594000319485,4.291269925001416
darken,3,cue:thermal_injection,clean,0.1,500,0.806,0.778,0.664,-11.399999999999999,-4.071428571428568,14,71,-57,0.12612612612612611,0.18251928020565553,0.91,0.748,13,7,94,0.244,-0.1138424522446694,0.9837307850387192,8.283518626628712,0.30396574780344965,0.8892118001531344,4.291269925001416
darken,3,cue:border_strengthening,mismatched,0.1,500,0.806,0.778,0.782,0.40000000000000036,0.14285714285714285,7,5,2,0.06306306306306306,0.012853470437017995,0.91,0.906,7,3,9,0.036,-0.0017280484203229208,0.9837307850387192,7.883647933253893,0.2487523271739483,0.5823569998610765,4.291269925001416
darken,3,cue:depth_boundary_emphasis,mismatched,0.1,500,0.806,0.778,0.776,-0.20000000000000018,-0.07142857142857142,4,5,-1,0.036036036036036036,0.012853470437017995,0.91,0.906,5,3,7,0.028,-0.006948058306992607,0.9837307850387192,7.859826878383095,0.24533135086297989,1.1003121997928247,4.291269925001416
darken,3,cue:entity_background_separation,mismatched,0.1,500,0.806,0.778,0.776,-0.20000000000000018,-0.07142857142857142,7,8,-1,0.06306306306306306,0.02056555269922879,0.91,0.902,8,5,12,0.046,-0.005368528006450106,0.9837307850387192,7.728843019051891,0.22783326148986816,1.012409600050887,4.291269925001416
darken,3,cue:shadow_reinforcement,mismatched,0.2,500,0.806,0.778,0.776,-0.20000000000000018,-0.07142857142857142,7,8,-1,0.06306306306306306,0.02056555269922879,0.91,0.902,10,5,14,0.054,-0.011745276493927122,0.9837307850387192,7.621376771683051,0.21347422313690184,0.38766020027105696,4.291269925001416
darken,3,cue:contrast_luminance,mismatched,0.1,500,0.806,0.778,0.79,1.200000000000001,0.42857142857142855,10,4,6,0.09009009009009009,0.010282776349614395,0.91,0.926,12,4,4,0.038,0.0026029339202850678,0.9837307850387192,8.018945969972888,0.2737808998227119,1.923920799716143,4.291269925001416
darken,3,cue:thermal_injection,mismatched,0.1,500,0.806,0.778,0.622,-15.600000000000003,-5.571428571428568,12,90,-78,0.10810810810810811,0.23136246786632392,0.91,0.684,7,5,120,0.286,-0.17646703594989413,0.9837307850387192,8.281502617030645,0.30082717654109004,0.8807524003786966,4.291269925001416
darken,3,detector+cue:border_strengthening,perturbed,0.1,500,0.806,0.778,0.808,3.0000000000000027,1.0714285714285714,24,9,15,0.21621621621621623,0.02313624678663239,0.91,0.98,41,20,6,0.098,0.03831250380904567,0.9837307850387192,34.0746548686801,0.9829385174512864,126.29843859997345,4.291269925001416
darken,3,detector+cue:depth_boundary_emphasis,perturbed,0.1,500,0.806,0.778,0.798,2.0000000000000018,0.7142857142857143,21,11,10,0.1891891891891892,0.028277634961439587,0.91,0.968,37,18,8,0.096,0.0370836760813072,0.9837307850387192,32.719019062616645,0.9817250602245331,126.81908339972142,4.291269925001416
darken,3,detector+cue:entity_background_separation,perturbed,0.1,500,0.806,0.778,0.806,2.8000000000000025,1.0,23,9,14,0.2072072072072072,0.02313624678663239,0.91,0.978,40,19,6,0.094,0.04028819491334798,0.9837307850387192,28.336948093800427,0.9822444411516189,126.71259939976153,4.291269925001416
darken,3,detector+cue:shadow_reinforcement,perturbed,0.2,500,0.806,0.778,0.804,2.6000000000000023,0.9285714285714286,23,10,13,0.2072072072072072,0.02570694087403599,0.91,0.968,37,17,8,0.094,0.039677967120403994,0.9837307850387192,23.915474627930063,0.9711778351068496,126.08563219962525,4.291269925001416
darken,3,detector+cue:contrast_luminance,perturbed,0.1,500,0.806,0.778,0.806,2.8000000000000025,1.0,22,8,14,0.1981981981981982,0.02056555269922879,0.91,0.976,39,19,6,0.096,0.03917631190317297,0.9837307850387192,32.83054754922281,0.9805555775165558,127.7037271996087,4.291269925001416
darken,3,detector+cue:thermal_injection,perturbed,0.1,500,0.806,0.778,0.798,2.0000000000000018,0.7142857142857143,20,10,10,0.18018018018018017,0.02570694087403599,0.91,0.944,31,15,14,0.098,0.03722314347270821,0.9837307850387192,26.1407908083863,0.9682071406841278,126.58666079962859,4.291269925001416
brighten,1,none,unused,,500,0.806,0.786,0.786,0.0,0.0,0,0,0,0.0,0.0,0.93,0.93,0,0,0,0.0,0.0,0.9948070575811941,12.5492625089376,0.7527832219600677,0.0,4.291269925001416
brighten,1,oracle_classical,unused,,500,0.806,0.786,0.804,1.8000000000000016,0.9,15,6,9,0.14018691588785046,0.015267175572519083,0.93,0.984,30,17,3,0.072,0.020641934225910517,0.9948070575811941,49.947740372731936,0.9838798466920853,1.1778675997047685,4.286531559378091
brighten,1,detector_classical,unused,,500,0.806,0.786,0.8,1.4000000000000012,0.7,13,6,7,0.12149532710280374,0.015267175572519083,0.93,0.982,28,17,2,0.066,0.019719627740261786,0.9948070575811941,49.34268355585337,0.9757380490303039,99.07646940057748,4.286531559378091
brighten,1,baseline:unsharp,unused,0.1,500,0.806,0.786,0.786,0.0,0.0,6,6,0,0.056074766355140186,0.015267175572519083,0.93,0.92,5,3,10,0.038,0.001017901869630805,0.9948070575811941,12.607726361248947,0.7744247613549232,0.4821411999873817,4.286531559378091
brighten,1,baseline:autocontrast,unused,0.3,500,0.806,0.786,0.802,1.6000000000000014,0.8,12,4,8,0.11214953271028037,0.010178117048346057,0.93,0.95,15,6,5,0.048,0.011424456180415292,0.9948070575811941,15.745998057524794,0.8357385447621346,1.293645600148011,4.286531559378091
brighten,1,baseline:clahe,unused,0.1,500,0.806,0.786,0.798,1.200000000000001,0.6,9,3,6,0.08411214953271028,0.007633587786259542,0.93,0.936,8,4,5,0.028,0.0029653959053939616,0.9948070575811941,12.895422651190842,0.7736097984313964,1.3630109996011015,4.286531559378091
brighten,1,cue:border_strengthening,perturbed,0.1,500,0.806,0.786,0.79,0.40000000000000036,0.2,8,6,2,0.07476635514018691,0.015267175572519083,0.93,0.926,6,2,8,0.036,-0.002425884136941022,0.9948070575811941,12.485192639471775,0.7502256667017937,25.98524859995814,4.286531559378091
brighten,1,cue:depth_boundary_emphasis,perturbed,0.1,500,0.806,0.786,0.77,-1.6000000000000014,-0.8,4,12,-8,0.037383177570093455,0.030534351145038167,0.93,0.922,9,7,13,0.046,-0.004879592965045958,0.9948070575811941,12.696164449946833,0.7482959911227226,26.469398199755233,4.286531559378091
brighten,1,cue:entity_background_separation,perturbed,0.1,500,0.806,0.786,0.792,0.6000000000000005,0.3,8,5,3,0.07476635514018691,0.01272264631043257,0.93,0.924,6,2,9,0.034,0.003799234688038268,0.9948070575811941,13.796614029645783,0.7522258275747299,26.386334599665133,4.286531559378091
brighten,1,cue:shadow_reinforcement,perturbed,0.2,500,0.806,0.786,0.794,0.8000000000000007,0.4,10,6,4,0.09345794392523364,0.015267175572519083,0.93,0.94,13,6,8,0.05,0.0033292527725498075,0.9948070575811941,14.197422673491824,0.742354779958725,25.768339199654292,4.286531559378091
brighten,1,cue:contrast_luminance,perturbed,0.1,500,0.806,0.786,0.796,1.0000000000000009,0.5,6,1,5,0.056074766355140186,0.002544529262086514,0.93,0.932,4,1,3,0.014,0.004106090259003395,0.9948070575811941,12.805461335675476,0.768383704483509,27.301377199357376,4.286531559378091
brighten,1,cue:thermal_injection,perturbed,0.1,500,0.806,0.786,0.778,-0.8000000000000007,-0.4,9,13,-4,0.08411214953271028,0.03307888040712468,0.93,0.9,9,6,24,0.082,-0.023430666097447102,0.9948070575811941,13.148713513822168,0.7331287631392479,26.26085359940771,4.286531559378091
brighten,1,cue:border_strengthening,clean,0.1,500,0.806,0.786,0.792,0.6000000000000005,0.3,8,5,3,0.07476635514018691,0.01272264631043257,0.93,0.924,5,2,8,0.034,-0.0025300836780734245,0.9948070575811941,12.484921541636227,0.750261315703392,0.5725104002340231,4.286531559378091
brighten,1,cue:depth_boundary_emphasis,clean,0.1,500,0.806,0.786,0.778,-0.8000000000000007,-0.4,5,9,-4,0.04672897196261682,0.022900763358778626,0.93,0.926,9,5,11,0.042,-0.004701809624434645,0.9948070575811941,12.696445233001425,0.7481782200336456,1.1017063993785996,4.286531559378091
brighten,1,cue:entity_background_separation,clean,0.1,500,0.806,0.786,0.798,1.200000000000001,0.6,11,5,6,0.102803738317757,0.01272264631043257,0.93,0.926,8,2,10,0.042,0.00454109157638959,0.9948070575811941,13.799389039255816,0.7522394075393677,1.0101595999440178,4.286531559378091
brighten,1,cue:shadow_reinforcement,clean,0.2,500,0.806,0.786,0.796,1.0000000000000009,0.5,10,5,5,0.09345794392523364,0.01272264631043257,0.93,0.932,10,4,9,0.046,0.002788534076898941,0.9948070575811941,14.199529095512585,0.7422678710818291,0.3851235998736229,4.286531559378091
brighten,1,cue:contrast_luminance,clean,0.1,500,0.806,0.786,0.8,1.4000000000000012,0.7,8,1,7,0.07476635514018691,0.002544529262086514,0.93,0.934,5,1,3,0.018,0.0042465819785247735,0.9948070575811941,12.805277423864734,0.7683649500608444,1.931638000503881,4.286531559378091
brighten,1,cue:thermal_injection,clean,0.1,500,0.806,0.786,0.766,-2.0000000000000018,-1.0,5,15,-10,0.04672897196261682,0.03816793893129771,0.93,0.894,6,6,24,0.082,-0.02536705889312725,0.9948070575811941,13.150264733040059,0.7331393463015556,0.8587067998887505,4.286531559378091
brighten,1,cue:border_strengthening,mismatched,0.1,500,0.806,0.786,0.79,0.40000000000000036,0.2,8,6,2,0.07476635514018691,0.015267175572519083,0.93,0.922,6,3,10,0.038,-0.004050632367660001,0.9948070575811941,12.482343746415209,0.7464878778457642,0.5759478002146352,4.286531559378091
brighten,1,cue:depth_boundary_emphasis,mismatched,0.1,500,0.806,0.786,0.776,-1.0000000000000009,-0.5,9,14,-5,0.08411214953271028,0.035623409669211195,0.93,0.912,8,2,17,0.058,-0.009778451907601265,0.9948070575811941,12.695370179931619,0.7387571944594383,1.1070375997805968,4.286531559378091
brighten,1,cue:entity_background_separation,mismatched,0.1,500,0.806,0.786,0.79,0.40000000000000036,0.2,9,7,2,0.08411214953271028,0.017811704834605598,0.93,0.934,11,4,9,0.046,-0.0027168319758202413,0.9948070575811941,13.826117251534058,0.7485759006142616,0.9998778001754545,4.286531559378091
brighten,1,cue:shadow_reinforcement,mismatched,0.2,500,0.806,0.786,0.782,-0.40000000000000036,-0.2,10,12,-2,0.09345794392523364,0.030534351145038167,0.93,0.906,9,5,21,0.068,-0.012451989760334983,0.9948070575811941,14.369721156250046,0.7324253535270691,0.38971779972780496,4.286531559378091
brighten,1,cue:contrast_luminance,mismatched,0.1,500,0.806,0.786,0.79,0.40000000000000036,0.2,5,3,2,0.04672897196261682,0.007633587786259542,0.93,0.936,6,2,3,0.018,0.003693134819764964,0.9948070575811941,12.79649979594806,0.7680462174415589,1.9285976003739052,4.286531559378091
brighten,1,cue:thermal_injection,mismatched,0.1,500,0.806,0.786,0.768,-1.8000000000000016,-0.9,12,21,-9,0.11214953271028037,0.05343511450381679,0.93,0.882,10,8,34,0.098,-0.037047566151843056,0.9948070575811941,13.222182376404067,0.7283579514026642,0.8644067997811362,4.286531559378091
brighten,1,detector+cue:border_strengthening,perturbed,0.1,500,0.806,0.786,0.812,2.6000000000000023,1.3,17,4,13,0.1588785046728972,0.010178117048346057,0.93,0.978,27,15,3,0.068,0.01990932556021471,0.9948070575811941,33.581395203251624,0.9746480100154876,125.05588640057249,4.286531559378091
brighten,1,detector+cue:depth_boundary_emphasis,perturbed,0.1,500,0.806,0.786,0.796,1.0000000000000009,0.5,15,10,5,0.14018691588785046,0.02544529262086514,0.93,0.968,28,16,9,0.08,0.01689801688541411,0.9948070575811941,32.214771021224486,0.9733139824867248,125.57564800028922,4.286531559378091
brighten,1,detector+cue:entity_background_separation,perturbed,0.1,500,0.806,0.786,0.806,2.0000000000000018,1.0,15,5,10,0.14018691588785046,0.01272264631043257,0.93,0.976,27,15,4,0.068,0.02159830357445571,0.9948070575811941,27.939965053586786,0.9737078649997711,125.48212900050567,4.286531559378091
brighten,1,detector+cue:shadow_reinforcement,perturbed,0.2,500,0.806,0.786,0.806,2.0000000000000018,1.0,16,6,10,0.14953271028037382,0.015267175572519083,0.93,0.97,26,13,6,0.07,0.019771281828348947,0.9948070575811941,23.582268479782726,0.9622359898090362,124.85423040017486,4.286531559378091
brighten,1,detector+cue:contrast_luminance,perturbed,0.1,500,0.806,0.786,0.806,2.0000000000000018,1.0,15,5,10,0.14018691588785046,0.01272264631043257,0.93,0.974,26,15,4,0.068,0.019321000570080286,0.9948070575811941,32.44991058692654,0.9731843807697296,126.50537300025462,4.286531559378091
brighten,1,detector+cue:thermal_injection,perturbed,0.1,500,0.806,0.786,0.79,0.40000000000000036,0.2,13,11,2,0.12149532710280374,0.027989821882951654,0.93,0.944,21,13,14,0.084,0.0160344722568816,0.9948070575811941,25.799236123259654,0.9600133751034736,125.3560362001881,4.286531559378091
brighten,2,none,unused,,500,0.806,0.766,0.766,0.0,0.0,0,0,0,0.0,0.0,0.892,0.892,0,0,0,0.0,0.0,0.9878659111110252,9.027437012199746,0.6054423231482505,0.0,4.286531559378091
brighten,2,oracle_classical,unused,,500,0.806,0.766,0.804,3.8000000000000034,0.95,28,9,19,0.23931623931623933,0.02349869451697128,0.892,0.984,49,21,3,0.108,0.047603467405388074,0.9878659111110252,49.06004592337932,0.9838800189495087,1.1361407997610513,4.286531559378091
brighten,2,detector_classical,unused,,500,0.806,0.766,0.802,3.600000000000003,0.9,27,9,18,0.23076923076923078,0.02349869451697128,0.892,0.982,48,21,3,0.106,0.04653066718632908,0.9878659111110252,49.03572674485944,0.982922506928444,99.30234999960521,4.286531559378091
brighten,2,baseline:unsharp,unused,0.1,500,0.806,0.766,0.762,-0.40000000000000036,-0.1,3,5,-2,0.02564102564102564,0.013054830287206266,0.892,0.888,5,2,7,0.038,0.0008386750738309275,0.9878659111110252,9.054761417362679,0.6310614573657513,0.49985579983331263,4.329017134381047
brighten,2,baseline:autocontrast,unused,0.3,500,0.806,0.766,0.788,2.200000000000002,0.55,18,7,11,0.15384615384615385,0.018276762402088774,0.892,0.928,24,8,6,0.074,0.027532148966896784,0.9878659111110252,12.187964933213985,0.7474581989049911,1.2980361997906584,4.329017134381047
brighten,2,baseline:clahe,unused,0.1,500,0.806,0.766,0.768,0.20000000000000018,0.05,8,7,1,0.06837606837606838,0.018276762402088774,0.892,0.906,12,5,5,0.042,0.004412140769041798,0.9878659111110252,9.311782402086854,0.6332828195393085,1.326714600174455,4.329017134381047
brighten,2,cue:border_strengthening,perturbed,0.1,500,0.806,0.766,0.756,-1.0000000000000009,-0.25,6,11,-5,0.05128205128205128,0.028720626631853787,0.892,0.886,8,3,11,0.054,-0.005449403932663699,0.9878659111110252,8.977041710526548,0.602182087033987,26.491333800222492,4.329017134381047
brighten,2,cue:depth_boundary_emphasis,perturbed,0.1,500,0.806,0.766,0.75,-1.6000000000000014,-0.4,5,13,-8,0.042735042735042736,0.033942558746736295,0.892,0.884,12,7,16,0.072,-0.013302749853340174,0.9878659111110252,9.1497530010653,0.6008313258886337,26.997852600412443,4.329017134381047
brighten,2,cue:entity_background_separation,perturbed,0.1,500,0.806,0.766,0.77,0.40000000000000036,0.1,11,9,2,0.09401709401709402,0.02349869451697128,0.892,0.918,19,8,6,0.062,0.00452532191244245,0.9878659111110252,10.093495638444933,0.6027476131618023,26.884503400331596,4.329017134381047
brighten,2,cue:shadow_reinforcement,perturbed,0.2,500,0.806,0.766,0.764,-0.20000000000000018,-0.05,11,12,-1,0.09401709401709402,0.031331592689295036,0.892,0.9,17,7,13,0.08,-0.005139795741792114,0.9878659111110252,10.623580841043378,0.5929995599389076,26.277631199889584,4.329017134381047
brighten,2,cue:contrast_luminance,perturbed,0.1,500,0.806,0.766,0.766,0.0,0.0,6,6,0,0.05128205128205128,0.015665796344647518,0.892,0.906,11,5,4,0.036,0.004971582622805727,0.9878659111110252,9.238378440905429,0.6261390779316426,27.808407800563145,4.329017134381047
brighten,2,cue:thermal_injection,perturbed,0.1,500,0.806,0.766,0.726,-4.0000000000000036,-1.0,11,31,-20,0.09401709401709402,0.08093994778067885,0.892,0.84,16,5,42,0.142,-0.04110283737819464,0.9878659111110252,9.78265004208963,0.5883754969835281,26.759743600152433,4.329017134381047
brighten,2,cue:border_strengthening,clean,0.1,500,0.806,0.766,0.762,-0.40000000000000036,-0.1,7,9,-2,0.05982905982905983,0.02349869451697128,0.892,0.884,8,3,12,0.056,-0.0032450980069643263,0.9878659111110252,8.976698003814116,0.6023018068671226,0.5809322000714019,4.329017134381047
brighten,2,cue:depth_boundary_emphasis,clean,0.1,500,0.806,0.766,0.756,-1.0000000000000009,-0.25,5,10,-5,0.042735042735042736,0.02610966057441253,0.892,0.878,9,5,16,0.062,-0.014650520605197925,0.9878659111110252,9.149976480748567,0.6004545163214207,1.098167399817612,4.329017134381047
brighten,2,cue:entity_background_separation,clean,0.1,500,0.806,0.766,0.766,0.0,0.0,7,7,0,0.05982905982905983,0.018276762402088774,0.892,0.902,13,6,8,0.058,0.0032861970397661936,0.9878659111110252,10.097103071562795,0.6027546540796757,0.9784349997353274,4.329017134381047
brighten,2,cue:shadow_reinforcement,clean,0.2,500,0.806,0.766,0.764,-0.20000000000000018,-0.05,10,11,-1,0.08547008547008547,0.028720626631853787,0.892,0.9,18,8,14,0.082,-0.0034608366569982537,0.9878659111110252,10.626398754288614,0.5926093576848507,0.3695643995888531,4.329017134381047
brighten,2,cue:contrast_luminance,clean,0.1,500,0.806,0.766,0.766,0.0,0.0,8,8,0,0.06837606837606838,0.020887728459530026,0.892,0.904,12,5,6,0.042,0.004862390187126948,0.9878659111110252,9.238165849182781,0.6261081990301609,1.908739600010449,4.329017134381047
brighten,2,cue:thermal_injection,clean,0.1,500,0.806,0.766,0.728,-3.8000000000000034,-0.95,11,30,-19,0.09401709401709402,0.0783289817232376,0.892,0.838,12,2,39,0.13,-0.041641705676111085,0.9878659111110252,9.784926028564595,0.5882472411990166,0.861846600077115,4.329017134381047
brighten,2,cue:border_strengthening,mismatched,0.1,500,0.806,0.766,0.758,-0.8000000000000007,-0.2,8,12,-4,0.06837606837606838,0.031331592689295036,0.892,0.864,8,2,22,0.072,-0.019637669227047808,0.9878659111110252,8.974212448985014,0.5985023541748524,0.5821738001541235,4.329017134381047
brighten,2,cue:depth_boundary_emphasis,mismatched,0.1,500,0.806,0.766,0.74,-2.6000000000000023,-0.65,9,22,-13,0.07692307692307693,0.057441253263707574,0.892,0.844,11,4,35,0.11,-0.03333171666579165,0.9878659111110252,9.149493325310123,0.5899172296524048,1.0953473997069523,4.329017134381047
brighten,2,cue:entity_background_separation,mismatched,0.1,500,0.806,0.766,0.758,-0.8000000000000007,-0.2,10,14,-4,0.08547008547008547,0.03655352480417755,0.892,0.874,10,2,19,0.07,-0.012320110087627654,0.9878659111110252,10.113865899875801,0.599326719135046,1.0090166000591125,4.329017134381047
brighten,2,cue:shadow_reinforcement,mismatched,0.2,500,0.806,0.766,0.738,-2.8000000000000025,-0.7,9,23,-14,0.07692307692307693,0.06005221932114883,0.892,0.85,11,5,32,0.106,-0.03176788973623206,0.9878659111110252,10.753531105738396,0.5836503246724606,0.3793584002414718,4.329017134381047
brighten,2,cue:contrast_luminance,mismatched,0.1,500,0.806,0.766,0.764,-0.20000000000000018,-0.05,5,6,-1,0.042735042735042736,0.015665796344647518,0.892,0.898,9,5,6,0.034,0.0028592223294090216,0.9878659111110252,9.23099991053153,0.6256281432509422,1.9102279994694982,4.329017134381047
brighten,2,cue:thermal_injection,mismatched,0.1,500,0.806,0.766,0.708,-5.800000000000005,-1.45,10,39,-29,0.08547008547008547,0.10182767624020887,0.892,0.798,7,3,54,0.158,-0.06444288172444067,0.9878659111110252,9.830278255654259,0.5841750337779522,0.8647522000246681,4.329017134381047
brighten,2,detector+cue:border_strengthening,perturbed,0.1,500,0.806,0.766,0.812,4.600000000000004,1.15,30,7,23,0.2564102564102564,0.018276762402088774,0.892,0.974,46,19,5,0.108,0.045922867296099866,0.9878659111110252,33.96917845690735,0.9819202608466149,125.79284699982964,4.329017134381047
brighten,2,detector+cue:depth_boundary_emphasis,perturbed,0.1,500,0.806,0.766,0.796,3.0000000000000027,0.75,27,12,15,0.23076923076923078,0.031331592689295036,0.892,0.966,45,19,8,0.11,0.043705953623304594,0.9878659111110252,32.596005190451805,0.9806361624598503,126.32055939969723,4.329017134381047
brighten,2,detector+cue:entity_background_separation,perturbed,0.1,500,0.806,0.766,0.804,3.8000000000000034,0.95,28,9,19,0.23931623931623933,0.02349869451697128,0.892,0.976,47,20,5,0.106,0.04775098012754643,0.9878659111110252,28.302386869726483,0.9811178697943688,126.21807460024138,4.329017134381047
brighten,2,detector+cue:shadow_reinforcement,perturbed,0.2,500,0.806,0.766,0.804,3.8000000000000034,0.95,27,8,19,0.23076923076923078,0.020887728459530026,0.892,0.966,42,17,5,0.104,0.046595907460208766,0.9878659111110252,23.87138770213487,0.969787872493267,125.59458299982361,4.329017134381047
brighten,2,detector+cue:contrast_luminance,perturbed,0.1,500,0.806,0.766,0.806,4.0000000000000036,1.0,28,8,20,0.23931623931623933,0.020887728459530026,0.892,0.972,45,19,5,0.106,0.0462425479453741,0.9878659111110252,32.80256668344081,0.9796907463669777,127.17827799968654,4.329017134381047
brighten,2,detector+cue:thermal_injection,perturbed,0.1,500,0.806,0.766,0.798,3.200000000000003,0.8,26,10,16,0.2222222222222222,0.02610966057441253,0.892,0.95,39,17,10,0.108,0.044619878660245374,0.9878659111110252,26.11981136280691,0.9670987873673439,126.08948219992453,4.329017134381047
brighten,3,none,unused,,500,0.806,0.724,0.724,0.0,0.0,0,0,0,0.0,0.0,0.822,0.822,0,0,0,0.0,0.0,0.9736715720897866,6.528662177210377,0.435876508936286,0.0,4.329017134381047
brighten,3,oracle_classical,unused,,500,0.806,0.724,0.804,8.000000000000007,0.975609756097561,48,8,40,0.34782608695652173,0.022099447513812154,0.822,0.984,84,37,3,0.182,0.10737321706787953,0.9736715720897866,48.6920013254667,0.9838799760341644,1.1453460001503117,4.329017134381047
brighten,3,detector_classical,unused,,500,0.806,0.724,0.804,8.000000000000007,0.975609756097561,48,8,40,0.34782608695652173,0.022099447513812154,0.822,0.984,84,37,3,0.182,0.10737321706787953,0.9736715720897866,48.6920013254667,0.9838799760341644,98.40647879958851,4.329017134381047
brighten,3,baseline:unsharp,unused,0.1,500,0.806,0.724,0.726,0.20000000000000018,0.024390243902439025,7,6,1,0.050724637681159424,0.016574585635359115,0.822,0.826,7,1,5,0.038,0.007838226305360877,0.9736715720897866,6.539155740815223,0.45339435279369356,0.4947084002196789,4.329017134381047
brighten,3,baseline:autocontrast,unused,0.3,500,0.806,0.724,0.772,4.800000000000004,0.5853658536585366,28,4,24,0.2028985507246377,0.011049723756906077,0.822,0.908,46,22,3,0.126,0.0699260850174196,0.9736715720897866,9.672463944401123,0.6487391797900199,1.2983900002145674,4.329017134381047
brighten,3,baseline:clahe,unused,0.1,500,0.806,0.724,0.732,0.8000000000000007,0.0975609756097561,8,4,4,0.057971014492753624,0.011049723756906077,0.822,0.834,9,3,3,0.036,0.01108051448722381,0.9736715720897866,6.7024693138518785,0.45836671829223635,1.3383864002826158,4.403958600001715
brighten,3,cue:border_strengthening,perturbed,0.1,500,0.806,0.724,0.7,-2.400000000000002,-0.2926829268292683,6,18,-12,0.043478260869565216,0.049723756906077346,0.822,0.794,7,3,21,0.092,-0.026847354932460803,0.9736715720897866,6.4849705299555715,0.4319988094419241,26.14364579980611,4.403958600001715
brighten,3,cue:depth_boundary_emphasis,perturbed,0.1,500,0.806,0.724,0.66,-6.399999999999995,-0.7804878048780475,6,38,-32,0.043478260869565216,0.10497237569060773,0.822,0.746,11,7,49,0.174,-0.07145454950485691,0.9736715720897866,6.6388478379672256,0.4334305587410927,26.63873139981297,4.403958600001715
brighten,3,cue:entity_background_separation,perturbed,0.1,500,0.806,0.724,0.7,-2.400000000000002,-0.2926829268292683,9,21,-12,0.06521739130434782,0.058011049723756904,0.822,0.796,12,7,25,0.114,-0.020149949917553384,0.9736715720897866,7.479994797756457,0.43489966890215875,26.54462660010904,4.403958600001715
brighten,3,cue:shadow_reinforcement,perturbed,0.2,500,0.806,0.724,0.658,-6.599999999999994,-0.8048780487804864,8,41,-33,0.057971014492753624,0.1132596685082873,0.822,0.768,17,10,44,0.178,-0.05433054937939778,0.9736715720897866,8.022924178099606,0.42921213239431383,25.927169800153933,4.403958600001715
brighten,3,cue:contrast_luminance,perturbed,0.1,500,0.806,0.724,0.728,0.40000000000000036,0.04878048780487805,6,4,2,0.043478260869565216,0.011049723756906077,0.822,0.84,10,5,1,0.032,0.008237059282095288,0.9736715720897866,6.658208709296149,0.45255928578972815,27.442325999378227,4.403958600001715
brighten,3,cue:thermal_injection,perturbed,0.1,500,0.806,0.724,0.636,-8.799999999999997,-1.0731707317073158,19,63,-44,0.13768115942028986,0.17403314917127072,0.822,0.698,17,4,79,0.258,-0.09838864490291781,0.9736715720897866,7.336917220435713,0.4274580015540123,26.422401399730006,4.403958600001715
brighten,3,cue:border_strengthening,clean,0.1,500,0.806,0.724,0.698,-2.6000000000000023,-0.3170731707317073,6,19,-13,0.043478260869565216,0.052486187845303865,0.822,0.784,6,3,25,0.096,-0.024220898269582902,0.9736715720897866,6.485089536159697,0.4322775541990995,0.5723318000964355,4.403958600001715
brighten,3,cue:depth_boundary_emphasis,clean,0.1,500,0.806,0.724,0.652,-7.199999999999996,-0.8780487804878035,10,46,-36,0.07246376811594203,0.1270718232044199,0.822,0.734,14,8,58,0.19,-0.06794070816925159,0.9736715720897866,6.6381313126379835,0.4325612473040819,1.0874870003026444,4.403958600001715
brighten,3,cue:entity_background_separation,clean,0.1,500,0.806,0.724,0.71,-1.4000000000000012,-0.17073170731707318,12,19,-7,0.08695652173913043,0.052486187845303865,0.822,0.8,14,5,25,0.108,-0.01700676545728038,0.9736715720897866,7.491315064999059,0.4348606735765934,0.995390199648682,4.403958600001715
brighten,3,cue:shadow_reinforcement,clean,0.2,500,0.806,0.724,0.67,-5.399999999999993,-0.6585365853658524,11,38,-27,0.07971014492753623,0.10497237569060773,0.822,0.776,19,11,42,0.182,-0.04547614951766809,0.9736715720897866,8.0377993630128,0.4282880639731884,0.3774246004468296,4.403958600001715
brighten,3,cue:contrast_luminance,clean,0.1,500,0.806,0.724,0.732,0.8000000000000007,0.0975609756097561,8,4,4,0.057971014492753624,0.011049723756906077,0.822,0.844,12,5,1,0.036,0.008561942141714098,0.9736715720897866,6.657934836844286,0.45251887986063954,1.8919316004321445,4.403958600001715
brighten,3,cue:thermal_injection,clean,0.1,500,0.806,0.724,0.618,-10.599999999999998,-1.292682926829267,11,64,-53,0.07971014492753623,0.17679558011049723,0.822,0.684,11,3,80,0.256,-0.10094391677193744,0.9736715720897866,7.345667377388646,0.4271197671890259,0.8762390000629239,4.403958600001715
brighten,3,cue:border_strengthening,mismatched,0.1,500,0.806,0.724,0.66,-6.399999999999995,-0.7804878048780475,9,41,-32,0.06521739130434782,0.1132596685082873,0.822,0.744,14,8,53,0.184,-0.07085579905912709,0.9736715720897866,6.482596419816955,0.42912453608214857,0.5886289997724816,4.403958600001715
brighten,3,cue:depth_boundary_emphasis,mismatched,0.1,500,0.806,0.724,0.6,-12.4,-1.5121951219512182,8,70,-62,0.057971014492753624,0.19337016574585636,0.822,0.668,9,3,86,0.26,-0.11729183828452364,0.9736715720897866,6.637819668951796,0.42076932077109813,1.1172416002082173,4.403958600001715
brighten,3,cue:entity_background_separation,mismatched,0.1,500,0.806,0.724,0.662,-6.199999999999994,-0.7560975609756084,9,40,-31,0.06521739130434782,0.11049723756906077,0.822,0.758,16,10,48,0.174,-0.06608911402809099,0.9736715720897866,7.505209078568314,0.43184271834790705,1.017544199625263,4.403958600001715
brighten,3,cue:shadow_reinforcement,mismatched,0.2,500,0.806,0.724,0.61,-11.399999999999999,-1.390243902439023,9,66,-57,0.06521739130434782,0.18232044198895028,0.822,0.678,14,7,86,0.264,-0.1354282524987989,0.9736715720897866,8.143055210502904,0.4200792849957943,0.38500240008579567,4.403958600001715
brighten,3,cue:contrast_luminance,mismatched,0.1,500,0.806,0.724,0.724,0.0,0.0,5,5,0,0.036231884057971016,0.013812154696132596,0.822,0.834,8,3,2,0.03,0.00763663877946965,0.9736715720897866,6.653439454053523,0.45207644352316856,1.875670600187732,4.403958600001715
brighten,3,cue:thermal_injection,mismatched,0.1,500,0.806,0.724,0.54,-18.399999999999995,-2.2439024390243874,9,101,-92,0.06521739130434782,0.27900552486187846,0.822,0.588,10,5,127,0.372,-0.18959930019554486,0.9736715720897866,7.378456036041673,0.42346308194100857,0.8697198001027573,4.403958600001715
brighten,3,detector+cue:border_strengthening,perturbed,0.1,500,0.806,0.724,0.812,8.800000000000008,1.0731707317073171,52,8,44,0.37681159420289856,0.022099447513812154,0.822,0.98,83,36,4,0.186,0.10702213170129471,0.9736715720897866,34.01462495029943,0.9829374200105667,124.54211859955103,4.403958600001715
brighten,3,detector+cue:depth_boundary_emphasis,perturbed,0.1,500,0.806,0.724,0.8,7.600000000000007,0.926829268292683,47,9,38,0.34057971014492755,0.024861878453038673,0.822,0.97,79,34,5,0.18,0.1050819601479434,0.9736715720897866,32.63498058109389,0.9816732226610184,125.05876819934929,4.403958600001715
brighten,3,detector+cue:entity_background_separation,perturbed,0.1,500,0.806,0.724,0.808,8.400000000000007,1.024390243902439,50,8,42,0.36231884057971014,0.022099447513812154,0.822,0.976,81,34,4,0.178,0.107678487615236,0.9736715720897866,28.309678140965357,0.982208404660225,124.96965719922446,4.403958600001715
brighten,3,detector+cue:shadow_reinforcement,perturbed,0.2,500,0.806,0.724,0.806,8.200000000000006,1.0,51,10,41,0.3695652173913043,0.027624309392265192,0.822,0.968,79,32,6,0.182,0.10782292053441415,0.9736715720897866,23.90565409991716,0.9711948010921478,124.34735959913814,4.403958600001715
brighten,3,detector+cue:contrast_luminance,perturbed,0.1,500,0.806,0.724,0.806,8.200000000000006,1.0,49,8,41,0.35507246376811596,0.022099447513812154,0.822,0.976,81,35,4,0.182,0.10717863887057866,0.9736715720897866,32.82017293841524,0.9805557744503022,125.94580819969997,4.403958600001715
brighten,3,detector+cue:thermal_injection,perturbed,0.1,500,0.806,0.724,0.804,8.000000000000007,0.975609756097561,49,9,40,0.35507246376811596,0.024861878453038673,0.822,0.944,72,30,11,0.186,0.1042000023355522,0.9736715720897866,26.13717838409101,0.968376409649849,124.83723699959228,4.403958600001715
gaussian_blur,1,none,unused,,500,0.806,0.694,0.694,0.0,0.0,0,0,0,0.0,0.0,0.78,0.78,0,0,0,0.0,0.0,0.9822828426181156,27.614173596634153,0.8716391730308533,0.0,4.403958600001715
gaussian_blur,1,oracle_classical,unused,,500,0.806,0.694,0.716,2.200000000000002,0.19642857142857142,24,13,11,0.1568627450980392,0.037463976945244955,0.78,0.808,29,7,15,0.128,0.03215088775248637,0.9822828426181156,29.35920615055583,0.9235644637346268,1.103344799921615,4.403958600001715
gaussian_blur,1,detector_classical,unused,,500,0.806,0.694,0.71,1.6000000000000014,0.14285714285714285,18,10,8,0.11764705882352941,0.02881844380403458,0.78,0.8,21,5,11,0.098,0.023070130332944017,0.9822828426181156,28.85307487766639,0.9063385146856308,102.99256460033939,4.403958600001715
gaussian_blur,1,baseline:unsharp,unused,0.1,500,0.806,0.694,0.71,1.6000000000000014,0.14285714285714285,9,1,8,0.058823529411764705,0.002881844380403458,0.78,0.796,10,3,2,0.042,0.017512637208338674,0.9822828426181156,28.503564695327402,0.8931283155679702,1.1468167995626573,4.403958600001715
gaussian_blur,1,baseline:autocontrast,unused,0.3,500,0.806,0.694,0.696,0.20000000000000018,0.017857142857142856,2,1,1,0.013071895424836602,0.002881844380403458,0.78,0.786,4,2,1,0.022,0.00253401992421459,0.9822828426181156,26.927352760675056,0.8757351738214493,1.7281818001065403,4.403958600001715
gaussian_blur,1,baseline:clahe,unused,0.1,500,0.806,0.694,0.698,0.40000000000000036,0.03571428571428571,5,3,2,0.032679738562091505,0.008645533141210375,0.78,0.79,8,3,3,0.038,0.0022021729461004043,0.9822828426181156,27.568239391944072,0.8784576950073242,1.9161135998147074,4.403958600001715
gaussian_blur,1,cue:border_strengthening,perturbed,0.1,500,0.806,0.694,0.702,0.8000000000000007,0.07142857142857142,7,3,4,0.0457516339869281,0.008645533141210375,0.78,0.794,9,3,2,0.044,0.00655562064428409,0.9822828426181156,27.659996826479315,0.8722921469211579,27.998860800697003,4.403958600001715
gaussian_blur,1,cue:depth_boundary_emphasis,perturbed,0.1,500,0.806,0.694,0.692,-0.20000000000000018,-0.017857142857142856,2,3,-1,0.013071895424836602,0.008645533141210375,0.78,0.782,3,1,2,0.026,-0.0023826705946469245,0.9822828426181156,27.187392485014286,0.8662887043952942,28.615097600617446,4.390793546871009
gaussian_blur,1,cue:entity_background_separation,perturbed,0.1,500,0.806,0.694,0.696,0.20000000000000018,0.017857142857142856,5,4,1,0.032679738562091505,0.011527377521613832,0.78,0.78,4,1,4,0.04,0.0010952061105556367,0.9822828426181156,24.356630123360656,0.858139479637146,28.39616280066548,4.390793546871009
gaussian_blur,1,cue:shadow_reinforcement,perturbed,0.2,500,0.806,0.694,0.686,-0.7999999999999896,-0.07142857142857044,5,9,-4,0.032679738562091505,0.025936599423631124,0.78,0.772,7,3,11,0.062,-0.0023828785747612075,0.9822828426181156,21.483753638158966,0.8388333065509797,27.73598940053489,4.390793546871009
gaussian_blur,1,cue:contrast_luminance,perturbed,0.1,500,0.806,0.694,0.698,0.40000000000000036,0.03571428571428571,4,2,2,0.026143790849673203,0.005763688760806916,0.78,0.79,7,3,2,0.034,0.0026678140097933464,0.9822828426181156,27.64402028587833,0.8772006962299347,29.681932800420327,4.390793546871009
gaussian_blur,1,cue:thermal_injection,perturbed,0.1,500,0.806,0.694,0.672,-2.199999999999991,-0.19642857142857043,13,24,-11,0.08496732026143791,0.069164265129683,0.78,0.736,11,3,33,0.14,-0.018222625675263268,0.9822828426181156,23.571435024483115,0.831434379696846,28.63499800034333,4.390793546871009
gaussian_blur,1,cue:border_strengthening,clean,0.1,500,0.806,0.694,0.704,1.0000000000000009,0.08928571428571429,5,0,5,0.032679738562091505,0.0,0.78,0.79,5,1,0,0.026,0.004523922251409545,0.9822828426181156,27.63870890209924,0.8719649147987366,0.37489260008442216,4.390793546871009
gaussian_blur,1,cue:depth_boundary_emphasis,clean,0.1,500,0.806,0.694,0.694,0.0,0.0,5,5,0,0.032679738562091505,0.01440922190201729,0.78,0.792,9,4,3,0.04,-0.0017110642252353046,0.9822828426181156,27.21563068408813,0.8667672396898269,0.9167197996575851,4.390793546871009
gaussian_blur,1,cue:entity_background_separation,clean,0.1,500,0.806,0.694,0.69,-0.40000000000000036,-0.03571428571428571,3,5,-2,0.0196078431372549,0.01440922190201729,0.78,0.778,5,3,6,0.038,-0.0004525871205221392,0.9822828426181156,24.311086627376636,0.8575001181364059,0.7910765999986324,4.390793546871009
gaussian_blur,1,cue:shadow_reinforcement,clean,0.2,500,0.806,0.694,0.692,-0.20000000000000018,-0.017857142857142856,9,10,-1,0.058823529411764705,0.02881844380403458,0.78,0.78,12,4,12,0.07,-0.00428708726341074,0.9822828426181156,21.447176831957293,0.8375469262599945,0.16139539956930093,4.390793546871009
gaussian_blur,1,cue:contrast_luminance,clean,0.1,500,0.806,0.694,0.698,0.40000000000000036,0.03571428571428571,4,2,2,0.026143790849673203,0.005763688760806916,0.78,0.79,7,3,2,0.034,0.002734282343153609,0.9822828426181156,27.646184019747576,0.8772052633762359,2.0796102001331747,4.390793546871009
gaussian_blur,1,cue:thermal_injection,clean,0.1,500,0.806,0.694,0.674,-1.9999999999999907,-0.17857142857142758,12,22,-10,0.0784313725490196,0.06340057636887608,0.78,0.742,10,3,29,0.132,-0.01906672212392482,0.9822828426181156,23.565355612148224,0.830890590786934,1.0298223996069282,4.390793546871009
gaussian_blur,1,cue:border_strengthening,mismatched,0.1,500,0.806,0.694,0.696,0.20000000000000018,0.017857142857142856,7,6,1,0.0457516339869281,0.01729106628242075,0.78,0.78,6,0,6,0.046,-0.003095051508275162,0.9822828426181156,27.555775710185422,0.8683190943002701,0.36389799986500293,4.390793546871009
gaussian_blur,1,cue:depth_boundary_emphasis,mismatched,0.1,500,0.806,0.694,0.688,-0.6000000000000005,-0.05357142857142857,7,10,-3,0.0457516339869281,0.02881844380403458,0.78,0.764,6,1,14,0.068,-0.012218727024952273,0.9822828426181156,27.255980709744172,0.8605575637817383,0.8984169998730067,4.390793546871009
gaussian_blur,1,cue:entity_background_separation,mismatched,0.1,500,0.806,0.694,0.69,-0.40000000000000036,-0.03571428571428571,8,10,-2,0.05228758169934641,0.02881844380403458,0.78,0.77,6,1,11,0.052,-0.0050019152376191865,0.9822828426181156,24.398234374878697,0.85425803232193,0.7954254000796936,4.390793546871009
gaussian_blur,1,cue:shadow_reinforcement,mismatched,0.2,500,0.806,0.694,0.688,-0.6000000000000005,-0.05357142857142857,10,13,-3,0.06535947712418301,0.037463976945244955,0.78,0.78,12,4,12,0.08,-0.01163806870432495,0.9822828426181156,21.45704865141111,0.8289101710319519,0.15893439983483404,4.390793546871009
gaussian_blur,1,cue:contrast_luminance,mismatched,0.1,500,0.806,0.694,0.7,0.6000000000000005,0.05357142857142857,5,2,3,0.032679738562091505,0.005763688760806916,0.78,0.786,6,1,3,0.034,0.0021688075498635727,0.9822828426181156,27.638782396201712,0.876981653213501,2.0286539996159263,4.390793546871009
gaussian_blur,1,cue:thermal_injection,mismatched,0.1,500,0.806,0.694,0.658,-3.599999999999992,-0.32142857142857045,13,31,-18,0.08496732026143791,0.0893371757925072,0.78,0.728,11,4,37,0.156,-0.03856340923971879,0.9822828426181156,23.65759086657229,0.8240124433040619,0.9958044002705719,4.390793546871009
gaussian_blur,1,detector+cue:border_strengthening,perturbed,0.1,500,0.806,0.694,0.712,1.8000000000000016,0.16071428571428573,20,11,9,0.13071895424836602,0.03170028818443804,0.78,0.798,23,6,14,0.112,0.024939254368231332,0.9822828426181156,28.796397717425773,0.9062608062028885,131.0966604006535,4.390793546871009
gaussian_blur,1,detector+cue:depth_boundary_emphasis,perturbed,0.1,500,0.806,0.694,0.712,1.8000000000000016,0.16071428571428573,19,10,9,0.12418300653594772,0.02881844380403458,0.78,0.8,22,5,12,0.104,0.02064676909000991,0.9822828426181156,28.532637731570308,0.9030054259300232,131.64277080105967,4.390793546871009
gaussian_blur,1,detector+cue:entity_background_separation,perturbed,0.1,500,0.806,0.694,0.714,2.0000000000000018,0.17857142857142858,20,10,10,0.13071895424836602,0.02881844380403458,0.78,0.8,24,6,14,0.116,0.023102141385153346,0.9822828426181156,25.367385381929523,0.8991147215366364,131.50736520072678,4.390793546871009
gaussian_blur,1,detector+cue:shadow_reinforcement,perturbed,0.2,500,0.806,0.694,0.708,1.4000000000000012,0.125,19,12,7,0.12418300653594772,0.0345821325648415,0.78,0.8,25,8,15,0.122,0.0211287810117135,0.9822828426181156,22.116831074641127,0.8840184606313706,130.89619900123216,4.390793546871009
gaussian_blur,1,detector+cue:contrast_luminance,perturbed,0.1,500,0.806,0.694,0.714,2.0000000000000018,0.17857142857142858,20,10,10,0.13071895424836602,0.02881844380403458,0.78,0.81,26,8,11,0.108,0.022911039903288157,0.9822828426181156,28.508156745080704,0.9065614280700683,132.55106300121406,4.390793546871009
gaussian_blur,1,detector+cue:thermal_injection,perturbed,0.1,500,0.806,0.694,0.706,1.200000000000001,0.10714285714285714,26,20,6,0.16993464052287582,0.05763688760806916,0.78,0.792,29,6,23,0.154,0.009948435293186094,0.9822828426181156,24.58690229808793,0.8787353752851487,131.47577320048003,4.390793546871009
gaussian_blur,2,none,unused,,500,0.806,0.424,0.424,0.0,0.0,0,0,0,0.0,0.0,0.458,0.458,0,0,0,0.0,0.0,0.9407590810513732,23.63470507168361,0.7004096993207931,0.0,4.390793546871009
gaussian_blur,2,oracle_classical,unused,,500,0.806,0.424,0.506,8.200000000000001,0.21465968586387435,45,4,41,0.15625,0.018867924528301886,0.458,0.56,55,10,4,0.252,0.08038876066533333,0.9407590810513732,24.93083334880473,0.7632332994937897,1.0843743993900716,4.390793546871009
gaussian_blur,2,detector_classical,unused,,500,0.806,0.424,0.506,8.200000000000001,0.21465968586387435,44,3,41,0.1527777777777778,0.014150943396226415,0.458,0.558,53,9,3,0.242,0.07754067012844092,0.9407590810513732,24.83621853930802,0.7611878064870834,102.51556919969153,4.390793546871009
gaussian_blur,2,baseline:unsharp,unused,0.1,500,0.806,0.424,0.458,3.400000000000003,0.08900523560209431,17,0,17,0.059027777777777776,0.0,0.458,0.492,17,0,0,0.076,0.02276769537534478,0.9407590810513732,23.921409169453156,0.7154192196726799,1.130332000029739,4.390793546871009
gaussian_blur,2,baseline:autocontrast,unused,0.3,500,0.806,0.424,0.426,0.20000000000000018,0.0052356020942408415,7,6,1,0.024305555555555556,0.02830188679245283,0.458,0.46,7,0,6,0.056,0.0034369410464372835,0.9407590810513732,23.26939121064735,0.7062351821660996,1.681717000232311,4.390793546871009
gaussian_blur,2,baseline:clahe,unused,0.1,500,0.806,0.424,0.436,1.200000000000001,0.03141361256544505,9,3,6,0.03125,0.014150943396226415,0.458,0.466,9,0,5,0.06,0.006155955361581291,0.9407590810513732,23.679473840175923,0.7072578392624855,1.9076993999478873,4.390793546871009
gaussian_blur,2,cue:border_strengthening,perturbed,0.1,500,0.806,0.424,0.438,1.4000000000000012,0.03664921465968589,14,7,7,0.04861111111111111,0.0330188679245283,0.458,0.474,16,2,8,0.124,0.007274910194269481,0.9407590810513732,23.66958277749035,0.7016416738033294,27.79798219993245,4.390793546871009
gaussian_blur,2,cue:depth_boundary_emphasis,perturbed,0.1,500,0.806,0.424,0.446,2.200000000000002,0.057591623036649255,14,3,11,0.04861111111111111,0.014150943396226415,0.458,0.476,14,1,5,0.116,0.010574252337572162,0.9407590810513732,23.401764411115003,0.6950908887982369,28.36065399987274,4.390793546871009
gaussian_blur,2,cue:entity_background_separation,perturbed,0.1,500,0.806,0.424,0.442,1.8000000000000016,0.047120418848167575,15,6,9,0.052083333333333336,0.02830188679245283,0.458,0.478,17,2,7,0.12,0.008017140565739652,0.9407590810513732,21.92844411829959,0.6898962203860283,28.265289399947505,4.390793546871009
gaussian_blur,2,cue:shadow_reinforcement,perturbed,0.2,500,0.806,0.424,0.432,0.8000000000000007,0.020942408376963366,15,11,4,0.052083333333333336,0.05188679245283019,0.458,0.468,17,2,12,0.142,0.0010134274366186845,0.9407590810513732,19.898689702062285,0.6744253582954407,27.575281199999154,4.356969143750121
gaussian_blur,2,cue:contrast_luminance,perturbed,0.1,500,0.806,0.424,0.442,1.8000000000000016,0.047120418848167575,11,2,9,0.03819444444444445,0.009433962264150943,0.458,0.474,11,0,3,0.056,0.005154858701539879,0.9407590810513732,23.69427332966846,0.7059105057120323,29.49410100025125,4.356969143750121
gaussian_blur,2,cue:thermal_injection,perturbed,0.1,500,0.806,0.424,0.422,-0.20000000000000018,-0.0052356020942408415,18,19,-1,0.0625,0.08962264150943396,0.458,0.458,21,3,21,0.246,-0.020380121385219156,0.9407590810513732,21.416844366097177,0.6660369541049004,28.431995199993253,4.356969143750121
gaussian_blur,2,cue:border_strengthening,clean,0.1,500,0.806,0.424,0.442,1.8000000000000016,0.047120418848167575,14,5,9,0.04861111111111111,0.02358490566037736,0.458,0.48,17,4,6,0.118,0.010674137409810684,0.9407590810513732,23.65043636524903,0.7006670536398888,0.3749307999096345,4.356969143750121
gaussian_blur,2,cue:depth_boundary_emphasis,clean,0.1,500,0.806,0.424,0.438,1.4000000000000012,0.03664921465968589,12,5,7,0.041666666666666664,0.02358490566037736,0.458,0.478,15,3,5,0.1,0.012724418807375813,0.9407590810513732,23.464863942032455,0.6962949873209,0.921670600248035,4.356969143750121
gaussian_blur,2,cue:entity_background_separation,clean,0.1,500,0.806,0.424,0.44,1.6000000000000014,0.04188481675392673,14,6,8,0.04861111111111111,0.02830188679245283,0.458,0.474,15,2,7,0.118,0.00906337643334814,0.9407590810513732,21.839577197579914,0.6879840986728668,0.806749999843305,4.356969143750121
gaussian_blur,2,cue:shadow_reinforcement,clean,0.2,500,0.806,0.424,0.44,1.6000000000000014,0.04188481675392673,16,8,8,0.05555555555555555,0.03773584905660377,0.458,0.468,17,2,12,0.17,0.010466309260114059,0.9407590810513732,19.835563843263614,0.6709357859492302,0.16107359976740554,4.356969143750121
gaussian_blur,2,cue:contrast_luminance,clean,0.1,500,0.806,0.424,0.44,1.6000000000000014,0.04188481675392673,10,2,8,0.034722222222222224,0.009433962264150943,0.458,0.472,10,0,3,0.058,0.005278149516560077,0.9407590810513732,23.696805565521863,0.705937043428421,2.070776800333988,4.356969143750121
gaussian_blur,2,cue:thermal_injection,clean,0.1,500,0.806,0.424,0.434,1.0000000000000009,0.02617801047120421,24,19,5,0.08333333333333333,0.08962264150943396,0.458,0.47,27,3,21,0.26,-0.011129997642470954,0.9407590810513732,21.391484027140077,0.6642159462571144,1.014925599884009,4.356969143750121
gaussian_blur,2,cue:border_strengthening,mismatched,0.1,500,0.806,0.424,0.412,-1.200000000000001,-0.03141361256544505,5,11,-6,0.017361111111111112,0.05188679245283019,0.458,0.438,4,0,14,0.138,-0.016153197603756185,0.9407590810513732,23.616276700114152,0.6973465470075607,0.36254899980849586,4.356969143750121
gaussian_blur,2,cue:depth_boundary_emphasis,mismatched,0.1,500,0.806,0.424,0.402,-2.1999999999999966,-0.05759162303664911,8,19,-11,0.027777777777777776,0.08962264150943396,0.458,0.432,8,2,21,0.174,-0.014910615807804305,0.9407590810513732,23.4808037520044,0.690205435693264,0.8906642002402805,4.356969143750121
gaussian_blur,2,cue:entity_background_separation,mismatched,0.1,500,0.806,0.424,0.408,-1.6000000000000014,-0.04188481675392673,6,14,-8,0.020833333333333332,0.0660377358490566,0.458,0.434,5,0,17,0.134,-0.013270453827389332,0.9407590810513732,21.922827876425035,0.6854580908417701,0.7776971999846864,4.356969143750121
gaussian_blur,2,cue:shadow_reinforcement,mismatched,0.2,500,0.806,0.424,0.392,-3.1999999999999975,-0.08376963350785332,10,26,-16,0.034722222222222224,0.12264150943396226,0.458,0.416,7,0,28,0.212,-0.026198244386043002,0.9407590810513732,19.902064963471,0.6643312009572983,0.15427980019012466,4.356969143750121
gaussian_blur,2,cue:contrast_luminance,mismatched,0.1,500,0.806,0.424,0.436,1.200000000000001,0.03141361256544505,8,2,6,0.027777777777777776,0.009433962264150943,0.458,0.464,8,0,5,0.066,0.004439275957517424,0.9407590810513732,23.689992054792178,0.7056033618450165,2.004266400297638,4.356969143750121
gaussian_blur,2,cue:thermal_injection,mismatched,0.1,500,0.806,0.424,0.384,-3.9999999999999982,-0.10471204188481668,11,31,-20,0.03819444444444445,0.14622641509433962,0.458,0.42,13,3,32,0.286,-0.04386572623062349,0.9407590810513732,21.478427697021047,0.658415607869625,1.0031710003968328,4.356969143750121
gaussian_blur,2,detector+cue:border_strengthening,perturbed,0.1,500,0.806,0.424,0.526,10.200000000000003,0.2670157068062828,54,3,51,0.1875,0.014150943396226415,0.458,0.576,63,9,4,0.276,0.08462598871671954,0.9407590810513732,24.864781470854943,0.762223209798336,130.46334639983252,4.356969143750121
gaussian_blur,2,detector+cue:depth_boundary_emphasis,perturbed,0.1,500,0.806,0.424,0.508,8.400000000000002,0.2198952879581152,45,3,42,0.15625,0.014150943396226415,0.458,0.558,53,8,3,0.25,0.08267767887150498,0.9407590810513732,24.572038897702637,0.7561456478834152,130.9808205992449,4.356969143750121
gaussian_blur,2,detector+cue:entity_background_separation,perturbed,0.1,500,0.806,0.424,0.518,9.400000000000002,0.2460732984293194,51,4,47,0.17708333333333334,0.018867924528301886,0.458,0.564,59,8,6,0.268,0.08008687536001255,0.9407590810513732,22.833630874709563,0.7507055170536041,130.87553439923795,4.356969143750121
gaussian_blur,2,detector+cue:shadow_reinforcement,perturbed,0.2,500,0.806,0.424,0.506,8.200000000000001,0.21465968586387435,47,6,41,0.16319444444444445,0.02830188679245283,0.458,0.558,57,10,7,0.268,0.07535249169841049,0.9407590810513732,20.523259430025426,0.7348600664138794,130.2601497998985,4.356969143750121
gaussian_blur,2,detector+cue:contrast_luminance,perturbed,0.1,500,0.806,0.424,0.504,8.000000000000002,0.2094240837696335,44,4,40,0.1527777777777778,0.018867924528301886,0.458,0.558,54,10,4,0.25,0.07891700932372854,0.9407590810513732,24.828818510669308,0.7656302717924118,131.84699499965063,4.356969143750121
gaussian_blur,2,detector+cue:thermal_injection,perturbed,0.1,500,0.806,0.424,0.492,6.800000000000001,0.17801047120418848,49,15,34,0.1701388888888889,0.07075471698113207,0.458,0.532,53,6,16,0.312,0.06508991529800055,0.9407590810513732,22.255107195083642,0.727284030854702,130.76414299962926,4.356969143750121
gaussian_blur,3,none,unused,,500,0.806,0.172,0.172,0.0,0.0,0,0,0,0.0,0.0,0.19,0.19,0,0,0,0.0,0.0,0.8649951800200214,21.318182847151856,0.5592015081048012,0.0,4.356969143750121
gaussian_blur,3,oracle_classical,unused,,500,0.806,0.172,0.214,4.200000000000001,0.06624605678233439,22,1,21,0.05314009661835749,0.011627906976744186,0.19,0.23,21,1,1,0.244,0.03961445333793711,0.8649951800200214,21.81127675655147,0.5865543866455555,1.1178068000590429,4.356969143750121
gaussian_blur,3,detector_classical,unused,,500,0.806,0.172,0.212,4.000000000000001,0.06309148264984227,21,1,20,0.050724637681159424,0.011627906976744186,0.19,0.228,20,1,1,0.228,0.03475066078012935,0.8649951800200214,21.72825108441113,0.5847407111227513,102.77053940057522,4.356969143750121
gaussian_blur,3,baseline:unsharp,unused,0.1,500,0.806,0.172,0.182,1.0000000000000009,0.015772870662460577,6,1,5,0.014492753623188406,0.011627906976744186,0.19,0.196,4,0,1,0.076,0.00893362261806169,0.8649951800200214,21.419276240769403,0.564931075066328,1.127070600487059,4.356969143750121
gaussian_blur,3,baseline:autocontrast,unused,0.3,500,0.806,0.172,0.17,-0.1999999999999974,-0.003154574132492072,2,3,-1,0.004830917874396135,0.03488372093023256,0.19,0.19,2,0,2,0.076,0.0014064227656147069,0.8649951800200214,21.080999522887804,0.5643827187716961,1.5915345993125811,4.356969143750121
gaussian_blur,3,baseline:clahe,unused,0.1,500,0.806,0.172,0.184,1.200000000000001,0.018927444794952696,7,1,6,0.016908212560386472,0.011627906976744186,0.19,0.196,5,0,2,0.1,0.004127961319458791,0.8649951800200214,21.393252064529424,0.5632174696624279,1.880717200343497,4.356969143750121
gaussian_blur,3,cue:border_strengthening,perturbed,0.1,500,0.806,0.172,0.176,0.40000000000000036,0.006309148264984231,8,6,2,0.01932367149758454,0.06976744186046512,0.19,0.188,8,1,9,0.176,0.005192687526941086,0.8649951800200214,21.334701285574877,0.5605082533359528,28.118952399643604,4.356969143750121
gaussian_blur,3,cue:depth_boundary_emphasis,perturbed,0.1,500,0.806,0.172,0.172,0.0,0.0,13,13,0,0.03140096618357488,0.1511627906976744,0.19,0.182,12,1,16,0.242,0.0024057279346908446,0.8649951800200214,21.13153779861839,0.5543794719278813,28.674678199604386,4.356969143750121
gaussian_blur,3,cue:entity_background_separation,perturbed,0.1,500,0.806,0.172,0.176,0.40000000000000036,0.006309148264984231,10,8,2,0.024154589371980676,0.09302325581395349,0.19,0.19,9,0,9,0.156,0.004320633332916828,0.8649951800200214,20.23251891909957,0.5535640380978585,28.586646999872755,4.356969143750121
gaussian_blur,3,cue:shadow_reinforcement,perturbed,0.2,500,0.806,0.172,0.174,0.20000000000000018,0.0031545741324921156,12,11,1,0.028985507246376812,0.12790697674418605,0.19,0.18,10,0,15,0.232,0.0021960342775813047,0.8649951800200214,18.67185395101874,0.5430110132396221,27.883142399659846,4.356969143750121
gaussian_blur,3,cue:contrast_luminance,perturbed,0.1,500,0.806,0.172,0.178,0.6000000000000005,0.009463722397476348,4,1,3,0.00966183574879227,0.011627906976744186,0.19,0.194,3,0,1,0.074,0.003512765616382467,0.8649951800200214,21.38897891205972,0.5625327942371369,29.900680200313218,4.356969143750121
gaussian_blur,3,cue:thermal_injection,perturbed,0.1,500,0.806,0.172,0.146,-2.5999999999999996,-0.041009463722397464,9,22,-13,0.021739130434782608,0.2558139534883721,0.19,0.156,9,2,26,0.408,-0.012739868201704212,0.8649951800200214,19.828786926947004,0.5338592032492161,28.78579599907971,4.304067887504971
gaussian_blur,3,cue:border_strengthening,clean,0.1,500,0.806,0.172,0.182,1.0000000000000009,0.015772870662460577,16,11,5,0.03864734299516908,0.12790697674418605,0.19,0.198,17,2,13,0.278,0.015071539394865113,0.8649951800200214,21.32568859405174,0.5591844637393951,0.3736746001522988,4.304067887504971
gaussian_blur,3,cue:depth_boundary_emphasis,clean,0.1,500,0.806,0.172,0.198,2.6000000000000023,0.041009463722397506,19,6,13,0.04589371980676329,0.06976744186046512,0.19,0.208,19,3,10,0.308,0.021411669985985555,0.8649951800200214,21.22527188389296,0.5563460734784603,0.9225446004711557,4.304067887504971
gaussian_blur,3,cue:entity_background_separation,clean,0.1,500,0.806,0.172,0.184,1.200000000000001,0.018927444794952696,13,7,6,0.03140096618357488,0.08139534883720931,0.19,0.194,12,0,10,0.206,0.01625990336292739,0.8649951800200214,20.103127199131823,0.5508286811113358,0.807554200058803,4.304067887504971
gaussian_blur,3,cue:shadow_reinforcement,clean,0.2,500,0.806,0.172,0.194,2.200000000000002,0.034700315457413276,21,10,11,0.050724637681159424,0.11627906976744186,0.19,0.204,20,1,13,0.362,0.026450140792780075,0.8649951800200214,18.57582389549581,0.5379062882959843,0.16078620008192956,4.304067887504971
gaussian_blur,3,cue:contrast_luminance,clean,0.1,500,0.806,0.172,0.178,0.6000000000000005,0.009463722397476348,5,2,3,0.012077294685990338,0.023255813953488372,0.19,0.19,3,0,3,0.092,0.004057308360577736,0.8649951800200214,21.39210395003043,0.5626290198862552,2.0496440002461895,4.304067887504971
gaussian_blur,3,cue:thermal_injection,clean,0.1,500,0.806,0.172,0.172,0.0,0.0,24,24,0,0.057971014492753624,0.27906976744186046,0.19,0.186,24,1,26,0.486,0.004052014954246942,0.8649951800200214,19.791781284763392,0.5319147213101387,1.0293093997170217,4.304067887504971
gaussian_blur,3,cue:border_strengthening,mismatched,0.1,500,0.806,0.172,0.154,-1.799999999999999,-0.028391167192428998,7,16,-9,0.016908212560386472,0.18604651162790697,0.19,0.162,5,0,19,0.276,-0.015025319012205373,0.8649951800200214,21.310632682217328,0.5562603355944157,0.36416960004135035,4.304067887504971
gaussian_blur,3,cue:depth_boundary_emphasis,mismatched,0.1,500,0.806,0.172,0.164,-0.7999999999999979,-0.01261829652996842,12,16,-4,0.028985507246376812,0.18604651162790697,0.19,0.172,9,0,18,0.342,-0.019427105499976335,0.8649951800200214,21.22317180524957,0.5503000243902206,0.894633400341263,4.304067887504971
gaussian_blur,3,cue:entity_background_separation,mismatched,0.1,500,0.806,0.172,0.168,-0.3999999999999976,-0.006309148264984188,10,12,-2,0.024154589371980676,0.13953488372093023,0.19,0.18,9,1,14,0.252,-0.007843216073875397,0.8649951800200214,20.17823662694008,0.5490232252180577,0.7965691994759254,4.304067887504971
gaussian_blur,3,cue:shadow_reinforcement,mismatched,0.2,500,0.806,0.172,0.152,-1.9999999999999991,-0.03154574132492111,10,20,-10,0.024154589371980676,0.23255813953488372,0.19,0.16,7,0,22,0.354,-0.03215193821335313,0.8649951800200214,18.66345556966703,0.533131638109684,0.15511819961830042,4.304067887504971
gaussian_blur,3,cue:contrast_luminance,mismatched,0.1,500,0.806,0.172,0.18,0.8000000000000007,0.012618296529968463,4,0,4,0.00966183574879227,0.0,0.19,0.194,3,0,1,0.08,0.002652364956364863,0.8649951800200214,21.384804102846253,0.5622555329501628,1.991441800055327,4.304067887504971
gaussian_blur,3,cue:thermal_injection,mismatched,0.1,500,0.806,0.172,0.118,-5.3999999999999995,-0.08517350157728704,10,37,-27,0.024154589371980676,0.43023255813953487,0.19,0.124,8,0,41,0.492,-0.04684329706626869,0.8649951800200214,19.86934048194095,0.5267574087679386,0.9932689999113791,4.304067887504971
gaussian_blur,3,detector+cue:border_strengthening,perturbed,0.1,500,0.806,0.172,0.214,4.200000000000001,0.06624605678233439,24,3,21,0.057971014492753624,0.03488372093023256,0.19,0.226,23,2,5,0.296,0.04027187025347234,0.8649951800200214,21.74460056595753,0.5860627935826779,131.0409240007575,4.304067887504971
gaussian_blur,3,detector+cue:depth_boundary_emphasis,perturbed,0.1,500,0.806,0.172,0.206,3.4000000000000004,0.05362776025236592,24,7,17,0.057971014492753624,0.08139534883720931,0.19,0.22,24,3,9,0.304,0.035764728500139654,0.8649951800200214,21.53103747921082,0.5798088833987712,131.5419794001209,4.304067887504971
gaussian_blur,3,detector+cue:entity_background_separation,perturbed,0.1,500,0.806,0.172,0.218,4.600000000000001,0.07255520504731862,25,2,23,0.06038647342995169,0.023255813953488372,0.19,0.23,23,1,3,0.292,0.03915469993381225,0.8649951800200214,20.573748138705263,0.5784828450977803,131.44172300049104,4.304067887504971
gaussian_blur,3,detector+cue:shadow_reinforcement,perturbed,0.2,500,0.806,0.172,0.214,4.200000000000001,0.06624605678233439,25,4,21,0.06038647342995169,0.046511627906976744,0.19,0.224,24,2,7,0.326,0.036019000119394094,0.8649951800200214,18.926179614606472,0.5673067246973514,130.831576800294,4.304067887504971
gaussian_blur,3,detector+cue:contrast_luminance,perturbed,0.1,500,0.806,0.172,0.208,3.6000000000000005,0.05678233438485804,19,1,18,0.04589371980676329,0.011627906976744186,0.19,0.222,17,1,1,0.24,0.03756937476653957,0.8649951800200214,21.788550361063113,0.5882840510606766,132.42097720049787,4.304067887504971
gaussian_blur,3,detector+cue:thermal_injection,perturbed,0.1,500,0.806,0.172,0.19,1.8000000000000016,0.028391167192429043,19,10,9,0.04589371980676329,0.11627906976744186,0.19,0.2,18,2,13,0.394,0.02340244371183462,0.8649951800200214,20.145056640950134,0.5578699895143509,131.34870420055813,4.304067887504971
gaussian_noise,1,none,unused,,500,0.806,0.766,0.766,0.0,0.0,0,0,0,0.0,0.0,0.798,0.798,0,0,0,0.0,0.0,0.9735426866313773,28.25001567457212,0.7399914957880974,0.0,4.304067887504971
gaussian_noise,1,oracle_classical,unused,,500,0.806,0.766,0.772,0.6000000000000005,0.15,21,18,3,0.1794871794871795,0.04699738903394256,0.798,0.85,36,19,10,0.13,0.037802324345302625,0.9735426866313773,32.72228008253066,0.9001784969568253,0.6871861996478401,4.304067887504971
gaussian_noise,1,detector_classical,unused,,500,0.806,0.766,0.768,0.20000000000000018,0.05,18,17,1,0.15384615384615385,0.044386422976501305,0.798,0.846,33,19,9,0.114,0.03580150315069113,0.9735426866313773,32.311631983720446,0.8821660645604134,100.61855440039653,4.304067887504971
gaussian_noise,1,baseline:unsharp,unused,0.1,500,0.806,0.766,0.742,-2.400000000000002,-0.6,5,17,-12,0.042735042735042736,0.044386422976501305,0.798,0.78,6,3,15,0.07,-0.00862312542444306,0.9735426866313773,26.49067379949938,0.6954368714094162,0.4784102003031876,4.304067887504971
gaussian_noise,1,baseline:autocontrast,unused,0.3,500,0.806,0.766,0.766,0.0,0.0,4,4,0,0.03418803418803419,0.010443864229765013,0.798,0.804,4,1,1,0.024,0.0012501649131882004,0.9735426866313773,27.79562305261032,0.7343537840843201,1.5160553998721298,4.304067887504971
gaussian_noise,1,baseline:clahe,unused,0.1,500,0.806,0.766,0.758,-0.8000000000000007,-0.2,4,8,-4,0.03418803418803419,0.020887728459530026,0.798,0.806,6,3,2,0.038,-0.003308718203104945,0.9735426866313773,27.684913794787512,0.7326252073645592,1.4774783995526377,4.304067887504971
gaussian_noise,1,cue:border_strengthening,perturbed,0.1,500,0.806,0.766,0.766,0.0,0.0,7,7,0,0.05982905982905983,0.018276762402088774,0.798,0.8,6,2,5,0.04,0.00037738977985281964,0.9735426866313773,28.175762832159794,0.7392360019087791,26.678007799957413,4.304067887504971
gaussian_noise,1,cue:depth_boundary_emphasis,perturbed,0.1,500,0.806,0.766,0.762,-0.40000000000000036,-0.1,6,8,-2,0.05128205128205128,0.020887728459530026,0.798,0.802,8,3,6,0.04,-0.003536477319586993,0.9735426866313773,28.053658887177537,0.739428341627121,27.17706059961347,4.304067887504971
gaussian_noise,1,cue:entity_background_separation,perturbed,0.1,500,0.806,0.766,0.762,-0.40000000000000036,-0.1,4,6,-2,0.03418803418803419,0.015665796344647518,0.798,0.8,5,2,4,0.036,-0.0017328463005724189,0.9735426866313773,25.3958718890553,0.7524649679064751,27.097664400091162,4.304067887504971
gaussian_noise,1,cue:shadow_reinforcement,perturbed,0.2,500,0.806,0.766,0.756,-1.0000000000000009,-0.25,6,11,-5,0.05128205128205128,0.028720626631853787,0.798,0.798,9,5,9,0.066,-0.000748060709618585,0.9735426866313773,22.24584030339987,0.7554090327620506,26.4653455997759,4.304067887504971
gaussian_noise,1,cue:contrast_luminance,perturbed,0.1,500,0.806,0.766,0.76,-0.6000000000000005,-0.15,4,7,-3,0.03418803418803419,0.018276762402088774,0.798,0.802,4,1,2,0.032,-0.0016560335741560267,0.9735426866313773,27.899727655060897,0.7355269554257393,28.117069599684328,4.304067887504971
gaussian_noise,1,cue:thermal_injection,perturbed,0.1,500,0.806,0.766,0.77,0.40000000000000036,0.1,12,10,2,0.10256410256410256,0.02610966057441253,0.798,0.792,10,4,13,0.086,-0.004787458115213667,0.9735426866313773,24.67243534860858,0.7444625151753426,26.957758599310182,4.304067887504971
gaussian_noise,1,cue:border_strengthening,clean,0.1,500,0.806,0.766,0.76,-0.6000000000000005,-0.15,6,9,-3,0.05128205128205128,0.02349869451697128,0.798,0.8,6,2,5,0.044,-2.926860491061234e-05,0.9735426866313773,28.177045908096016,0.7392737840414048,0.5833243998640683,4.304067887504971
gaussian_noise,1,cue:depth_boundary_emphasis,clean,0.1,500,0.806,0.766,0.754,-1.200000000000001,-0.3,3,9,-6,0.02564102564102564,0.02349869451697128,0.798,0.798,5,2,5,0.034,-0.0035443105526628644,0.9735426866313773,28.048225100017472,0.7393666927814484,1.2471089999598917,4.284962700003234
gaussian_noise,1,cue:entity_background_separation,clean,0.1,500,0.806,0.766,0.76,-0.6000000000000005,-0.15,4,7,-3,0.03418803418803419,0.018276762402088774,0.798,0.794,4,1,6,0.044,-0.0026405627582680607,0.9735426866313773,25.379827418261915,0.7524923560619354,1.0120750002679415,4.284962700003234
gaussian_noise,1,cue:shadow_reinforcement,clean,0.2,500,0.806,0.766,0.758,-0.8000000000000007,-0.2,7,11,-4,0.05982905982905983,0.028720626631853787,0.798,0.796,9,5,10,0.062,-0.0011099152773567766,0.9735426866313773,22.246632799277453,0.7550934240818024,0.38157979998504743,4.284962700003234
gaussian_noise,1,cue:contrast_luminance,clean,0.1,500,0.806,0.766,0.76,-0.6000000000000005,-0.15,3,6,-3,0.02564102564102564,0.015665796344647518,0.798,0.8,3,1,2,0.03,-0.0016956628494590403,0.9735426866313773,27.901301834785418,0.7355373015999794,2.039435599988792,4.284962700003234
gaussian_noise,1,cue:thermal_injection,clean,0.1,500,0.806,0.766,0.766,0.0,0.0,12,12,0,0.10256410256410256,0.031331592689295036,0.798,0.79,11,5,15,0.088,-0.004467600189014775,0.9735426866313773,24.679417552598384,0.7443973270058631,0.8721720001485664,4.284962700003234
gaussian_noise,1,cue:border_strengthening,mismatched,0.1,500,0.806,0.766,0.758,-0.8000000000000007,-0.2,6,10,-4,0.05128205128205128,0.02610966057441253,0.798,0.796,6,3,7,0.044,-0.0005709253524328233,0.9735426866313773,28.185748135543093,0.7390443961024284,0.5782837991719134,4.284962700003234
gaussian_noise,1,cue:depth_boundary_emphasis,mismatched,0.1,500,0.806,0.766,0.754,-1.200000000000001,-0.3,5,11,-6,0.042735042735042736,0.028720626631853787,0.798,0.794,6,2,8,0.046,-0.007405781843008299,0.9735426866313773,28.01969324342033,0.7379028826355934,1.1023226000543218,4.284962700003234
gaussian_noise,1,cue:entity_background_separation,mismatched,0.1,500,0.806,0.766,0.76,-0.6000000000000005,-0.15,8,11,-3,0.06837606837606838,0.028720626631853787,0.798,0.802,10,3,8,0.054,-0.006172829509108851,0.9735426866313773,25.469055283841605,0.7504891535639763,0.9999798000208102,4.284962700003234
gaussian_noise,1,cue:shadow_reinforcement,mismatched,0.2,500,0.806,0.766,0.754,-1.200000000000001,-0.3,11,17,-6,0.09401709401709402,0.044386422976501305,0.798,0.796,14,5,15,0.082,-0.01832294472504509,0.9735426866313773,22.236180275496817,0.7491729550361633,0.3826590003154706,4.284962700003234
gaussian_noise,1,cue:contrast_luminance,mismatched,0.1,500,0.806,0.766,0.758,-0.8000000000000007,-0.2,4,8,-4,0.03418803418803419,0.020887728459530026,0.798,0.802,5,2,3,0.032,-0.0019922297302509833,0.9735426866313773,27.900329000207833,0.73523167604208,2.037074000138091,4.284962700003234
gaussian_noise,1,cue:thermal_injection,mismatched,0.1,500,0.806,0.766,0.748,-1.8000000000000016,-0.45,15,24,-9,0.1282051282051282,0.06266318537859007,0.798,0.778,16,7,26,0.13,-0.01906173025675889,0.9735426866313773,24.74869742442712,0.7423485713601112,0.8659660004777834,4.284962700003234
gaussian_noise,1,detector+cue:border_strengthening,perturbed,0.1,500,0.806,0.766,0.766,0.0,0.0,18,18,0,0.15384615384615385,0.04699738903394256,0.798,0.838,31,16,11,0.116,0.03607425568647159,0.9735426866313773,32.14325955452074,0.8813208580613137,127.28631240015966,4.284962700003234
gaussian_noise,1,detector+cue:depth_boundary_emphasis,perturbed,0.1,500,0.806,0.766,0.772,0.6000000000000005,0.15,19,16,3,0.1623931623931624,0.04177545691906005,0.798,0.846,33,18,9,0.118,0.03284698380601185,0.9735426866313773,31.76864627350222,0.8802945541143418,127.83468200016068,4.284962700003234
gaussian_noise,1,detector+cue:entity_background_separation,perturbed,0.1,500,0.806,0.766,0.768,0.20000000000000018,0.05,20,19,1,0.17094017094017094,0.04960835509138381,0.798,0.846,35,18,11,0.13,0.03370832935311046,0.9735426866313773,26.88512518493638,0.883856329381466,127.70369520020904,4.284962700003234
gaussian_noise,1,detector+cue:shadow_reinforcement,perturbed,0.2,500,0.806,0.766,0.764,-0.20000000000000018,-0.05,17,18,-1,0.1452991452991453,0.04699738903394256,0.798,0.842,32,18,10,0.126,0.03163672604937164,0.9735426866313773,22.912460209047342,0.8764913973212242,127.07102340011625,4.284962700003234
gaussian_noise,1,detector+cue:contrast_luminance,perturbed,0.1,500,0.806,0.766,0.774,0.8000000000000007,0.2,20,16,4,0.17094017094017094,0.04177545691906005,0.798,0.848,34,18,9,0.12,0.03552882336654875,0.9735426866313773,31.869862381834267,0.8797844679355621,128.68030220011133,4.284962700003234
gaussian_noise,1,detector+cue:thermal_injection,perturbed,0.1,500,0.806,0.766,0.764,-0.20000000000000018,-0.05,19,20,-1,0.1623931623931624,0.05221932114882506,0.798,0.82,29,16,18,0.136,0.026840932001043257,0.9735426866313773,25.731980493503237,0.8678149434924126,127.56904020006186,4.284962700003234
gaussian_noise,2,none,unused,,500,0.806,0.676,0.676,0.0,0.0,0,0,0,0.0,0.0,0.722,0.722,0,0,0,0.0,0.0,0.9557244804526224,22.390722719315317,0.5231564955115319,0.0,4.284962700003234
gaussian_noise,2,oracle_classical,unused,,500,0.806,0.676,0.678,0.20000000000000018,0.015384615384615398,16,15,1,0.09876543209876543,0.04437869822485207,0.722,0.716,14,0,17,0.116,0.004739953945052207,0.9557244804526224,24.437615262779488,0.6146607607603073,0.667833000421524,4.284962700003234
gaussian_noise,2,detector_classical,unused,,500,0.806,0.676,0.678,0.20000000000000018,0.015384615384615398,16,15,1,0.09876543209876543,0.04437869822485207,0.722,0.716,14,0,17,0.116,0.0047137234459038386,0.9557244804526224,24.43237808930698,0.6144453125298023,99.76432300027227,4.284962700003234
gaussian_noise,2,baseline:unsharp,unused,0.1,500,0.806,0.676,0.664,-1.200000000000001,-0.09230769230769238,5,11,-6,0.030864197530864196,0.03254437869822485,0.722,0.712,6,1,11,0.074,-0.01467788267365995,0.9557244804526224,20.947917301040352,0.4810849720835686,0.47647460029111244,4.284962700003234
gaussian_noise,2,baseline:autocontrast,unused,0.3,500,0.806,0.676,0.676,0.0,0.0,1,1,0,0.006172839506172839,0.0029585798816568047,0.722,0.722,1,0,1,0.006,-0.0004285603098096544,0.9557244804526224,22.26097229772478,0.5206513876914978,1.605407799972454,4.284962700003234
gaussian_noise,2,baseline:clahe,unused,0.1,500,0.806,0.676,0.674,-0.20000000000000018,-0.015384615384615398,2,3,-1,0.012345679012345678,0.008875739644970414,0.722,0.718,2,0,4,0.026,-0.0029094394313606245,0.9557244804526224,22.061785289875697,0.5197486322522163,1.572237000305904,4.284962700003234
gaussian_noise,2,cue:border_strengthening,perturbed,0.1,500,0.806,0.676,0.676,0.0,0.0,5,5,0,0.030864197530864196,0.014792899408284023,0.722,0.72,4,0,5,0.044,-0.0004367704683500051,0.9557244804526224,22.35988751019987,0.5224464624226093,26.539947399811354,4.284962700003234
gaussian_noise,2,cue:depth_boundary_emphasis,perturbed,0.1,500,0.806,0.676,0.678,0.20000000000000018,0.015384615384615398,8,7,1,0.04938271604938271,0.020710059171597635,0.722,0.718,7,0,9,0.05,-0.0047828811423846675,0.9557244804526224,22.376991985414403,0.5237522547841073,27.03919360000873,4.284962700003234
gaussian_noise,2,cue:entity_background_separation,perturbed,0.1,500,0.806,0.676,0.67,-0.6000000000000005,-0.04615384615384619,6,9,-3,0.037037037037037035,0.026627218934911243,0.722,0.708,4,0,11,0.06,-0.002418453171564579,0.9557244804526224,21.627014839624717,0.5363171822428703,26.954108600126347,4.284962700003234
gaussian_noise,2,cue:shadow_reinforcement,perturbed,0.2,500,0.806,0.676,0.674,-0.20000000000000018,-0.015384615384615398,9,10,-1,0.05555555555555555,0.029585798816568046,0.722,0.71,7,0,13,0.084,-0.003111583738466834,0.9557244804526224,20.01120659761834,0.5423473075926304,26.333795000682585,4.284962700003234
gaussian_noise,2,cue:contrast_luminance,perturbed,0.1,500,0.806,0.676,0.676,0.0,0.0,2,2,0,0.012345679012345678,0.005917159763313609,0.722,0.722,1,0,1,0.02,-0.0018838478486732128,0.9557244804526224,22.17898187882328,0.5211639046669007,28.076100599748315,4.284962700003234
gaussian_noise,2,cue:thermal_injection,perturbed,0.1,500,0.806,0.676,0.66,-1.6000000000000014,-0.12307692307692318,8,16,-8,0.04938271604938271,0.047337278106508875,0.722,0.696,7,1,20,0.1,-0.017948096434377475,0.9557244804526224,21.42755055100606,0.5348772641420364,26.81977920010104,4.284962700003234
gaussian_noise,2,cue:border_strengthening,clean,0.1,500,0.806,0.676,0.672,-0.40000000000000036,-0.030769230769230795,3,5,-2,0.018518518518518517,0.014792899408284023,0.722,0.72,3,0,4,0.038,0.0004560295230121483,0.9557244804526224,22.36079980296569,0.5224622224569321,0.5767336002900265,4.284962700003234
gaussian_noise,2,cue:depth_boundary_emphasis,clean,0.1,500,0.806,0.676,0.676,0.0,0.0,8,8,0,0.04938271604938271,0.023668639053254437,0.722,0.712,6,0,11,0.062,-0.004202344768549665,0.9557244804526224,22.37347838708081,0.5236900745332241,1.099772000190569,4.284962700003234
gaussian_noise,2,cue:entity_background_separation,clean,0.1,500,0.806,0.676,0.674,-0.20000000000000018,-0.015384615384615398,6,7,-1,0.037037037037037035,0.020710059171597635,0.722,0.712,3,0,8,0.052,-0.001574797603091156,0.9557244804526224,21.6215230280407,0.5364156247675419,1.0031513998401351,4.284962700003234
gaussian_noise,2,cue:shadow_reinforcement,clean,0.2,500,0.806,0.676,0.666,-1.0000000000000009,-0.07692307692307698,9,14,-5,0.05555555555555555,0.04142011834319527,0.722,0.702,7,0,17,0.1,-0.002024529622155569,0.9557244804526224,20.008753148747843,0.5420711908936501,0.4126286003156565,4.272024912506822
gaussian_noise,2,cue:contrast_luminance,clean,0.1,500,0.806,0.676,0.676,0.0,0.0,2,2,0,0.012345679012345678,0.005917159763313609,0.722,0.722,1,0,1,0.018,-0.0018612791333962378,0.9557244804526224,22.180049506405307,0.5211824027895927,2.128081800037762,4.272024912506822
gaussian_noise,2,cue:thermal_injection,clean,0.1,500,0.806,0.676,0.656,-2.0000000000000018,-0.15384615384615397,9,19,-10,0.05555555555555555,0.05621301775147929,0.722,0.696,9,2,22,0.108,-0.01678007262664778,0.9557244804526224,21.43209999760325,0.5347734370827675,0.8480244000675157,4.272024912506822
gaussian_noise,2,cue:border_strengthening,mismatched,0.1,500,0.806,0.676,0.674,-0.20000000000000018,-0.015384615384615398,2,3,-1,0.012345679012345678,0.008875739644970414,0.722,0.716,1,0,4,0.026,-0.0026030014836733242,0.9557244804526224,22.364153729963647,0.5226850579082966,0.5825734004611149,4.272024912506822
gaussian_noise,2,cue:depth_boundary_emphasis,mismatched,0.1,500,0.806,0.676,0.668,-0.8000000000000007,-0.06153846153846159,4,8,-4,0.024691358024691357,0.023668639053254437,0.722,0.706,2,0,10,0.05,-0.004786736176041814,0.9557244804526224,22.362102968926177,0.5236035161614419,1.1251483999367338,4.272024912506822
gaussian_noise,2,cue:entity_background_separation,mismatched,0.1,500,0.806,0.676,0.668,-0.8000000000000007,-0.06153846153846159,5,9,-4,0.030864197530864196,0.026627218934911243,0.722,0.706,2,0,10,0.054,-0.006276404233762605,0.9557244804526224,21.68177795128591,0.5357740049362183,0.9892880000406876,4.272024912506822
gaussian_noise,2,cue:shadow_reinforcement,mismatched,0.2,500,0.806,0.676,0.658,-1.8000000000000016,-0.13846153846153858,10,19,-9,0.06172839506172839,0.05621301775147929,0.722,0.704,11,5,20,0.106,-0.01687717803295527,0.9557244804526224,20.071663585416697,0.5403409829139709,0.3780908006010577,4.272024912506822
gaussian_noise,2,cue:contrast_luminance,mismatched,0.1,500,0.806,0.676,0.676,0.0,0.0,2,2,0,0.012345679012345678,0.005917159763313609,0.722,0.724,2,0,1,0.018,-0.0021615286093492614,0.9557244804526224,22.17636339273271,0.5210041761398315,2.1304579997668043,4.272024912506822
gaussian_noise,2,cue:thermal_injection,mismatched,0.1,500,0.806,0.676,0.648,-2.8000000000000025,-0.21538461538461556,7,21,-14,0.043209876543209874,0.0621301775147929,0.722,0.688,8,5,25,0.112,-0.022659608283779564,0.9557244804526224,21.490354418498903,0.535060838073492,0.857254599686712,4.272024912506822
gaussian_noise,2,detector+cue:border_strengthening,perturbed,0.1,500,0.806,0.676,0.668,-0.8000000000000007,-0.06153846153846159,13,17,-4,0.08024691358024691,0.05029585798816568,0.722,0.708,12,1,19,0.124,0.004927350184472289,0.9557244804526224,24.388700937448647,0.6134561332166195,126.29608880029991,4.272024912506822
gaussian_noise,2,detector+cue:depth_boundary_emphasis,perturbed,0.1,500,0.806,0.676,0.672,-0.40000000000000036,-0.030769230769230795,14,16,-2,0.08641975308641975,0.047337278106508875,0.722,0.71,12,0,18,0.118,-0.0014935086038076406,0.9557244804526224,24.376903615567798,0.6146255160868168,126.79838560053031,4.272024912506822
gaussian_noise,2,detector+cue:entity_background_separation,perturbed,0.1,500,0.806,0.676,0.676,0.0,0.0,16,16,0,0.09876543209876543,0.047337278106508875,0.722,0.71,13,0,19,0.128,0.0046756510637274,0.9557244804526224,23.052861728876955,0.6275831618010997,126.70078019969515,4.272024912506822
gaussian_noise,2,detector+cue:shadow_reinforcement,perturbed,0.2,500,0.806,0.676,0.67,-0.6000000000000005,-0.04615384615384619,17,20,-3,0.10493827160493827,0.05917159763313609,0.722,0.708,16,1,23,0.14,0.003530757845753442,0.9557244804526224,20.918659534350446,0.6326639663279057,126.09288540025591,4.272024912506822
gaussian_noise,2,detector+cue:contrast_luminance,perturbed,0.1,500,0.806,0.676,0.674,-0.20000000000000018,-0.015384615384615398,15,16,-1,0.09259259259259259,0.047337278106508875,0.722,0.72,15,2,16,0.122,0.0022563886674395236,0.9557244804526224,24.202864632859367,0.6115992120504379,127.82465780017083,4.272024912506822
gaussian_noise,2,detector+cue:thermal_injection,perturbed,0.1,500,0.806,0.676,0.668,-0.8000000000000007,-0.06153846153846159,19,23,-4,0.11728395061728394,0.06804733727810651,0.722,0.71,18,2,24,0.154,-0.010912397397029963,0.9557244804526224,22.667607574780636,0.6227775900065899,126.57045600021956,4.272024912506822
gaussian_noise,3,none,unused,,500,0.806,0.458,0.458,0.0,0.0,0,0,0,0.0,0.0,0.482,0.482,0,0,0,0.0,0.0,0.9117175474149437,16.751420018485895,0.3123098135739565,0.0,4.272024912506822
gaussian_noise,3,oracle_classical,unused,,500,0.806,0.458,0.46,0.20000000000000018,0.0057471264367816135,5,4,1,0.01845018450184502,0.017467248908296942,0.482,0.482,5,1,5,0.086,0.0015326679904055709,0.9117175474149437,17.11692501433927,0.32471899564564227,0.6766291999374516,4.272024912506822
gaussian_noise,3,detector_classical,unused,,500,0.806,0.458,0.46,0.20000000000000018,0.0057471264367816135,5,4,1,0.01845018450184502,0.017467248908296942,0.482,0.482,5,1,5,0.086,0.0015326679904055709,0.9117175474149437,17.11692501433927,0.32471899564564227,99.93482400014182,4.272024912506822
gaussian_noise,3,baseline:unsharp,unused,0.1,500,0.806,0.458,0.43,-2.8000000000000025,-0.0804597701149426,5,19,-14,0.01845018450184502,0.08296943231441048,0.482,0.456,6,2,19,0.168,-0.028767394373984644,0.9117175474149437,15.49522867487506,0.28193016320466996,0.48985280000488274,4.272024912506822
gaussian_noise,3,baseline:autocontrast,unused,0.3,500,0.806,0.458,0.458,0.0,0.0,1,1,0,0.0036900369003690036,0.004366812227074236,0.482,0.482,1,0,1,0.006,0.00017076328981784173,0.9117175474149437,16.731539811325348,0.3120154872611165,1.70148700021673,4.272024912506822
gaussian_noise,3,baseline:clahe,unused,0.1,500,0.806,0.458,0.454,-0.40000000000000036,-0.011494252873563227,3,5,-2,0.01107011070110701,0.021834061135371178,0.482,0.482,4,1,4,0.06,-0.004235153623655606,0.9117175474149437,16.54676148415612,0.3119276591166854,1.7478085999318864,4.272024912506822
gaussian_noise,3,cue:border_strengthening,perturbed,0.1,500,0.806,0.458,0.46,0.20000000000000018,0.0057471264367816135,7,6,1,0.025830258302583026,0.026200873362445413,0.482,0.49,9,2,5,0.046,0.0024456675339743013,0.9117175474149437,16.7300728849639,0.31170549466460945,26.7022047995124,4.272024912506822
gaussian_noise,3,cue:depth_boundary_emphasis,perturbed,0.1,500,0.806,0.458,0.456,-0.20000000000000018,-0.0057471264367816135,5,6,-1,0.01845018450184502,0.026200873362445413,0.482,0.482,5,1,5,0.092,0.0013695666019716555,0.9117175474149437,16.791924252751123,0.3135103685259819,27.194132999546127,4.272024912506822
gaussian_noise,3,cue:entity_background_separation,perturbed,0.1,500,0.806,0.458,0.466,0.8000000000000007,0.022988505747126454,9,5,4,0.033210332103321034,0.021834061135371178,0.482,0.498,12,4,4,0.1,0.0027138108476938215,0.9117175474149437,16.820106097488342,0.32217406302690504,27.10492619985598,4.272024912506822
gaussian_noise,3,cue:shadow_reinforcement,perturbed,0.2,500,0.806,0.458,0.466,0.8000000000000007,0.022988505747126454,16,12,4,0.05904059040590406,0.05240174672489083,0.482,0.502,21,5,11,0.164,0.006223029104471606,0.9117175474149437,16.349710757249333,0.3274885867089033,26.488649400271242,4.272024912506822
gaussian_noise,3,cue:contrast_luminance,perturbed,0.1,500,0.806,0.458,0.458,0.0,0.0,3,3,0,0.01107011070110701,0.013100436681222707,0.482,0.482,3,0,3,0.044,-0.002359249603803619,0.9117175474149437,16.616209550773267,0.3122199889421463,28.397933799918974,4.272024912506822
gaussian_noise,3,cue:thermal_injection,perturbed,0.1,500,0.806,0.458,0.452,-0.6000000000000005,-0.01724137931034484,16,19,-3,0.05904059040590406,0.08296943231441048,0.482,0.49,22,6,18,0.166,-0.01064244243029134,0.9117175474149437,16.888723406790163,0.3237566431760788,26.981310399831273,4.272024912506822
gaussian_noise,3,cue:border_strengthening,clean,0.1,500,0.806,0.458,0.46,0.20000000000000018,0.0057471264367816135,6,5,1,0.02214022140221402,0.021834061135371178,0.482,0.49,8,2,4,0.04,0.004711914413794148,0.9117175474149437,16.732079840403355,0.3117505634352565,0.5760769999760669,4.272024912506822
gaussian_noise,3,cue:depth_boundary_emphasis,clean,0.1,500,0.806,0.458,0.466,0.8000000000000007,0.022988505747126454,8,4,4,0.02952029520295203,0.017467248908296942,0.482,0.488,7,1,4,0.088,0.0006857843612879151,0.9117175474149437,16.786568036242606,0.31338738115876913,1.0992692009313032,4.272024912506822
gaussian_noise,3,cue:entity_background_separation,clean,0.1,500,0.806,0.458,0.47,1.1999999999999955,0.03448275862068952,12,6,6,0.04428044280442804,0.026200873362445413,0.482,0.504,16,4,5,0.104,0.003524456399607516,0.9117175474149437,16.825271945537484,0.3223724217265844,1.0155374000314623,4.272024912506822
gaussian_noise,3,cue:shadow_reinforcement,clean,0.2,500,0.806,0.458,0.456,-0.20000000000000018,-0.0057471264367816135,14,15,-1,0.05166051660516605,0.06550218340611354,0.482,0.488,17,4,14,0.166,0.00586427706336417,0.9117175474149437,16.34562996382622,0.32719981847703455,0.3795642000332009,4.272024912506822
gaussian_noise,3,cue:contrast_luminance,clean,0.1,500,0.806,0.458,0.458,0.0,0.0,3,3,0,0.01107011070110701,0.013100436681222707,0.482,0.482,3,0,3,0.044,-0.002126120377978623,0.9117175474149437,16.61765794592932,0.3122499899864197,2.3078162000747398,4.272024912506822
gaussian_noise,3,cue:thermal_injection,clean,0.1,500,0.806,0.458,0.448,-1.0000000000000009,-0.02873563218390807,18,23,-5,0.06642066420664207,0.10043668122270742,0.482,0.486,24,7,22,0.208,-0.011025032541490874,0.9117175474149437,16.88912567336087,0.32354667235910894,0.8736241998558398,4.287322587505969
gaussian_noise,3,cue:border_strengthening,mismatched,0.1,500,0.806,0.458,0.452,-0.6000000000000005,-0.01724137931034484,1,4,-3,0.0036900369003690036,0.017467248908296942,0.482,0.48,2,1,3,0.034,-0.0013662978185029714,0.9117175474149437,16.73374743638171,0.3119387949481606,0.5736168004805222,4.287322587505969
gaussian_noise,3,cue:depth_boundary_emphasis,mismatched,0.1,500,0.806,0.458,0.476,1.799999999999996,0.051724137931034364,11,2,9,0.04059040590405904,0.008733624454148471,0.482,0.5,11,1,2,0.082,-0.0023537712152847234,0.9117175474149437,16.781142545267915,0.31330082408338783,1.0707562001480255,4.287322587505969
gaussian_noise,3,cue:entity_background_separation,mismatched,0.1,500,0.806,0.458,0.454,-0.40000000000000036,-0.011494252873563227,6,8,-2,0.02214022140221402,0.034934497816593885,0.482,0.478,7,2,9,0.078,-0.0030739233943959336,0.9117175474149437,16.85217637739085,0.32255611953139307,0.969889399711974,4.287322587505969
gaussian_noise,3,cue:shadow_reinforcement,mismatched,0.2,500,0.806,0.458,0.444,-1.4000000000000012,-0.0402298850574713,10,17,-7,0.03690036900369004,0.07423580786026202,0.482,0.474,13,5,17,0.17,-0.01006545867008299,0.9117175474149437,16.412157151437178,0.3279891918003559,0.36649099944042973,4.287322587505969
gaussian_noise,3,cue:contrast_luminance,mismatched,0.1,500,0.806,0.458,0.456,-0.20000000000000018,-0.0057471264367816135,3,4,-1,0.01107011070110701,0.017467248908296942,0.482,0.482,4,1,4,0.046,-0.0027573614607254056,0.9117175474149437,16.61391217482983,0.31214487900584936,2.295716799708316,4.287322587505969
gaussian_noise,3,cue:thermal_injection,mismatched,0.1,500,0.806,0.458,0.45,-0.8000000000000007,-0.022988505747126454,17,21,-4,0.06273062730627306,0.09170305676855896,0.482,0.478,19,4,21,0.18,-0.01333745103850015,0.9117175474149437,16.924499397763483,0.3244399117082357,0.840284799982328,4.287322587505969
gaussian_noise,3,detector+cue:border_strengthening,perturbed,0.1,500,0.806,0.458,0.464,0.6000000000000005,0.01724137931034484,8,5,3,0.02952029520295203,0.021834061135371178,0.482,0.486,8,2,6,0.106,0.004300743491352932,0.9117175474149437,17.092991507208012,0.3240149221122265,126.61724439958925,4.287322587505969
gaussian_noise,3,detector+cue:depth_boundary_emphasis,perturbed,0.1,500,0.806,0.458,0.46,0.20000000000000018,0.0057471264367816135,7,6,1,0.025830258302583026,0.026200873362445413,0.482,0.484,6,1,5,0.116,0.0020456259373040665,0.9117175474149437,17.155847133689726,0.32593315213918683,127.13549059981597,4.287322587505969
gaussian_noise,3,detector+cue:entity_background_separation,perturbed,0.1,500,0.806,0.458,0.47,1.1999999999999955,0.03448275862068952,12,6,6,0.04428044280442804,0.026200873362445413,0.482,0.492,13,2,8,0.138,0.003067562768641437,0.9117175474149437,17.143407528952615,0.3349975216984749,127.03418119990965,4.287322587505969
gaussian_noise,3,detector+cue:shadow_reinforcement,perturbed,0.2,500,0.806,0.458,0.474,1.5999999999999959,0.04597701149425275,20,12,8,0.07380073800738007,0.05240174672489083,0.482,0.504,23,4,12,0.18,0.007243329450036526,0.9117175474149437,16.616236151103987,0.3406053501367569,126.42407220014138,4.287322587505969
gaussian_noise,3,detector+cue:contrast_luminance,perturbed,0.1,500,0.806,0.458,0.462,0.40000000000000036,0.011494252873563227,5,3,2,0.01845018450184502,0.013100436681222707,0.482,0.486,6,2,4,0.098,0.00025287955028943545,0.9117175474149437,16.980839851339542,0.3245105113610625,128.3465994001308,4.287322587505969
gaussian_noise,3,detector+cue:thermal_injection,perturbed,0.1,500,0.806,0.458,0.464,0.6000000000000005,0.01724137931034484,20,17,3,0.07380073800738007,0.07423580786026202,0.482,0.496,24,6,17,0.2,-0.010995742604836777,0.9117175474149437,17.19585308852159,0.33631580249965193,126.90765920025297,4.287322587505969
jpeg_compression,1,none,unused,,500,0.806,0.708,0.708,0.0,0.0,0,0,0,0.0,0.0,0.832,0.832,0,0,0,0.0,0.0,0.9793790309331564,29.748362458206223,0.8932333854436875,0.0,4.287322587505969
jpeg_compression,1,oracle_classical,unused,,500,0.806,0.708,0.728,2.0000000000000018,0.20408163265306123,22,12,10,0.1506849315068493,0.03389830508474576,0.832,0.836,19,2,17,0.096,0.016019342418712768,0.9793790309331564,30.21576948743328,0.9023618694543839,0.8348654003057163,4.287322587505969
jpeg_compression,1,detector_classical,unused,,500,0.806,0.708,0.712,0.40000000000000036,0.04081632653061224,6,4,2,0.0410958904109589,0.011299435028248588,0.832,0.828,4,0,6,0.026,0.006780276004661573,0.9793790309331564,29.912902852817037,0.896255180478096,108.60902100088424,4.287322587505969
jpeg_compression,1,baseline:unsharp,unused,0.1,500,0.806,0.708,0.706,-0.20000000000000018,-0.02040816326530612,3,4,-1,0.02054794520547945,0.011299435028248588,0.832,0.836,7,4,5,0.04,-0.002442446775685312,0.9793790309331564,28.667059333860408,0.8806994951963425,0.5578179995936807,4.287322587505969
jpeg_compression,1,baseline:autocontrast,unused,0.3,500,0.806,0.708,0.708,0.0,0.0,1,1,0,0.00684931506849315,0.002824858757062147,0.832,0.832,1,0,1,0.008,0.0011071542630015755,0.9793790309331564,28.917388725039615,0.8909757843017578,1.5112514003412798,4.287322587505969
jpeg_compression,1,baseline:clahe,unused,0.1,500,0.806,0.708,0.702,-0.6000000000000005,-0.061224489795918366,4,7,-3,0.0273972602739726,0.01977401129943503,0.832,0.832,6,2,6,0.026,-0.0024143951807818666,0.9793790309331564,29.15572120958487,0.8878046379089356,1.430827200296335,4.287322587505969
jpeg_compression,1,cue:border_strengthening,perturbed,0.1,500,0.806,0.708,0.71,0.20000000000000018,0.02040816326530612,2,1,1,0.0136986301369863,0.002824858757062147,0.832,0.836,3,1,1,0.01,0.0001229523409401736,0.9793790309331564,29.652272712606663,0.8925155047178268,27.99203399999533,4.287322587505969
jpeg_compression,1,cue:depth_boundary_emphasis,perturbed,0.1,500,0.806,0.708,0.7,-0.8000000000000007,-0.08163265306122448,2,6,-4,0.0136986301369863,0.01694915254237288,0.832,0.83,4,2,5,0.038,-0.0034762237003305926,0.9793790309331564,29.39440675233779,0.8910636464357377,28.7111301998375,4.287322587505969
jpeg_compression,1,cue:entity_background_separation,perturbed,0.1,500,0.806,0.708,0.706,-0.20000000000000018,-0.02040816326530612,5,6,-1,0.03424657534246575,0.01694915254237288,0.832,0.832,6,1,6,0.036,-0.00039342269715598376,0.9793790309331564,25.886705390614416,0.8913583889007568,28.495645999500994,4.287322587505969
jpeg_compression,1,cue:shadow_reinforcement,perturbed,0.2,500,0.806,0.708,0.714,0.6000000000000005,0.061224489795918366,7,4,3,0.04794520547945205,0.011299435028248588,0.832,0.84,8,1,4,0.04,-0.001836555839254288,0.9793790309331564,22.456227547576457,0.8804292585849762,27.735888399620308,4.287322587505969
jpeg_compression,1,cue:contrast_luminance,perturbed,0.1,500,0.806,0.708,0.704,-0.40000000000000036,-0.04081632653061224,3,5,-2,0.02054794520547945,0.014124293785310734,0.832,0.83,4,1,5,0.024,-0.0009217284303340421,0.9793790309331564,29.37560164707723,0.8899082237482071,29.497850399668096,4.287322587505969
jpeg_compression,1,cue:thermal_injection,perturbed,0.1,500,0.806,0.708,0.7,-0.8000000000000007,-0.08163265306122448,11,15,-4,0.07534246575342465,0.0423728813559322,0.832,0.826,15,5,18,0.086,-0.01250005874152339,0.9793790309331564,24.970420987117148,0.8737436544895172,28.208671999920625,4.287322587505969
jpeg_compression,1,cue:border_strengthening,clean,0.1,500,0.806,0.708,0.71,0.20000000000000018,0.02040816326530612,3,2,1,0.02054794520547945,0.005649717514124294,0.832,0.834,3,0,2,0.012,0.0004765167894274782,0.9793790309331564,29.653126688934194,0.8925012471675873,0.6477305997686926,4.287322587505969
jpeg_compression,1,cue:depth_boundary_emphasis,clean,0.1,500,0.806,0.708,0.7,-0.8000000000000007,-0.08163265306122448,3,7,-4,0.02054794520547945,0.01977401129943503,0.832,0.83,5,2,6,0.044,-0.002263934472508481,0.9793790309331564,29.39350140601126,0.8909902449846268,1.2127321995503735,4.287322587505969
jpeg_compression,1,cue:entity_background_separation,clean,0.1,500,0.806,0.708,0.706,-0.20000000000000018,-0.02040816326530612,4,5,-1,0.0273972602739726,0.014124293785310734,0.832,0.834,5,1,4,0.028,0.00025625129332911456,0.9793790309331564,25.850739315381453,0.8912217723131179,1.0905842000502162,4.287322587505969
jpeg_compression,1,cue:shadow_reinforcement,clean,0.2,500,0.806,0.708,0.712,0.40000000000000036,0.04081632653061224,6,4,2,0.0410958904109589,0.011299435028248588,0.832,0.836,6,1,4,0.038,-0.0019265168999882008,0.9793790309331564,22.438937196397497,0.8798586020469665,0.4118769997439813,4.287322587505969
jpeg_compression,1,cue:contrast_luminance,clean,0.1,500,0.806,0.708,0.702,-0.6000000000000005,-0.061224489795918366,3,6,-3,0.02054794520547945,0.01694915254237288,0.832,0.832,5,2,5,0.026,-0.0011865207967402967,0.9793790309331564,29.377651868440008,0.88992404961586,2.0313803998578805,4.287322587505969
jpeg_compression,1,cue:thermal_injection,clean,0.1,500,0.806,0.708,0.688,-2.0000000000000018,-0.20408163265306123,9,19,-10,0.06164383561643835,0.05367231638418079,0.832,0.816,15,7,23,0.1,-0.008423466237820322,0.9793790309331564,24.958684222806014,0.8733616615533829,0.9242696001892909,4.287322587505969
jpeg_compression,1,cue:border_strengthening,mismatched,0.1,500,0.806,0.708,0.706,-0.20000000000000018,-0.02040816326530612,4,5,-1,0.0273972602739726,0.014124293785310734,0.832,0.834,6,2,5,0.026,-0.00032516407695948145,0.9793790309331564,29.637829976470975,0.890000704050064,0.6007224002678413,4.287322587505969
jpeg_compression,1,cue:depth_boundary_emphasis,mismatched,0.1,500,0.806,0.708,0.706,-0.20000000000000018,-0.02040816326530612,7,8,-1,0.04794520547945205,0.022598870056497175,0.832,0.828,7,0,9,0.044,-0.002118228800902216,0.9793790309331564,29.348304170176505,0.88465187728405,1.211733399744844,4.288881909372321
jpeg_compression,1,cue:entity_background_separation,mismatched,0.1,500,0.806,0.708,0.714,0.6000000000000005,0.061224489795918366,7,4,3,0.04794520547945205,0.011299435028248588,0.832,0.836,7,1,5,0.028,-0.0019744141619212315,0.9793790309331564,25.94003906925238,0.8882363308668136,1.0036447996390052,4.288881909372321
jpeg_compression,1,cue:shadow_reinforcement,mismatched,0.2,500,0.806,0.708,0.706,-0.20000000000000018,-0.02040816326530612,9,10,-1,0.06164383561643835,0.02824858757062147,0.832,0.826,11,5,14,0.074,-0.008653251338297195,0.9793790309331564,22.405226046352375,0.8712674913406372,0.37159720005001873,4.288881909372321
jpeg_compression,1,cue:contrast_luminance,mismatched,0.1,500,0.806,0.708,0.7,-0.8000000000000007,-0.08163265306122448,3,7,-4,0.02054794520547945,0.01977401129943503,0.832,0.83,5,2,6,0.026,-0.0009018972582452989,0.9793790309331564,29.38538172224688,0.8898015731573105,1.9417931995994877,4.288881909372321
jpeg_compression,1,cue:thermal_injection,mismatched,0.1,500,0.806,0.708,0.692,-1.6000000000000014,-0.16326530612244897,12,20,-8,0.0821917808219178,0.05649717514124294,0.832,0.8,10,4,26,0.104,-0.013710539394162878,0.9793790309331564,25.043371430215295,0.866372223854065,0.8524940000206698,4.288881909372321
jpeg_compression,1,detector+cue:border_strengthening,perturbed,0.1,500,0.806,0.708,0.714,0.6000000000000005,0.061224489795918366,8,5,3,0.0547945205479452,0.014124293785310734,0.832,0.832,7,1,7,0.038,0.006023826636845115,0.9793790309331564,29.812906385747223,0.8955368367433548,136.4121180010261,4.288881909372321
jpeg_compression,1,detector+cue:depth_boundary_emphasis,perturbed,0.1,500,0.806,0.708,0.708,0.0,0.0,8,8,0,0.0547945205479452,0.022598870056497175,0.832,0.832,9,3,9,0.056,0.004092235846313997,0.9793790309331564,29.54083816746758,0.8938845834732055,136.9038530011021,4.288881909372321
jpeg_compression,1,detector+cue:entity_background_separation,perturbed,0.1,500,0.806,0.708,0.71,0.20000000000000018,0.02040816326530612,10,9,1,0.0684931506849315,0.025423728813559324,0.832,0.826,8,0,11,0.058,0.004282860619923667,0.9793790309331564,25.933093812646497,0.8929684289693832,136.81126300108735,4.288881909372321
jpeg_compression,1,detector+cue:shadow_reinforcement,perturbed,0.2,500,0.806,0.708,0.716,0.8000000000000007,0.08163265306122448,12,8,4,0.0821917808219178,0.022598870056497175,0.832,0.83,10,0,11,0.06,0.002485002811488812,0.9793790309331564,22.47337268184053,0.8811007225513459,136.2177938010136,4.288881909372321
jpeg_compression,1,detector+cue:contrast_luminance,perturbed,0.1,500,0.806,0.708,0.71,0.20000000000000018,0.02040816326530612,9,8,1,0.06164383561643835,0.022598870056497175,0.832,0.828,8,1,10,0.046,0.005861090221525956,0.9793790309331564,29.57686825465944,0.8942458821535111,137.75945240075816,4.288881909372321
jpeg_compression,1,detector+cue:thermal_injection,perturbed,0.1,500,0.806,0.708,0.702,-0.6000000000000005,-0.061224489795918366,13,16,-3,0.08904109589041095,0.04519774011299435,0.832,0.82,15,4,21,0.096,-0.00667109133617123,0.9793790309331564,24.996678130185888,0.8745005420446396,136.7012316007458,4.288881909372321
jpeg_compression,2,none,unused,,500,0.806,0.616,0.616,0.0,0.0,0,0,0,0.0,0.0,0.696,0.696,0,0,0,0.0,0.0,0.9586608409664175,27.102083255422425,0.8204969620704651,0.0,4.288881909372321
jpeg_compression,2,oracle_classical,unused,,500,0.806,0.616,0.626,1.0000000000000009,0.05263157894736845,18,13,5,0.09375,0.04220779220779221,0.696,0.714,25,9,16,0.144,0.01636308477874991,0.9586608409664175,27.4291223263844,0.832156203508377,0.8391546001075767,4.288881909372321
jpeg_compression,2,detector_classical,unused,,500,0.806,0.616,0.624,0.8000000000000007,0.042105263157894764,16,12,4,0.08333333333333333,0.03896103896103896,0.696,0.71,22,8,15,0.128,0.012108290936394041,0.9586608409664175,27.384409090152776,0.8304664126634598,107.23998600040795,4.288881909372321
jpeg_compression,2,baseline:unsharp,unused,0.1,500,0.806,0.616,0.608,-0.8000000000000007,-0.042105263157894764,5,9,-4,0.026041666666666668,0.02922077922077922,0.696,0.69,8,4,11,0.076,-0.0011939401584786537,0.9586608409664175,26.53004913594576,0.8104726737737655,0.549809199932497,4.288881909372321
jpeg_compression,2,baseline:autocontrast,unused,0.3,500,0.806,0.616,0.618,0.20000000000000018,0.010526315789473691,3,2,1,0.015625,0.006493506493506494,0.696,0.7,4,1,2,0.024,0.0006800514887127065,0.9586608409664175,26.570923785960034,0.8184783794879913,1.4347089994698763,4.288881909372321
jpeg_compression,2,baseline:clahe,unused,0.1,500,0.806,0.616,0.616,0.0,0.0,3,3,0,0.015625,0.00974025974025974,0.696,0.698,5,2,4,0.028,0.0004274357812228118,0.9586608409664175,26.783253555985258,0.8167118662595749,1.4284898000769317,4.288881909372321
jpeg_compression,2,cue:border_strengthening,perturbed,0.1,500,0.806,0.616,0.618,0.20000000000000018,0.010526315789473691,5,4,1,0.026041666666666668,0.012987012987012988,0.696,0.704,9,4,5,0.044,0.002642496754811873,0.9586608409664175,27.065075398973484,0.8200595190525055,28.37228439928731,4.288881909372321
jpeg_compression,2,cue:depth_boundary_emphasis,perturbed,0.1,500,0.806,0.616,0.614,-0.20000000000000018,-0.010526315789473691,4,5,-1,0.020833333333333332,0.016233766233766232,0.696,0.694,5,1,6,0.062,-0.003520977781779948,0.9586608409664175,26.885881147542385,0.8183881261348724,28.928925000305753,4.288881909372321
jpeg_compression,2,cue:entity_background_separation,perturbed,0.1,500,0.806,0.616,0.614,-0.20000000000000018,-0.010526315789473691,5,6,-1,0.026041666666666668,0.01948051948051948,0.696,0.696,8,4,8,0.058,-0.00012842711899065763,0.9586608409664175,24.511620256419455,0.8187359595298767,28.8195498000714,4.288881909372321
jpeg_compression,2,cue:shadow_reinforcement,perturbed,0.2,500,0.806,0.616,0.626,1.0000000000000009,0.05263157894736845,12,7,5,0.0625,0.022727272727272728,0.696,0.698,12,2,11,0.076,0.0002955009830002382,0.9586608409664175,21.694480555963988,0.809028682589531,28.115525600296678,4.288881909372321
jpeg_compression,2,cue:contrast_luminance,perturbed,0.1,500,0.806,0.616,0.612,-0.40000000000000036,-0.021052631578947382,2,4,-2,0.010416666666666666,0.012987012987012988,0.696,0.7,5,3,3,0.026,0.0009406025784392114,0.9586608409664175,26.90029784519498,0.8182768062353134,29.753847999236314,4.288881909372321
jpeg_compression,2,cue:thermal_injection,perturbed,0.1,500,0.806,0.616,0.612,-0.40000000000000036,-0.021052631578947382,15,17,-2,0.078125,0.05519480519480519,0.696,0.688,19,6,23,0.152,-0.002666725389603471,0.9586608409664175,23.83853551219419,0.8035362551212311,28.642234200175153,4.288881909372321
jpeg_compression,2,cue:border_strengthening,clean,0.1,500,0.806,0.616,0.612,-0.40000000000000036,-0.021052631578947382,3,5,-2,0.015625,0.016233766233766232,0.696,0.694,4,1,5,0.042,0.0035344202000269433,0.9586608409664175,27.067230277016566,0.8200224175453186,0.6283334002364427,4.288881909372321
jpeg_compression,2,cue:depth_boundary_emphasis,clean,0.1,500,0.806,0.616,0.618,0.20000000000000018,0.010526315789473691,5,4,1,0.026041666666666668,0.012987012987012988,0.696,0.7,6,1,4,0.056,0.0001314308459041058,0.9586608409664175,26.896408793403612,0.8182734688520431,1.1850331999885384,4.288881909372321
jpeg_compression,2,cue:entity_background_separation,clean,0.1,500,0.806,0.616,0.612,-0.40000000000000036,-0.021052631578947382,7,9,-2,0.036458333333333336,0.02922077922077922,0.696,0.698,10,4,9,0.072,0.0010158245431921386,0.9586608409664175,24.452886739314142,0.8184068168401718,1.0771820002992172,4.288881909372321
jpeg_compression,2,cue:shadow_reinforcement,clean,0.2,500,0.806,0.616,0.622,0.6000000000000005,0.031578947368421074,13,10,3,0.06770833333333333,0.032467532467532464,0.696,0.7,14,2,12,0.094,0.0001415587081019112,0.9586608409664175,21.64731751506041,0.8077660052776336,0.4066087997634895,4.288881909372321
jpeg_compression,2,cue:contrast_luminance,clean,0.1,500,0.806,0.616,0.612,-0.40000000000000036,-0.021052631578947382,2,4,-2,0.010416666666666666,0.012987012987012988,0.696,0.7,5,3,3,0.022,0.0005477305473596062,0.9586608409664175,26.902973761212138,0.8183144776821136,1.996415999979945,4.288881909372321
jpeg_compression,2,cue:thermal_injection,clean,0.1,500,0.806,0.616,0.61,-0.6000000000000005,-0.031578947368421074,15,18,-3,0.078125,0.05844155844155844,0.696,0.692,20,6,22,0.146,-7.190306524444168e-05,0.9586608409664175,23.824962891424086,0.8028756815195084,0.9198878003226127,4.288881909372321
jpeg_compression,2,cue:border_strengthening,mismatched,0.1,500,0.806,0.616,0.616,0.0,0.0,5,5,0,0.026041666666666668,0.016233766233766232,0.696,0.69,5,1,8,0.052,0.001666212014228222,0.9586608409664175,27.046253534590257,0.8175184253454209,0.6005067998485174,4.288881909372321
jpeg_compression,2,cue:depth_boundary_emphasis,mismatched,0.1,500,0.806,0.616,0.618,0.20000000000000018,0.010526315789473691,7,6,1,0.036458333333333336,0.01948051948051948,0.696,0.686,7,2,12,0.074,0.00014755511008479515,0.9586608409664175,26.87749571229297,0.81235453748703,1.1364075998135377,4.288881909372321
jpeg_compression,2,cue:entity_background_separation,mismatched,0.1,500,0.806,0.616,0.624,0.8000000000000007,0.042105263157894764,9,5,4,0.046875,0.016233766233766232,0.696,0.692,8,2,10,0.07,-0.0012220269376848592,0.9586608409664175,24.544426098848863,0.8155035043954849,1.0374336000531912,4.288881909372321
jpeg_compression,2,cue:shadow_reinforcement,mismatched,0.2,500,0.806,0.616,0.612,-0.40000000000000036,-0.021052631578947382,9,11,-2,0.046875,0.03571428571428571,0.696,0.682,12,5,19,0.096,-0.007561263846364455,0.9586608409664175,21.663907692691833,0.7997532651424408,0.41923500018310733,4.286862784368168
jpeg_compression,2,cue:contrast_luminance,mismatched,0.1,500,0.806,0.616,0.612,-0.40000000000000036,-0.021052631578947382,2,4,-2,0.010416666666666666,0.012987012987012988,0.696,0.694,4,2,5,0.028,0.0007371809814503649,0.9586608409664175,26.90681486603886,0.8181482268571854,1.941127200378105,4.286862784368168
jpeg_compression,2,cue:thermal_injection,mismatched,0.1,500,0.806,0.616,0.584,-3.200000000000003,-0.16842105263157905,5,21,-16,0.026041666666666668,0.06818181818181818,0.696,0.662,11,7,28,0.152,-0.020209120191971124,0.9586608409664175,23.909432764632555,0.7964756326079369,0.8513536001555622,4.286862784368168
jpeg_compression,2,detector+cue:border_strengthening,perturbed,0.1,500,0.806,0.616,0.628,1.200000000000001,0.06315789473684215,19,13,6,0.09895833333333333,0.04220779220779221,0.696,0.71,23,6,16,0.144,0.014922446861188291,0.9586608409664175,27.34316335830352,0.8299940901994706,135.48466460045893,4.286862784368168
jpeg_compression,2,detector+cue:depth_boundary_emphasis,perturbed,0.1,500,0.806,0.616,0.612,-0.40000000000000036,-0.021052631578947382,13,15,-2,0.06770833333333333,0.048701298701298704,0.696,0.692,18,6,20,0.14,0.008065813524575787,0.9586608409664175,27.147336098564477,0.8279436588287353,135.99721620051423,4.286862784368168
jpeg_compression,2,detector+cue:entity_background_separation,perturbed,0.1,500,0.806,0.616,0.632,1.6000000000000014,0.08421052631578953,20,12,8,0.10416666666666667,0.03896103896103896,0.696,0.714,26,8,17,0.148,0.013962870326049598,0.9586608409664175,24.633073106704746,0.8261966718435287,135.90923700015992,4.286862784368168
jpeg_compression,2,detector+cue:shadow_reinforcement,perturbed,0.2,500,0.806,0.616,0.616,0.0,0.0,17,17,0,0.08854166666666667,0.05519480519480519,0.696,0.704,24,9,20,0.15,0.011116717523815168,0.9586608409664175,21.75328048094226,0.8146890190839767,135.2914276002266,4.286862784368168
jpeg_compression,2,detector+cue:contrast_luminance,perturbed,0.1,500,0.806,0.616,0.622,0.6000000000000005,0.031578947368421074,15,12,3,0.078125,0.03896103896103896,0.696,0.708,21,7,15,0.138,0.012851771842588278,0.9586608409664175,27.216338975491606,0.8301468152999878,136.85130320029566,4.286862784368168
jpeg_compression,2,detector+cue:thermal_injection,perturbed,0.1,500,0.806,0.616,0.618,0.20000000000000018,0.010526315789473691,18,17,1,0.09375,0.05519480519480519,0.696,0.692,24,9,26,0.178,0.009236814817266804,0.9586608409664175,23.9230420896139,0.8093348467350006,135.791592799942,4.286862784368168
jpeg_compression,3,none,unused,,500,0.806,0.312,0.312,0.0,0.0,0,0,0,0.0,0.0,0.344,0.344,0,0,0,0.0,0.0,0.821178205733395,23.018054903237747,0.6657486183643341,0.0,4.286862784368168
jpeg_compression,3,oracle_classical,unused,,500,0.806,0.312,0.33,1.8000000000000016,0.036437246963562785,12,3,9,0.03488372093023256,0.019230769230769232,0.344,0.358,13,2,6,0.186,0.0069124849529389396,0.821178205733395,23.17255206645307,0.6744525297880173,0.8320096000679769,4.286862784368168
jpeg_compression,3,detector_classical,unused,,500,0.806,0.312,0.33,1.8000000000000016,0.036437246963562785,11,2,9,0.03197674418604651,0.01282051282051282,0.344,0.358,12,2,5,0.174,0.007155359872870576,0.821178205733395,23.164380461614613,0.6739801362752914,107.17233080061851,4.286862784368168
jpeg_compression,3,baseline:unsharp,unused,0.1,500,0.806,0.312,0.3,-1.200000000000001,-0.02429149797570852,8,14,-6,0.023255813953488372,0.08974358974358974,0.344,0.326,8,0,17,0.192,-0.016762574640538333,0.821178205733395,22.589383110507743,0.6522075369358062,0.5481929999659769,4.286862784368168
jpeg_compression,3,baseline:autocontrast,unused,0.3,500,0.806,0.312,0.314,0.20000000000000018,0.0040485829959514205,1,0,1,0.0029069767441860465,0.0,0.344,0.344,1,0,1,0.034,0.0004050173276400528,0.821178205733395,22.747127192291437,0.6635846505761147,1.339372199960053,4.286862784368168
jpeg_compression,3,baseline:clahe,unused,0.1,500,0.806,0.312,0.31,-0.20000000000000018,-0.0040485829959514205,3,4,-1,0.00872093023255814,0.02564102564102564,0.344,0.342,3,0,4,0.08,-0.0014469176591510404,0.821178205733395,22.891826172270466,0.6641495779156685,1.383397799654631,4.286862784368168
jpeg_compression,3,cue:border_strengthening,perturbed,0.1,500,0.806,0.312,0.328,1.6000000000000014,0.032388663967611364,10,2,8,0.029069767441860465,0.01282051282051282,0.344,0.358,9,0,2,0.076,0.0030921279992535346,0.821178205733395,22.996166939897442,0.6653343912959099,28.723752400139347,4.286862784368168
jpeg_compression,3,cue:depth_boundary_emphasis,perturbed,0.1,500,0.806,0.312,0.312,0.0,0.0,5,5,0,0.014534883720930232,0.03205128205128205,0.344,0.34,5,0,7,0.126,-0.0035696592696785956,0.821178205733395,22.94005753532388,0.6648052342534065,29.29715759967803,4.286862784368168
jpeg_compression,3,cue:entity_background_separation,perturbed,0.1,500,0.806,0.312,0.318,0.6000000000000005,0.01214574898785426,6,3,3,0.01744186046511628,0.019230769230769232,0.344,0.348,5,0,3,0.096,0.0025875221995029277,0.821178205733395,21.86198510932358,0.6665343119502067,29.187733599654166,4.286862784368168
jpeg_compression,3,cue:shadow_reinforcement,perturbed,0.2,500,0.806,0.312,0.312,0.0,0.0,6,6,0,0.01744186046511628,0.038461538461538464,0.344,0.338,6,0,9,0.172,-0.000552803378525823,0.821178205733395,20.009440718533508,0.6615863288640976,28.474544399883598,4.286862784368168
jpeg_compression,3,cue:contrast_luminance,perturbed,0.1,500,0.806,0.312,0.316,0.40000000000000036,0.008097165991902841,4,2,2,0.011627906976744186,0.01282051282051282,0.344,0.348,4,0,2,0.044,-0.0006434867163625313,0.821178205733395,22.931221262584362,0.664818707048893,30.074055200035218,4.286862784368168
jpeg_compression,3,cue:thermal_injection,perturbed,0.1,500,0.806,0.312,0.314,0.20000000000000018,0.0040485829959514205,22,21,1,0.06395348837209303,0.1346153846153846,0.344,0.344,24,3,24,0.352,-0.0017811808535743694,0.821178205733395,21.534819257506715,0.6588022089600563,29.0027011995262,4.286862784368168
jpeg_compression,3,cue:border_strengthening,clean,0.1,500,0.806,0.312,0.328,1.6000000000000014,0.032388663967611364,10,2,8,0.029069767441860465,0.01282051282051282,0.344,0.36,11,1,3,0.092,0.009216689600089012,0.821178205733395,23.002949684932837,0.6652908730506897,0.6312254001386464,4.286862784368168
jpeg_compression,3,cue:depth_boundary_emphasis,clean,0.1,500,0.806,0.312,0.316,0.40000000000000036,0.008097165991902841,6,4,2,0.01744186046511628,0.02564102564102564,0.344,0.35,8,2,5,0.122,0.012684412160711872,0.821178205733395,22.956804145241435,0.6644577565789223,1.1959867998666596,4.286862784368168
jpeg_compression,3,cue:entity_background_separation,clean,0.1,500,0.806,0.312,0.328,1.6000000000000014,0.032388663967611364,11,3,8,0.03197674418604651,0.019230769230769232,0.344,0.354,10,0,5,0.124,0.002036220448199856,0.821178205733395,21.80007089172344,0.6659522694349289,1.0977519999141805,4.286862784368168
jpeg_compression,3,cue:shadow_reinforcement,clean,0.2,500,0.806,0.312,0.324,1.200000000000001,0.02429149797570852,11,5,6,0.03197674418604651,0.03205128205128205,0.344,0.35,11,0,8,0.172,0.0061002655127695106,0.821178205733395,19.981731040635403,0.658972018480301,0.42446780027239583,4.286862784368168
jpeg_compression,3,cue:contrast_luminance,clean,0.1,500,0.806,0.312,0.312,0.0,0.0,3,3,0,0.00872093023255814,0.019230769230769232,0.344,0.344,3,0,3,0.044,-0.0012739820055539895,0.821178205733395,22.933207063113578,0.6648632675409317,2.015850999887334,4.286862784368168
jpeg_compression,3,cue:thermal_injection,clean,0.1,500,0.806,0.312,0.344,3.1999999999999975,0.06477732793522262,31,15,16,0.09011627906976744,0.09615384615384616,0.344,0.376,32,3,16,0.352,0.022303711215269688,0.821178205733395,21.527841093120415,0.6579862167239189,0.9122721999301575,4.286862784368168
jpeg_compression,3,cue:border_strengthening,mismatched,0.1,500,0.806,0.312,0.308,-0.40000000000000036,-0.008097165991902841,2,4,-2,0.005813953488372093,0.02564102564102564,0.344,0.332,2,0,8,0.106,-0.005950226253066831,0.821178205733395,22.99643645717534,0.6628079781532288,0.6089029996655881,4.286862784368168
jpeg_compression,3,cue:depth_boundary_emphasis,mismatched,0.1,500,0.806,0.312,0.304,-0.8000000000000007,-0.016194331983805682,6,10,-4,0.01744186046511628,0.0641025641025641,0.344,0.326,5,0,14,0.162,-0.009231435460048487,0.821178205733395,22.938009685221186,0.658880399286747,1.1612246002769098,4.286862784368168
jpeg_compression,3,cue:entity_background_separation,mismatched,0.1,500,0.806,0.312,0.314,0.20000000000000018,0.0040485829959514205,8,7,1,0.023255813953488372,0.04487179487179487,0.344,0.34,8,1,10,0.164,-0.007559141367076336,0.821178205733395,21.878460849599744,0.6636614847183228,1.0230370000062976,4.286862784368168
jpeg_compression,3,cue:shadow_reinforcement,mismatched,0.2,500,0.806,0.312,0.31,-0.20000000000000018,-0.0040485829959514205,12,13,-1,0.03488372093023256,0.08333333333333333,0.344,0.33,10,0,17,0.238,-0.010259074365393644,0.821178205733395,20.05768249547627,0.6527773489952088,0.39148140043835156,4.286862784368168
jpeg_compression,3,cue:contrast_luminance,mismatched,0.1,500,0.806,0.312,0.31,-0.20000000000000018,-0.0040485829959514205,1,2,-1,0.0029069767441860465,0.01282051282051282,0.344,0.342,1,0,2,0.046,-0.001068398710263864,0.821178205733395,22.934205404935565,0.6647626177668572,1.9215402005647775,4.286862784368168
jpeg_compression,3,cue:thermal_injection,mismatched,0.1,500,0.806,0.312,0.306,-0.6000000000000005,-0.01214574898785426,13,16,-3,0.0377906976744186,0.10256410256410256,0.344,0.34,16,4,18,0.362,-0.01015268665982785,0.821178205733395,21.58995682997977,0.6529964436888694,0.8634736000094563,4.280849574993681
jpeg_compression,3,detector+cue:border_strengthening,perturbed,0.1,500,0.806,0.312,0.324,1.200000000000001,0.02429149797570852,12,6,6,0.03488372093023256,0.038461538461538464,0.344,0.354,12,1,7,0.192,0.009634607706821953,0.821178205733395,23.14130707328294,0.6734843764305115,135.77551820050576,4.280849574993681
jpeg_compression,3,detector+cue:depth_boundary_emphasis,perturbed,0.1,500,0.806,0.312,0.328,1.6000000000000014,0.032388663967611364,17,9,8,0.04941860465116279,0.057692307692307696,0.344,0.35,18,2,15,0.234,0.003993976653632671,0.821178205733395,23.079974257957954,0.6727910732030868,136.2768746005604,4.280849574993681
jpeg_compression,3,detector+cue:entity_background_separation,perturbed,0.1,500,0.806,0.312,0.33,1.8000000000000016,0.036437246963562785,17,8,9,0.04941860465116279,0.05128205128205128,0.344,0.358,17,2,10,0.226,0.010536003334319503,0.821178205733395,21.957103696273933,0.6738970893025398,136.17153600024176,4.280849574993681
jpeg_compression,3,detector+cue:shadow_reinforcement,perturbed,0.2,500,0.806,0.312,0.326,1.4000000000000012,0.02834008097165994,16,9,7,0.046511627906976744,0.057692307692307696,0.344,0.352,17,2,13,0.258,0.009345553109228603,0.821178205733395,20.067437394043036,0.6682162350416183,135.56732680040295,4.280849574993681
jpeg_compression,3,detector+cue:contrast_luminance,perturbed,0.1,500,0.806,0.312,0.33,1.8000000000000016,0.036437246963562785,13,4,9,0.0377906976744186,0.02564102564102564,0.344,0.356,13,2,7,0.18,0.005894600357193667,0.821178205733395,23.065649993021257,0.6730108880996704,137.12451280051027,4.280849574993681
jpeg_compression,3,detector+cue:thermal_injection,perturbed,0.1,500,0.806,0.312,0.318,0.6000000000000005,0.01214574898785426,27,24,3,0.07848837209302326,0.15384615384615385,0.344,0.354,31,5,26,0.36,0.005557994311197944,0.821178205733395,21.611516028477418,0.6653517274856567,136.04324239993002,4.280849574993681
boundary_blur,1,none,unused,,500,0.806,0.68,0.68,0.0,0.0,0,0,0,0.0,0.0,0.778,0.778,0,0,0,0.0,0.0,0.9264274702474615,25.840740635246256,0.8877642163038254,0.0,4.280849574993681
boundary_blur,1,oracle_classical,unused,,500,0.806,0.68,0.676,-0.40000000000000036,-0.03174603174603177,15,17,-2,0.09375,0.05,0.778,0.762,19,7,27,0.162,-0.013816882777295631,0.9264274702474615,23.410943007439013,0.8255721002817153,0.519703399942955,4.280849574993681
boundary_blur,1,detector_classical,unused,,500,0.806,0.68,0.68,0.0,0.0,0,0,0,0.0,0.0,0.778,0.778,0,0,0,0.0,-0.000120782021433115,0.9264274702474615,25.82769547865571,0.8874030706882476,108.89496879951912,4.280849574993681
boundary_blur,1,baseline:unsharp,unused,0.1,500,0.806,0.68,0.688,0.7999999999999896,0.06349206349206267,7,3,4,0.04375,0.008823529411764706,0.778,0.788,9,4,4,0.056,0.002196846116310553,0.9264274702474615,25.70482891923215,0.8858835711479187,0.5569969996868167,4.280849574993681
boundary_blur,1,baseline:autocontrast,unused,0.3,500,0.806,0.68,0.686,0.6000000000000005,0.04761904761904766,5,2,3,0.03125,0.0058823529411764705,0.778,0.778,4,0,4,0.028,0.0005109609309492953,0.9264274702474615,25.292198823313225,0.8873187782764435,1.4817420004110318,4.280849574993681
boundary_blur,1,baseline:clahe,unused,0.1,500,0.806,0.68,0.686,0.6000000000000005,0.04761904761904766,4,1,3,0.025,0.0029411764705882353,0.778,0.778,4,1,4,0.034,0.0014707489690645162,0.9264274702474615,25.718058115716776,0.8862363114356995,1.423544599849265,4.280849574993681
boundary_blur,1,cue:border_strengthening,perturbed,0.1,500,0.806,0.68,0.676,-0.40000000000000036,-0.03174603174603177,3,5,-2,0.01875,0.014705882352941176,0.778,0.77,4,2,8,0.042,-0.00189393515473148,0.9264274702474615,25.830232916127294,0.8875798822641373,29.021571601188043,4.280849574993681
boundary_blur,1,cue:depth_boundary_emphasis,perturbed,0.1,500,0.806,0.68,0.684,0.40000000000000036,0.03174603174603177,8,6,2,0.05,0.01764705882352941,0.778,0.78,9,3,8,0.062,-0.003172970267719393,0.9264274702474615,25.570216585204697,0.8838189799785614,29.597627800772898,4.280849574993681
boundary_blur,1,cue:entity_background_separation,perturbed,0.1,500,0.806,0.68,0.678,-0.20000000000000018,-0.015873015873015886,5,6,-1,0.03125,0.01764705882352941,0.778,0.768,5,0,10,0.044,-0.0035769280459353467,0.9264274702474615,23.620732423553683,0.8818660234212875,29.47934220073512,4.280849574993681
boundary_blur,1,cue:shadow_reinforcement,perturbed,0.2,500,0.806,0.68,0.666,-1.4000000000000012,-0.1111111111111112,7,14,-7,0.04375,0.041176470588235294,0.778,0.752,7,2,20,0.084,-0.005966528066370301,0.9264274702474615,21.110304301290874,0.8688023754358292,28.766180200211238,4.280849574993681
boundary_blur,1,cue:contrast_luminance,perturbed,0.1,500,0.806,0.68,0.688,0.7999999999999896,0.06349206349206267,5,1,4,0.03125,0.0029411764705882353,0.778,0.782,6,1,4,0.032,0.0006350603377850348,0.9264274702474615,25.793168363746233,0.8873382574319839,30.40372240054421,4.280849574993681
boundary_blur,1,cue:thermal_injection,perturbed,0.1,500,0.806,0.68,0.658,-2.200000000000002,-0.17460317460317476,7,18,-11,0.04375,0.052941176470588235,0.778,0.754,11,6,23,0.126,-0.02352216571291683,0.9264274702474615,22.97831867176792,0.8601927026510239,29.29316900111735,4.280849574993681
boundary_blur,1,cue:border_strengthening,clean,0.1,500,0.806,0.68,0.686,0.6000000000000005,0.04761904761904766,11,8,3,0.06875,0.023529411764705882,0.778,0.776,12,3,13,0.08,0.00133754746948307,0.9264274702474615,25.85228762831918,0.8877011773586273,0.6333424001641106,4.280849574993681
boundary_blur,1,cue:depth_boundary_emphasis,clean,0.1,500,0.806,0.68,0.694,1.3999999999999901,0.11111111111111033,12,5,7,0.075,0.014705882352941176,0.778,0.788,12,2,7,0.066,0.004204506768538522,0.9264274702474615,25.598987025910525,0.8848080971240997,1.207111999829067,4.280849574993681
boundary_blur,1,cue:entity_background_separation,clean,0.1,500,0.806,0.68,0.686,0.6000000000000005,0.04761904761904766,12,9,3,0.075,0.026470588235294117,0.778,0.77,11,1,15,0.078,0.0004925709711133095,0.9264274702474615,23.5106075761042,0.8799771145582199,1.0865513996977825,4.280849574993681
boundary_blur,1,cue:shadow_reinforcement,clean,0.2,500,0.806,0.68,0.69,0.9999999999999898,0.07936507936507856,15,10,5,0.09375,0.029411764705882353,0.778,0.784,18,5,15,0.104,0.006132676774430365,0.9264274702474615,21.008216895591865,0.8636852167844772,0.4145132001140155,4.280849574993681
boundary_blur,1,cue:contrast_luminance,clean,0.1,500,0.806,0.68,0.686,0.6000000000000005,0.04761904761904766,4,1,3,0.025,0.0029411764705882353,0.778,0.78,5,1,4,0.034,0.0008930424742602554,0.9264274702474615,25.79877503391156,0.8874389315843583,2.028196400118759,4.280849574993681
boundary_blur,1,cue:thermal_injection,clean,0.1,500,0.806,0.68,0.664,-1.6000000000000014,-0.1269841269841271,12,20,-8,0.075,0.058823529411764705,0.778,0.754,16,5,28,0.15,-0.0166002957164219,0.9264274702474615,22.91764066878261,0.857398212313652,0.8989011999219656,4.280849574993681
boundary_blur,1,cue:border_strengthening,mismatched,0.1,500,0.806,0.68,0.684,0.40000000000000036,0.03174603174603177,6,4,2,0.0375,0.011764705882352941,0.778,0.768,4,0,9,0.054,-0.005355695592628763,0.9264274702474615,25.798391887766055,0.8842883003950119,0.6027759998396505,4.280849574993681
boundary_blur,1,cue:depth_boundary_emphasis,mismatched,0.1,500,0.806,0.68,0.68,0.0,0.0,6,6,0,0.0375,0.01764705882352941,0.778,0.756,4,2,15,0.074,-0.009184502215957764,0.9264274702474615,25.632659543012064,0.8779598973989486,1.1161247997661121,4.280849574993681
boundary_blur,1,cue:entity_background_separation,mismatched,0.1,500,0.806,0.68,0.678,-0.20000000000000018,-0.015873015873015886,7,8,-1,0.04375,0.023529411764705882,0.778,0.758,5,1,15,0.06,-0.008137304624266107,0.9264274702474615,23.589204460291555,0.8775854033231735,1.0175146000401583,4.280849574993681
boundary_blur,1,cue:shadow_reinforcement,mismatched,0.2,500,0.806,0.68,0.656,-2.400000000000002,-0.19047619047619063,7,19,-12,0.04375,0.05588235294117647,0.778,0.754,10,5,22,0.102,-0.01983417899473352,0.9264274702474615,21.042727096722444,0.8568621538877487,0.3830044000351336,4.280849574993681
boundary_blur,1,cue:contrast_luminance,mismatched,0.1,500,0.806,0.68,0.678,-0.20000000000000018,-0.015873015873015886,2,3,-1,0.0125,0.008823529411764706,0.778,0.77,2,0,6,0.03,0.0005764110737700321,0.9264274702474615,25.79409308042928,0.8871916891336441,1.9471516000921838,4.280849574993681
boundary_blur,1,cue:thermal_injection,mismatched,0.1,500,0.806,0.68,0.656,-2.400000000000002,-0.19047619047619063,15,27,-12,0.09375,0.07941176470588235,0.778,0.736,14,5,35,0.156,-0.03437072133570473,0.9264274702474615,23.00994276443337,0.8512837883234025,0.8807190000952687,4.280849574993681
boundary_blur,1,detector+cue:border_strengthening,perturbed,0.1,500,0.806,0.68,0.676,-0.40000000000000036,-0.03174603174603177,3,5,-2,0.01875,0.014705882352941176,0.778,0.77,4,2,8,0.042,-0.002218010783734826,0.9264274702474615,25.81730718694145,0.8872191661596298,137.79256800017902,4.280849574993681
boundary_blur,1,detector+cue:depth_boundary_emphasis,perturbed,0.1,500,0.806,0.68,0.684,0.40000000000000036,0.03174603174603177,8,6,2,0.05,0.01764705882352941,0.778,0.78,9,3,8,0.06,-0.0032694692991290138,0.9264274702474615,25.557308064033148,0.8834603716135025,138.5524234000768,4.258982321871372
boundary_blur,1,detector+cue:entity_background_separation,perturbed,0.1,500,0.806,0.68,0.678,-0.20000000000000018,-0.015873015873015886,5,6,-1,0.03125,0.01764705882352941,0.778,0.768,5,0,10,0.044,-0.003855958814136102,0.9264274702474615,23.61357173199957,0.88156325507164,138.20876080036396,4.258982321871372
boundary_blur,1,detector+cue:shadow_reinforcement,perturbed,0.2,500,0.806,0.68,0.666,-1.4000000000000012,-0.1111111111111112,7,14,-7,0.04375,0.041176470588235294,0.778,0.752,7,2,20,0.086,-0.006140467808518224,0.9264274702474615,21.106468992420513,0.8685499615669251,137.58658500036108,4.258982321871372
boundary_blur,1,detector+cue:contrast_luminance,perturbed,0.1,500,0.806,0.68,0.688,0.7999999999999896,0.06349206349206267,5,1,4,0.03125,0.0029411764705882353,0.778,0.782,6,1,4,0.034,0.00043466621119841873,0.9264274702474615,25.779320835487493,0.8869517315626144,139.1620986002381,4.258982321871372
boundary_blur,1,detector+cue:thermal_injection,perturbed,0.1,500,0.806,0.68,0.658,-2.200000000000002,-0.17460317460317476,7,18,-11,0.04375,0.052941176470588235,0.778,0.754,11,6,23,0.128,-0.023859297137723844,0.9264274702474615,22.97281124593042,0.8599271178245544,138.0778946003993,4.258982321871372
boundary_blur,2,none,unused,,500,0.806,0.596,0.596,0.0,0.0,0,0,0,0.0,0.0,0.682,0.682,0,0,0,0.0,0.0,0.9007651660341015,24.621060933529563,0.8314445397853851,0.0,4.258982321871372
boundary_blur,2,oracle_classical,unused,,500,0.806,0.596,0.588,-0.8000000000000007,-0.03809523809523811,17,21,-4,0.08415841584158416,0.07046979865771812,0.682,0.654,18,5,32,0.21,-0.0244652412017258,0.9007651660341015,23.16272458511708,0.7887623615264893,0.49630139986402355,4.258982321871372
boundary_blur,2,detector_classical,unused,,500,0.806,0.596,0.592,-0.40000000000000036,-0.019047619047619056,0,2,-2,0.0,0.006711409395973154,0.682,0.678,0,0,2,0.004,-0.0022766299274517223,0.9007651660341015,24.608163235768878,0.8310067912340164,107.26177499981713,4.258982321871372
boundary_blur,2,baseline:unsharp,unused,0.1,500,0.806,0.596,0.6,0.40000000000000036,0.019047619047619056,7,5,2,0.034653465346534656,0.016778523489932886,0.682,0.684,8,2,7,0.062,0.00032185037693125193,0.9007651660341015,24.584995177293678,0.8319155983924865,0.5614995999785606,4.258982321871372
boundary_blur,2,baseline:autocontrast,unused,0.3,500,0.806,0.596,0.6,0.40000000000000036,0.019047619047619056,3,1,2,0.01485148514851485,0.003355704697986577,0.682,0.686,4,1,2,0.028,-0.00019236778470803982,0.9007651660341015,24.16851433642779,0.8317010045051575,1.4584652002959047,4.258982321871372
boundary_blur,2,baseline:clahe,unused,0.1,500,0.806,0.596,0.594,-0.20000000000000018,-0.009523809523809528,1,2,-1,0.0049504950495049506,0.006711409395973154,0.682,0.678,1,0,3,0.034,0.00030867163494986016,0.9007651660341015,24.569184212018474,0.8313184121847152,1.408489599765744,4.258982321871372
boundary_blur,2,cue:border_strengthening,perturbed,0.1,500,0.806,0.596,0.584,-1.200000000000001,-0.057142857142857176,3,9,-6,0.01485148514851485,0.030201342281879196,0.682,0.668,4,1,11,0.05,-0.003167242478866683,0.9007651660341015,24.622277327071053,0.8314623806476593,29.066297400102485,4.258982321871372
boundary_blur,2,cue:depth_boundary_emphasis,perturbed,0.1,500,0.806,0.596,0.596,0.0,0.0,5,5,0,0.024752475247524754,0.016778523489932886,0.682,0.682,6,1,6,0.064,-0.0004507019542543276,0.9007651660341015,24.39247302285733,0.8271836603879928,29.6459655999206,4.258982321871372
boundary_blur,2,cue:entity_background_separation,perturbed,0.1,500,0.806,0.596,0.59,-0.6000000000000005,-0.028571428571428588,2,5,-3,0.009900990099009901,0.016778523489932886,0.682,0.674,3,1,7,0.052,-0.0025866417947545415,0.9007651660341015,22.789277444482913,0.8251284900903701,29.519369200221263,4.258982321871372
boundary_blur,2,cue:shadow_reinforcement,perturbed,0.2,500,0.806,0.596,0.594,-0.20000000000000018,-0.009523809523809528,7,8,-1,0.034653465346534656,0.026845637583892617,0.682,0.678,8,2,10,0.08,-0.005036841391334747,0.9007651660341015,20.5778280215579,0.812517550945282,28.81493520026561,4.258982321871372
boundary_blur,2,cue:contrast_luminance,perturbed,0.1,500,0.806,0.596,0.594,-0.20000000000000018,-0.009523809523809528,1,2,-1,0.0049504950495049506,0.006711409395973154,0.682,0.682,1,0,1,0.028,0.0009784459451402654,0.9007651660341015,24.616520817295807,0.83204729783535,30.480522200348787,4.258982321871372
boundary_blur,2,cue:thermal_injection,perturbed,0.1,500,0.806,0.596,0.57,-2.6000000000000023,-0.12380952380952387,6,19,-13,0.0297029702970297,0.06375838926174497,0.682,0.658,7,2,19,0.152,-0.02725067723684424,0.9007651660341015,22.24201318652797,0.8034795325994492,29.34399979992304,4.258982321871372
boundary_blur,2,cue:border_strengthening,clean,0.1,500,0.806,0.596,0.596,0.0,0.0,9,9,0,0.04455445544554455,0.030201342281879196,0.682,0.68,11,2,12,0.092,0.002729864247907244,0.9007651660341015,24.633662726734016,0.8314545409679412,0.6363861997961067,4.258982321871372
boundary_blur,2,cue:depth_boundary_emphasis,clean,0.1,500,0.806,0.596,0.594,-0.20000000000000018,-0.009523809523809528,8,9,-1,0.039603960396039604,0.030201342281879196,0.682,0.678,8,0,10,0.088,0.004999214865216345,0.9007651660341015,24.43290397852325,0.8283805426359176,1.2123760000395123,4.258982321871372
boundary_blur,2,cue:entity_background_separation,clean,0.1,500,0.806,0.596,0.594,-0.20000000000000018,-0.009523809523809528,6,7,-1,0.0297029702970297,0.02348993288590604,0.682,0.676,6,0,9,0.086,0.002514055686828215,0.9007651660341015,22.666332776572567,0.823033276796341,1.0845797999936622,4.258982321871372
boundary_blur,2,cue:shadow_reinforcement,clean,0.2,500,0.806,0.596,0.596,0.0,0.0,14,14,0,0.06930693069306931,0.04697986577181208,0.682,0.68,15,1,16,0.142,0.0030207326789059154,0.9007651660341015,20.440351861416975,0.8068197741508484,0.41429999985848553,4.258982321871372
boundary_blur,2,cue:contrast_luminance,clean,0.1,500,0.806,0.596,0.596,0.0,0.0,1,1,0,0.0049504950495049506,0.003355704697986577,0.682,0.684,1,0,0,0.028,0.000571484049090941,0.9007651660341015,24.622032371335187,0.8321696608066559,2.0321116000122856,4.258982321871372
boundary_blur,2,cue:thermal_injection,clean,0.1,500,0.806,0.596,0.6,0.40000000000000036,0.019047619047619056,19,17,2,0.09405940594059406,0.05704697986577181,0.682,0.682,24,7,24,0.188,-0.0065592658547138855,0.9007651660341015,22.16507595254256,0.8008816971778869,0.9047991999832448,4.258982321871372
boundary_blur,2,cue:border_strengthening,mismatched,0.1,500,0.806,0.596,0.588,-0.8000000000000007,-0.03809523809523811,6,10,-4,0.0297029702970297,0.03355704697986577,0.682,0.666,4,0,12,0.074,-0.01068213062775976,0.9007651660341015,24.592332154653995,0.8280876113176345,0.6041472005890682,4.258982321871372
boundary_blur,2,cue:depth_boundary_emphasis,mismatched,0.1,500,0.806,0.596,0.582,-1.4000000000000012,-0.06666666666666671,6,13,-7,0.0297029702970297,0.0436241610738255,0.682,0.66,4,0,15,0.096,-0.015926272523047375,0.9007651660341015,24.45358111552569,0.8216525338888169,1.1393386002455372,4.258982321871372
boundary_blur,2,cue:entity_background_separation,mismatched,0.1,500,0.806,0.596,0.586,-1.0000000000000009,-0.047619047619047644,5,10,-5,0.024752475247524754,0.03355704697986577,0.682,0.666,3,0,11,0.064,-0.014971634985697164,0.9007651660341015,22.745233692247194,0.8207389136552811,1.0315006000746507,4.258982321871372
boundary_blur,2,cue:shadow_reinforcement,mismatched,0.2,500,0.806,0.596,0.576,-2.0000000000000018,-0.09523809523809529,8,18,-10,0.039603960396039604,0.06040268456375839,0.682,0.652,6,1,21,0.112,-0.02676599600292684,0.9007651660341015,20.49649568591484,0.8003849257230758,0.39793720009038225,4.258982321871372
boundary_blur,2,cue:contrast_luminance,mismatched,0.1,500,0.806,0.596,0.604,0.8000000000000007,0.03809523809523811,4,0,4,0.019801980198019802,0.0,0.682,0.69,4,0,0,0.03,0.00027071026766498107,0.9007651660341015,24.615498534928513,0.8318681980371475,1.9572461997158825,4.258982321871372
boundary_blur,2,cue:thermal_injection,mismatched,0.1,500,0.806,0.596,0.544,-5.199999999999994,-0.2476190476190472,7,33,-26,0.034653465346534656,0.11073825503355705,0.682,0.606,5,2,43,0.19,-0.04671573361465744,0.9007651660341015,22.254396515434667,0.7947988128066062,0.8852379999298137,4.258982321871372
boundary_blur,2,detector+cue:border_strengthening,perturbed,0.1,500,0.806,0.596,0.58,-1.6000000000000014,-0.07619047619047623,3,11,-8,0.01485148514851485,0.03691275167785235,0.682,0.664,4,1,13,0.054,-0.005256646461577475,0.9007651660341015,24.60922909566295,0.8310213520526886,136.2156007999438,4.258982321871372
boundary_blur,2,detector+cue:depth_boundary_emphasis,perturbed,0.1,500,0.806,0.596,0.592,-0.40000000000000036,-0.019047619047619056,5,7,-2,0.024752475247524754,0.02348993288590604,0.682,0.678,6,1,8,0.068,-0.0025180037616555637,0.9007651660341015,24.380235891475923,0.8267642849683762,136.7355390000448,4.258982321871372
boundary_blur,2,detector+cue:entity_background_separation,perturbed,0.1,500,0.806,0.596,0.586,-1.0000000000000009,-0.047619047619047644,2,7,-5,0.009900990099009901,0.02348993288590604,0.682,0.67,3,1,9,0.056,-0.004697774502543325,0.9007651660341015,22.78358734789291,0.8248457217216492,136.6313031996251,4.258982321871372
boundary_blur,2,detector+cue:shadow_reinforcement,perturbed,0.2,500,0.806,0.596,0.59,-0.6000000000000005,-0.028571428571428588,7,10,-3,0.034653465346534656,0.03355704697986577,0.682,0.674,8,2,12,0.084,-0.006852313435872929,0.9007651660341015,20.576082875570865,0.8123687860965729,136.04496780008776,4.247362615623842
boundary_blur,2,detector+cue:contrast_luminance,perturbed,0.1,500,0.806,0.596,0.59,-0.6000000000000005,-0.028571428571428588,1,4,-3,0.0049504950495049506,0.013422818791946308,0.682,0.678,1,0,3,0.032,-0.0010769008572024178,0.9007651660341015,24.601632733629565,0.8315287029743195,137.6014821998251,4.247362615623842
boundary_blur,2,detector+cue:thermal_injection,perturbed,0.1,500,0.806,0.596,0.566,-3.0000000000000027,-0.14285714285714293,6,21,-15,0.0297029702970297,0.07046979865771812,0.682,0.654,7,2,21,0.156,-0.029125674683827128,0.9007651660341015,22.23802174369951,0.8032755883932113,136.47737799980678,4.247362615623842
boundary_blur,3,none,unused,,500,0.806,0.496,0.496,0.0,0.0,0,0,0,0.0,0.0,0.55,0.55,0,0,0,0.0,0.0,0.8623617033655115,23.655108445936065,0.7670889706015587,0.0,4.247362615623842
boundary_blur,3,oracle_classical,unused,,500,0.806,0.496,0.476,-2.0000000000000018,-0.0645161290322581,18,28,-10,0.07142857142857142,0.11290322580645161,0.55,0.514,20,4,38,0.324,-0.020597007793854344,0.8623617033655115,22.95565172366833,0.7460170849561691,0.5008171994413715,4.247362615623842
boundary_blur,3,detector_classical,unused,,500,0.806,0.496,0.498,0.20000000000000018,0.006451612903225811,1,0,1,0.003968253968253968,0.0,0.55,0.55,1,0,1,0.014,-4.2034394107759e-05,0.8623617033655115,23.6529734006216,0.7667675893902779,106.96076840005117,4.247362615623842
boundary_blur,3,baseline:unsharp,unused,0.1,500,0.806,0.496,0.5,0.40000000000000036,0.012903225806451622,8,6,2,0.031746031746031744,0.024193548387096774,0.55,0.548,9,1,10,0.122,-0.0009528202367364429,0.8623617033655115,23.68624714329051,0.7698045342564582,0.549001000559656,4.247362615623842
boundary_blur,3,baseline:autocontrast,unused,0.3,500,0.806,0.496,0.502,0.6000000000000005,0.019354838709677434,5,2,3,0.01984126984126984,0.008064516129032258,0.55,0.55,4,0,4,0.046,0.0006019573917841398,0.8623617033655115,23.265950750982018,0.7682691864371299,1.4091021993372124,4.247362615623842
boundary_blur,3,baseline:clahe,unused,0.1,500,0.806,0.496,0.5,0.40000000000000036,0.012903225806451622,5,3,2,0.01984126984126984,0.012096774193548387,0.55,0.548,5,1,6,0.062,-0.00048132628091195783,0.8623617033655115,23.651000517516806,0.7683848155736923,1.4128302004246507,4.247362615623842
boundary_blur,3,cue:border_strengthening,perturbed,0.1,500,0.806,0.496,0.48,-1.6000000000000014,-0.051612903225806486,6,14,-8,0.023809523809523808,0.056451612903225805,0.55,0.538,8,2,14,0.112,0.0013950776962093415,0.8623617033655115,23.664509790897828,0.7673364689350128,29.302992799814092,4.247362615623842
boundary_blur,3,cue:depth_boundary_emphasis,perturbed,0.1,500,0.806,0.496,0.488,-0.8000000000000007,-0.025806451612903243,7,11,-4,0.027777777777777776,0.04435483870967742,0.55,0.546,9,3,11,0.106,-0.0030809774276171994,0.8623617033655115,23.445764676853496,0.7626157007813453,29.857870799838565,4.247362615623842
boundary_blur,3,cue:entity_background_separation,perturbed,0.1,500,0.806,0.496,0.496,0.0,0.0,10,10,0,0.03968253968253968,0.04032258064516129,0.55,0.546,10,1,12,0.114,0.0010612510550929528,0.8623617033655115,22.09787140027328,0.7604875688552857,29.74855359987123,4.247362615623842
boundary_blur,3,cue:shadow_reinforcement,perturbed,0.2,500,0.806,0.496,0.49,-0.6000000000000005,-0.019354838709677434,9,12,-3,0.03571428571428571,0.04838709677419355,0.55,0.53,7,1,17,0.154,-0.0028184127105176345,0.8623617033655115,20.1219498016908,0.7484822284579277,29.045805399422534,4.247362615623842
boundary_blur,3,cue:contrast_luminance,perturbed,0.1,500,0.806,0.496,0.496,0.0,0.0,3,3,0,0.011904761904761904,0.012096774193548387,0.55,0.542,2,0,6,0.052,-9.383068570798515e-05,0.8623617033655115,23.6788011998894,0.7687031847834587,30.6851325998432,4.247362615623842
boundary_blur,3,cue:thermal_injection,perturbed,0.1,500,0.806,0.496,0.474,-2.200000000000002,-0.07096774193548393,15,26,-11,0.05952380952380952,0.10483870967741936,0.55,0.528,18,4,29,0.28,-0.018786453209130437,0.8623617033655115,21.59685359773548,0.7386858010292053,29.581546399538638,4.247362615623842
boundary_blur,3,cue:border_strengthening,clean,0.1,500,0.806,0.496,0.5,0.40000000000000036,0.012903225806451622,16,14,2,0.06349206349206349,0.056451612903225805,0.55,0.552,18,2,17,0.156,0.009033847640026465,0.8623617033655115,23.667123687157858,0.7671398749947548,0.6250998002069537,4.247362615623842
boundary_blur,3,cue:depth_boundary_emphasis,clean,0.1,500,0.806,0.496,0.506,1.0000000000000009,0.03225806451612905,19,14,5,0.07539682539682539,0.056451612903225805,0.55,0.562,20,1,14,0.164,0.010564378100560703,0.8623617033655115,23.50060650497806,0.7639495673179626,1.176792800106341,4.247362615623842
boundary_blur,3,cue:entity_background_separation,clean,0.1,500,0.806,0.496,0.498,0.20000000000000018,0.006451612903225811,13,12,1,0.051587301587301584,0.04838709677419355,0.55,0.546,13,1,15,0.128,0.005193285813421767,0.8623617033655115,21.955412975316104,0.7581777628660202,1.0789708000665996,4.247362615623842
boundary_blur,3,cue:shadow_reinforcement,clean,0.2,500,0.806,0.496,0.506,1.0000000000000009,0.03225806451612905,23,18,5,0.09126984126984126,0.07258064516129033,0.55,0.558,24,3,20,0.234,0.011732671394889508,0.8623617033655115,19.94598012813307,0.742218097627163,0.4032106003141962,4.247362615623842
boundary_blur,3,cue:contrast_luminance,clean,0.1,500,0.806,0.496,0.494,-0.20000000000000018,-0.006451612903225811,4,5,-1,0.015873015873015872,0.020161290322580645,0.55,0.54,3,0,8,0.048,-0.0006883394775142051,0.8623617033655115,23.68450932860771,0.7688304712176323,1.9996015999349765,4.247362615623842
boundary_blur,3,cue:thermal_injection,clean,0.1,500,0.806,0.496,0.494,-0.20000000000000018,-0.006451612903225811,24,25,-1,0.09523809523809523,0.10080645161290322,0.55,0.542,26,2,30,0.296,0.002161865236286644,0.8623617033655115,21.516481788329994,0.7365401068925858,0.9054674002400134,4.247362615623842
boundary_blur,3,cue:border_strengthening,mismatched,0.1,500,0.806,0.496,0.474,-2.200000000000002,-0.07096774193548393,6,17,-11,0.023809523809523808,0.06854838709677419,0.55,0.524,7,1,20,0.13,-0.009234482071089019,0.8623617033655115,23.634657450827202,0.7638430612683296,0.5932871992408764,4.247362615623842
boundary_blur,3,cue:depth_boundary_emphasis,mismatched,0.1,500,0.806,0.496,0.478,-1.8000000000000016,-0.0580645161290323,9,18,-9,0.03571428571428571,0.07258064516129033,0.55,0.532,13,4,22,0.174,-0.011617674563034598,0.8623617033655115,23.51428330350451,0.7573599757552147,1.122822199948132,4.247362615623842
boundary_blur,3,cue:entity_background_separation,mismatched,0.1,500,0.806,0.496,0.466,-2.9999999999999973,-0.09677419354838698,5,20,-15,0.01984126984126984,0.08064516129032258,0.55,0.522,8,3,22,0.122,-0.013697171141337436,0.8623617033655115,22.033774076472486,0.7559578382372856,1.0179217999102548,4.247362615623842
boundary_blur,3,cue:shadow_reinforcement,mismatched,0.2,500,0.806,0.496,0.462,-3.3999999999999977,-0.10967741935483862,9,26,-17,0.03571428571428571,0.10483870967741936,0.55,0.51,13,4,33,0.194,-0.027123088714001483,0.8623617033655115,20.01499144191711,0.7361627116799354,0.391011400410207,4.247362615623842
boundary_blur,3,cue:contrast_luminance,mismatched,0.1,500,0.806,0.496,0.5,0.40000000000000036,0.012903225806451622,4,2,2,0.015873015873015872,0.008064516129032258,0.55,0.544,3,0,6,0.05,-0.001140704856657976,0.8623617033655115,23.67736482112692,0.7684821038842201,1.958374800015008,4.247362615623842
boundary_blur,3,cue:thermal_injection,mismatched,0.1,500,0.806,0.496,0.442,-5.3999999999999995,-0.17419354838709672,11,38,-27,0.04365079365079365,0.1532258064516129,0.55,0.488,13,4,44,0.296,-0.04455201116636681,0.8623617033655115,21.602630153884096,0.7305885163545609,0.8875168004014995,4.247362615623842
boundary_blur,3,detector+cue:border_strengthening,perturbed,0.1,500,0.806,0.496,0.48,-1.6000000000000014,-0.051612903225806486,6,14,-8,0.023809523809523808,0.056451612903225805,0.55,0.538,8,2,14,0.12,0.001465173214347601,0.8623617033655115,23.661905534004664,0.7670059096813202,136.15290939965053,4.247362615623842
boundary_blur,3,detector+cue:depth_boundary_emphasis,perturbed,0.1,500,0.806,0.496,0.488,-0.8000000000000007,-0.025806451612903243,7,11,-4,0.027777777777777776,0.04435483870967742,0.55,0.546,9,3,11,0.112,-0.003383498562751356,0.8623617033655115,23.44421311100066,0.7623554515242577,136.65557199972682,4.247362615623842
boundary_blur,3,detector+cue:entity_background_separation,perturbed,0.1,500,0.806,0.496,0.496,0.0,0.0,10,10,0,0.03968253968253968,0.04032258064516129,0.55,0.546,10,1,12,0.122,0.0009521299083137364,0.8623617033655115,22.098626141081652,0.7604570397138596,136.5620587998419,4.247362615623842
boundary_blur,3,detector+cue:shadow_reinforcement,perturbed,0.2,500,0.806,0.496,0.49,-0.6000000000000005,-0.019354838709677434,9,12,-3,0.03571428571428571,0.04838709677419355,0.55,0.532,7,1,16,0.16,-0.0028343438017525953,0.8623617033655115,20.123711214562064,0.7486846688389778,135.95623399977922,4.247362615623842
boundary_blur,3,detector+cue:contrast_luminance,perturbed,0.1,500,0.806,0.496,0.498,0.20000000000000018,0.006451612903225811,4,3,1,0.015873015873015872,0.012096774193548387,0.55,0.542,3,0,7,0.066,-0.00041382153680945066,0.8623617033655115,23.67266815399803,0.7681976220011711,137.5159547997464,4.247362615623842
boundary_blur,3,detector+cue:thermal_injection,perturbed,0.1,500,0.806,0.496,0.47,-2.6000000000000023,-0.08387096774193555,15,28,-13,0.05952380952380952,0.11290322580645161,0.55,0.524,18,4,31,0.284,-0.019163523738953393,0.8623617033655115,21.60125441037062,0.7388549438714981,136.43425440066494,4.294432846877498
boundary_erase,1,none,unused,,500,0.806,0.766,0.766,0.0,0.0,0,0,0,0.0,0.0,0.894,0.894,0,0,0,0.0,0.0,0.960815296950015,24.84193417268822,0.9189173926115036,0.0,4.294432846877498
boundary_erase,1,oracle_classical,unused,,500,0.806,0.766,0.766,0.0,0.0,0,0,0,0.0,0.0,0.894,0.894,0,0,0,0.0,0.0,0.960815296950015,24.84193417268822,0.9189173926115036,0.07526120007969439,4.294432846877498
boundary_erase,1,detector_classical,unused,,500,0.806,0.766,0.766,0.0,0.0,0,0,0,0.0,0.0,0.894,0.894,0,0,0,0.0,0.0,0.960815296950015,24.84193417268822,0.9189173926115036,97.84105159991304,4.294432846877498
boundary_erase,1,baseline:unsharp,unused,0.1,500,0.806,0.766,0.764,-0.20000000000000018,-0.05,6,7,-1,0.05128205128205128,0.018276762402088774,0.894,0.906,13,8,7,0.05,-0.0015219135589286453,0.960815296950015,23.956660508338093,0.9085769157409668,0.48850459995446727,4.294432846877498
boundary_erase,1,baseline:autocontrast,unused,0.3,500,0.806,0.766,0.762,-0.40000000000000036,-0.1,1,3,-2,0.008547008547008548,0.007832898172323759,0.894,0.9,4,3,1,0.012,0.00022930969462504436,0.960815296950015,24.378644485588143,0.9170713089704513,1.2935328000457957,4.294432846877498
boundary_erase,1,baseline:clahe,unused,0.1,500,0.806,0.766,0.762,-0.40000000000000036,-0.1,1,3,-2,0.008547008547008548,0.007832898172323759,0.894,0.898,5,4,3,0.016,-0.0005993709748754554,0.960815296950015,24.486047343753643,0.9148553409576416,1.3739590002805926,4.294432846877498
boundary_erase,1,cue:border_strengthening,perturbed,0.1,500,0.806,0.766,0.768,0.20000000000000018,0.05,2,1,1,0.017094017094017096,0.0026109660574412533,0.894,0.894,3,2,3,0.016,0.0007181562729983853,0.960815296950015,24.78141217013537,0.9180764445066452,27.57048999919789,4.294432846877498
boundary_erase,1,cue:depth_boundary_emphasis,perturbed,0.1,500,0.806,0.766,0.768,0.20000000000000018,0.05,6,5,1,0.05128205128205128,0.013054830287206266,0.894,0.902,9,3,5,0.038,-0.004077477418932176,0.960815296950015,24.823128389752732,0.9178849420547486,28.06705239965231,4.294432846877498
boundary_erase,1,cue:entity_background_separation,perturbed,0.1,500,0.806,0.766,0.766,0.0,0.0,2,2,0,0.017094017094017096,0.005221932114882507,0.894,0.898,5,4,3,0.02,0.0007117506801187119,0.960815296950015,23.164359511004587,0.9152290235757827,27.956992799969157,4.294432846877498
boundary_erase,1,cue:shadow_reinforcement,perturbed,0.2,500,0.806,0.766,0.766,0.0,0.0,4,4,0,0.03418803418803419,0.010443864229765013,0.894,0.9,7,3,4,0.026,0.0018616068461542454,0.960815296950015,20.85737208395531,0.9038301417827607,27.35144279981614,4.294432846877498
boundary_erase,1,cue:contrast_luminance,perturbed,0.1,500,0.806,0.766,0.758,-0.8000000000000007,-0.2,1,5,-4,0.008547008547008548,0.013054830287206266,0.894,0.892,4,3,5,0.018,0.00015970083521460766,0.960815296950015,24.588343124001277,0.9164661557674408,28.905118200054858,4.294432846877498
boundary_erase,1,cue:thermal_injection,perturbed,0.1,500,0.806,0.766,0.754,-1.200000000000001,-0.3,10,16,-6,0.08547008547008547,0.04177545691906005,0.894,0.89,15,8,17,0.08,-0.015770984627062716,0.960815296950015,22.652112768310253,0.8969596673250199,27.852324999694247,4.294432846877498
boundary_erase,1,cue:border_strengthening,clean,0.1,500,0.806,0.766,0.758,-0.8000000000000007,-0.2,0,4,-4,0.0,0.010443864229765013,0.894,0.892,3,3,4,0.022,-0.0029142185601140225,0.960815296950015,24.759290306043194,0.9181006572246552,0.5741353997436818,4.294432846877498
boundary_erase,1,cue:depth_boundary_emphasis,clean,0.1,500,0.806,0.766,0.768,0.20000000000000018,0.05,5,4,1,0.042735042735042736,0.010443864229765013,0.894,0.9,7,2,4,0.03,0.0017261586821205128,0.960815296950015,24.883810384257973,0.9192941997051239,1.092564599995967,4.294432846877498
boundary_erase,1,cue:entity_background_separation,clean,0.1,500,0.806,0.766,0.764,-0.20000000000000018,-0.05,2,3,-1,0.017094017094017096,0.007832898172323759,0.894,0.9,6,4,3,0.026,-0.0014453558503355452,0.960815296950015,23.145753049334882,0.9148703231811524,0.9860793999105226,4.294432846877498
boundary_erase,1,cue:shadow_reinforcement,clean,0.2,500,0.806,0.766,0.772,0.6000000000000005,0.15,7,4,3,0.05982905982905983,0.010443864229765013,0.894,0.902,9,3,5,0.034,0.002753317494501971,0.960815296950015,20.888226744666884,0.9029165176153183,0.3840459999628365,4.294432846877498
boundary_erase,1,cue:contrast_luminance,clean,0.1,500,0.806,0.766,0.76,-0.6000000000000005,-0.15,1,4,-3,0.008547008547008548,0.010443864229765013,0.894,0.89,3,2,5,0.016,4.7549252602038904e-05,0.960815296950015,24.603932414862932,0.916581848859787,1.9734557997435331,4.294432846877498
boundary_erase,1,cue:thermal_injection,clean,0.1,500,0.806,0.766,0.746,-2.0000000000000018,-0.5,12,22,-10,0.10256410256410256,0.057441253263707574,0.894,0.88,17,7,24,0.1,-0.018572766932651575,0.960815296950015,22.648624210808944,0.8962195907831192,0.8825424003589433,4.294432846877498
boundary_erase,1,cue:border_strengthening,mismatched,0.1,500,0.806,0.766,0.768,0.20000000000000018,0.05,6,5,1,0.05128205128205128,0.013054830287206266,0.894,0.906,10,4,4,0.034,-0.0020879136134371945,0.960815296950015,24.801445881985078,0.9152865581512452,0.5835413997992873,4.294432846877498
boundary_erase,1,cue:depth_boundary_emphasis,mismatched,0.1,500,0.806,0.766,0.764,-0.20000000000000018,-0.05,6,7,-1,0.05128205128205128,0.018276762402088774,0.894,0.89,7,1,9,0.042,-0.0052378522349736155,0.960815296950015,24.736708688347072,0.9095430935621261,1.1094012002868112,4.294432846877498
boundary_erase,1,cue:entity_background_separation,mismatched,0.1,500,0.806,0.766,0.762,-0.40000000000000036,-0.1,4,6,-2,0.03418803418803419,0.015665796344647518,0.894,0.902,9,5,5,0.038,-0.0036724506050140916,0.960815296950015,23.275079252250194,0.9119824706315994,0.9934583999274764,4.294432846877498
boundary_erase,1,cue:shadow_reinforcement,mismatched,0.2,500,0.806,0.766,0.766,0.0,0.0,7,7,0,0.05982905982905983,0.018276762402088774,0.894,0.894,11,5,11,0.056,-0.006059365636510847,0.960815296950015,20.96121596764538,0.8931528084278106,0.38168839950230904,4.294432846877498
boundary_erase,1,cue:contrast_luminance,mismatched,0.1,500,0.806,0.766,0.756,-1.0000000000000009,-0.25,0,5,-5,0.0,0.013054830287206266,0.894,0.886,2,2,6,0.016,-0.0006601738860736077,0.960815296950015,24.608020422834915,0.9164883687496185,1.9682045999506954,4.294432846877498
boundary_erase,1,cue:thermal_injection,mismatched,0.1,500,0.806,0.766,0.77,0.40000000000000036,0.1,14,12,2,0.11965811965811966,0.031331592689295036,0.894,0.87,11,5,23,0.086,-0.015102178458208073,0.960815296950015,22.74893128693938,0.8877972172498703,0.8757563996769022,4.294432846877498
boundary_erase,1,detector+cue:border_strengthening,perturbed,0.1,500,0.806,0.766,0.768,0.20000000000000018,0.05,2,1,1,0.017094017094017096,0.0026109660574412533,0.894,0.894,3,2,3,0.016,0.0007181562729983853,0.960815296950015,24.78141217013537,0.9180764445066452,125.40110919997096,4.294432846877498
boundary_erase,1,detector+cue:depth_boundary_emphasis,perturbed,0.1,500,0.806,0.766,0.768,0.20000000000000018,0.05,6,5,1,0.05128205128205128,0.013054830287206266,0.894,0.902,9,3,5,0.038,-0.004077477418932176,0.960815296950015,24.823128389752732,0.9178849420547486,125.92287220005528,4.294432846877498
boundary_erase,1,detector+cue:entity_background_separation,perturbed,0.1,500,0.806,0.766,0.766,0.0,0.0,2,2,0,0.017094017094017096,0.005221932114882507,0.894,0.898,5,4,3,0.02,0.0007117506801187119,0.960815296950015,23.164359511004587,0.9152290235757827,125.81800059959642,4.294432846877498
boundary_erase,1,detector+cue:shadow_reinforcement,perturbed,0.2,500,0.806,0.766,0.766,0.0,0.0,4,4,0,0.03418803418803419,0.010443864229765013,0.894,0.9,7,3,4,0.026,0.0018616068461542454,0.960815296950015,20.85737208395531,0.9038301417827607,125.19784519987297,4.294432846877498
boundary_erase,1,detector+cue:contrast_luminance,perturbed,0.1,500,0.806,0.766,0.758,-0.8000000000000007,-0.2,1,5,-4,0.008547008547008548,0.013054830287206266,0.894,0.892,4,3,5,0.018,0.00015970083521460766,0.960815296950015,24.588343124001277,0.9164661557674408,126.78492919940618,4.294432846877498
boundary_erase,1,detector+cue:thermal_injection,perturbed,0.1,500,0.806,0.766,0.754,-1.200000000000001,-0.3,10,16,-6,0.08547008547008547,0.04177545691906005,0.894,0.89,15,8,17,0.08,-0.015770984627062716,0.960815296950015,22.652112768310253,0.8969596673250199,125.68619780012523,4.294432846877498
boundary_erase,2,none,unused,,500,0.806,0.746,0.746,0.0,0.0,0,0,0,0.0,0.0,0.868,0.868,0,0,0,0.0,0.0,0.9413053812932894,21.71623404544925,0.8525025312900543,0.0,4.294432846877498
boundary_erase,2,oracle_classical,unused,,500,0.806,0.746,0.746,0.0,0.0,0,0,0,0.0,0.0,0.868,0.868,0,0,0,0.0,0.0,0.9413053812932894,21.71623404544925,0.8525025312900543,0.1003855999733787,4.394312671875923
boundary_erase,2,detector_classical,unused,,500,0.806,0.746,0.746,0.0,0.0,0,0,0,0.0,0.0,0.868,0.868,0,0,0,0.0,0.0,0.9413053812932894,21.71623404544925,0.8525025312900543,97.96186480022152,4.394312671875923
boundary_erase,2,baseline:unsharp,unused,0.1,500,0.806,0.746,0.73,-1.6000000000000014,-0.26666666666666666,3,11,-8,0.023622047244094488,0.029490616621983913,0.868,0.858,5,3,10,0.046,-0.0032490623074645556,0.9413053812932894,21.054254966786527,0.8411301075220108,0.4877309997100383,4.394312671875923
boundary_erase,2,baseline:autocontrast,unused,0.3,500,0.806,0.746,0.746,0.0,0.0,3,3,0,0.023622047244094488,0.00804289544235925,0.868,0.864,2,0,4,0.014,0.0008411549743977957,0.9413053812932894,21.39051813593622,0.8504499983787537,1.2769818000670057,4.394312671875923
boundary_erase,2,baseline:clahe,unused,0.1,500,0.806,0.746,0.75,0.40000000000000036,0.06666666666666667,2,0,2,0.015748031496062992,0.0,0.868,0.868,2,1,2,0.018,-0.0014183754802361364,0.9413053812932894,21.43086569936643,0.848468503832817,1.380842000071425,4.394312671875923
boundary_erase,2,cue:border_strengthening,perturbed,0.1,500,0.806,0.746,0.746,0.0,0.0,4,4,0,0.031496062992125984,0.010723860589812333,0.868,0.864,3,0,5,0.024,0.00028425681113731116,0.9413053812932894,21.681036441156728,0.8517494240999222,26.491274600150064,4.394312671875923
boundary_erase,2,cue:depth_boundary_emphasis,perturbed,0.1,500,0.806,0.746,0.736,-1.0000000000000009,-0.16666666666666666,2,7,-5,0.015748031496062992,0.01876675603217158,0.868,0.858,2,0,7,0.034,-0.0037549249178318858,0.9413053812932894,21.721474159946236,0.8513289602994919,26.97859500028426,4.394312671875923
boundary_erase,2,cue:entity_background_separation,perturbed,0.1,500,0.806,0.746,0.738,-0.8000000000000007,-0.13333333333333333,3,7,-4,0.023622047244094488,0.01876675603217158,0.868,0.856,3,1,9,0.036,-0.0005209993305325042,0.9413053812932894,20.884696329573984,0.849640277504921,26.89898719964549,4.394312671875923
boundary_erase,2,cue:shadow_reinforcement,perturbed,0.2,500,0.806,0.746,0.746,0.0,0.0,6,6,0,0.047244094488188976,0.0160857908847185,0.868,0.86,6,1,10,0.04,-0.0009079252161591284,0.9413053812932894,19.330141283676923,0.8393712457418442,26.2765589999035,4.394312671875923
boundary_erase,2,cue:contrast_luminance,perturbed,0.1,500,0.806,0.746,0.746,0.0,0.0,1,1,0,0.007874015748031496,0.002680965147453083,0.868,0.87,2,1,1,0.012,-0.0009646640876380843,0.9413053812932894,21.50142302187956,0.8500063152313232,27.841329399932874,4.394312671875923
boundary_erase,2,cue:thermal_injection,perturbed,0.1,500,0.806,0.746,0.72,-2.6000000000000023,-0.43333333333333335,6,19,-13,0.047244094488188976,0.05093833780160858,0.868,0.84,7,3,21,0.092,-0.017899388245748923,0.9413053812932894,20.51633066493516,0.8333320190906525,26.76344819998485,4.394312671875923
boundary_erase,2,cue:border_strengthening,clean,0.1,500,0.806,0.746,0.74,-0.6000000000000005,-0.1,2,5,-3,0.015748031496062992,0.013404825737265416,0.868,0.86,2,0,6,0.024,-0.0015072611339237484,0.9413053812932894,21.663713218078215,0.8517456794977188,0.5736204003042076,4.394312671875923
boundary_erase,2,cue:depth_boundary_emphasis,clean,0.1,500,0.806,0.746,0.738,-0.8000000000000007,-0.13333333333333333,0,4,-4,0.0,0.010723860589812333,0.868,0.86,0,0,4,0.022,-0.00021216414559785334,0.9413053812932894,21.773686070099235,0.8531364187002182,1.086281400086591,4.394312671875923
boundary_erase,2,cue:entity_background_separation,clean,0.1,500,0.806,0.746,0.742,-0.40000000000000036,-0.06666666666666667,3,5,-2,0.023622047244094488,0.013404825737265416,0.868,0.858,2,0,7,0.03,-0.0020186030256863887,0.9413053812932894,20.860162166526877,0.849150134563446,0.9650434000941459,4.394312671875923
boundary_erase,2,cue:shadow_reinforcement,clean,0.2,500,0.806,0.746,0.736,-1.0000000000000009,-0.16666666666666666,5,10,-5,0.03937007874015748,0.02680965147453083,0.868,0.86,7,2,11,0.05,-0.0008811912123874208,0.9413053812932894,19.332061756117465,0.8381409732103348,0.3702387997182086,4.394312671875923
boundary_erase,2,cue:contrast_luminance,clean,0.1,500,0.806,0.746,0.746,0.0,0.0,1,1,0,0.007874015748031496,0.002680965147453083,0.868,0.87,2,1,1,0.01,-0.0008304244102109806,0.9413053812932894,21.513435058521836,0.8501523145437241,1.9636094003508333,4.394312671875923
boundary_erase,2,cue:thermal_injection,clean,0.1,500,0.806,0.746,0.734,-1.200000000000001,-0.2,10,16,-6,0.07874015748031496,0.04289544235924933,0.868,0.852,10,2,18,0.086,-0.016767209887815625,0.9413053812932894,20.51495327049457,0.8326335961818695,0.8735211999446619,4.394312671875923
boundary_erase,2,cue:border_strengthening,mismatched,0.1,500,0.806,0.746,0.74,-0.6000000000000005,-0.1,4,7,-3,0.031496062992125984,0.01876675603217158,0.868,0.846,2,0,13,0.04,-0.0024301842738641425,0.9413053812932894,21.690232845079016,0.8489533985853195,0.585557999991579,4.394312671875923
boundary_erase,2,cue:depth_boundary_emphasis,mismatched,0.1,500,0.806,0.746,0.74,-0.6000000000000005,-0.1,5,8,-3,0.03937007874015748,0.021447721179624665,0.868,0.852,4,1,12,0.044,-0.005745272221760388,0.9413053812932894,21.679395000934896,0.8434971568584442,1.103941599780228,4.394312671875923
boundary_erase,2,cue:entity_background_separation,mismatched,0.1,500,0.806,0.746,0.732,-1.4000000000000012,-0.23333333333333334,3,10,-7,0.023622047244094488,0.02680965147453083,0.868,0.84,1,0,15,0.048,-0.005764029832358574,0.9413053812932894,20.96425605975873,0.8465262888669968,0.9833312000264414,4.394312671875923
boundary_erase,2,cue:shadow_reinforcement,mismatched,0.2,500,0.806,0.746,0.73,-1.6000000000000014,-0.26666666666666666,5,13,-8,0.03937007874015748,0.03485254691689008,0.868,0.836,3,0,19,0.06,-0.011688022451597136,0.9413053812932894,19.44973584252706,0.8292349736690521,0.3781963997753337,4.394312671875923
boundary_erase,2,cue:contrast_luminance,mismatched,0.1,500,0.806,0.746,0.746,0.0,0.0,2,2,0,0.015748031496062992,0.005361930294906166,0.868,0.868,2,1,2,0.014,-0.000923772127058328,0.9413053812932894,21.51895117915129,0.8500448131561279,1.9714177998248488,4.394312671875923
boundary_erase,2,cue:thermal_injection,mismatched,0.1,500,0.806,0.746,0.722,-2.400000000000002,-0.4,9,21,-12,0.07086614173228346,0.05630026809651475,0.868,0.826,7,3,28,0.096,-0.01933694211452712,0.9413053812932894,20.60857590988844,0.8244132677912712,0.8682774004118983,4.394312671875923
boundary_erase,2,detector+cue:border_strengthening,perturbed,0.1,500,0.806,0.746,0.746,0.0,0.0,4,4,0,0.031496062992125984,0.010723860589812333,0.868,0.864,3,0,5,0.024,0.00028425681113731116,0.9413053812932894,21.681036441156728,0.8517494240999222,124.45052040045266,4.394312671875923
boundary_erase,2,detector+cue:depth_boundary_emphasis,perturbed,0.1,500,0.806,0.746,0.736,-1.0000000000000009,-0.16666666666666666,2,7,-5,0.015748031496062992,0.01876675603217158,0.868,0.858,2,0,7,0.034,-0.0037549249178318858,0.9413053812932894,21.721474159946236,0.8513289602994919,124.96994520060252,4.394312671875923
boundary_erase,2,detector+cue:entity_background_separation,perturbed,0.1,500,0.806,0.746,0.738,-0.8000000000000007,-0.13333333333333333,3,7,-4,0.023622047244094488,0.01876675603217158,0.868,0.856,3,1,9,0.036,-0.0005209993305325042,0.9413053812932894,20.884696329573984,0.849640277504921,124.87738059987896,4.394312671875923
boundary_erase,2,detector+cue:shadow_reinforcement,perturbed,0.2,500,0.806,0.746,0.746,0.0,0.0,6,6,0,0.047244094488188976,0.0160857908847185,0.868,0.86,6,1,10,0.04,-0.0009079252161591284,0.9413053812932894,19.330141283676923,0.8393712457418442,124.2627388004621,4.394312671875923
boundary_erase,2,detector+cue:contrast_luminance,perturbed,0.1,500,0.806,0.746,0.746,0.0,0.0,1,1,0,0.007874015748031496,0.002680965147453083,0.868,0.87,2,1,1,0.012,-0.0009646640876380843,0.9413053812932894,21.50142302187956,0.8500063152313232,125.84999740013154,4.394312671875923
boundary_erase,2,detector+cue:thermal_injection,perturbed,0.1,500,0.806,0.746,0.72,-2.6000000000000023,-0.43333333333333335,6,19,-13,0.047244094488188976,0.05093833780160858,0.868,0.84,7,3,21,0.092,-0.017899388245748923,0.9413053812932894,20.51633066493516,0.8333320190906525,124.74224440043326,4.394312671875923
boundary_erase,3,none,unused,,500,0.806,0.676,0.676,0.0,0.0,0,0,0,0.0,0.0,0.778,0.778,0,0,0,0.0,0.0,0.9161107913554768,18.65530008770164,0.7504530436992646,0.0,4.394312671875923
boundary_erase,3,oracle_classical,unused,,500,0.806,0.676,0.676,0.0,0.0,0,0,0,0.0,0.0,0.778,0.778,0,0,0,0.0,0.0,0.9161107913554768,18.65530008770164,0.7504530436992646,0.07793539989506826,4.394312671875923
boundary_erase,3,detector_classical,unused,,500,0.806,0.676,0.676,0.0,0.0,0,0,0,0.0,0.0,0.778,0.778,0,0,0,0.0,0.0,0.9161107913554768,18.65530008770164,0.7504530436992646,98.08170160010923,4.394312671875923
boundary_erase,3,baseline:unsharp,unused,0.1,500,0.806,0.676,0.674,-0.20000000000000018,-0.015384615384615398,7,8,-1,0.043209876543209874,0.023668639053254437,0.778,0.78,9,2,8,0.046,-0.004857298612107115,0.9161107913554768,18.201374589427353,0.738749543607235,0.5068315999233164,4.429638834373691
boundary_erase,3,baseline:autocontrast,unused,0.3,500,0.806,0.676,0.672,-0.40000000000000036,-0.030769230769230795,3,5,-2,0.018518518518518517,0.014792899408284023,0.778,0.778,4,1,4,0.018,0.000606751334555156,0.9161107913554768,18.38414306232883,0.7479666352868081,1.2460956003051251,4.429638834373691
boundary_erase,3,baseline:clahe,unused,0.1,500,0.806,0.676,0.664,-1.200000000000001,-0.09230769230769238,2,8,-6,0.012345679012345678,0.023668639053254437,0.778,0.77,3,1,7,0.024,-0.0011760750987177744,0.9161107913554768,18.423124625534847,0.7467873563170433,1.374762399471365,4.429638834373691
boundary_erase,3,cue:border_strengthening,perturbed,0.1,500,0.806,0.676,0.672,-0.40000000000000036,-0.030769230769230795,3,5,-2,0.018518518518518517,0.014792899408284023,0.778,0.772,3,1,6,0.028,-0.0027003058121117646,0.9161107913554768,18.63360241791776,0.7498993371725082,26.362572399986675,4.429638834373691
boundary_erase,3,cue:depth_boundary_emphasis,perturbed,0.1,500,0.806,0.676,0.662,-1.4000000000000012,-0.10769230769230778,4,11,-7,0.024691358024691357,0.03254437869822485,0.778,0.768,5,2,10,0.054,-0.006408915750667802,0.9161107913554768,18.671591635634474,0.7489738748073578,26.84548940008972,4.429638834373691
boundary_erase,3,cue:entity_background_separation,perturbed,0.1,500,0.806,0.676,0.676,0.0,0.0,4,4,0,0.024691358024691357,0.011834319526627219,0.778,0.778,6,3,6,0.046,-0.0013514916757339961,0.9161107913554768,18.317662127586708,0.7486772634387017,26.747596400411567,4.429638834373691
boundary_erase,3,cue:shadow_reinforcement,perturbed,0.2,500,0.806,0.676,0.68,0.40000000000000036,0.030769230769230795,9,7,2,0.05555555555555555,0.020710059171597635,0.778,0.776,11,4,12,0.072,0.0017769619266182416,0.9161107913554768,17.383115587743937,0.74002249532938,26.15460300052655,4.429638834373691
boundary_erase,3,cue:contrast_luminance,perturbed,0.1,500,0.806,0.676,0.666,-1.0000000000000009,-0.07692307692307698,2,7,-5,0.012345679012345678,0.020710059171597635,0.778,0.772,3,1,6,0.022,-0.0009674694124623784,0.9161107913554768,18.47477729071439,0.748171142578125,27.67865720007103,4.429638834373691
boundary_erase,3,cue:thermal_injection,perturbed,0.1,500,0.806,0.676,0.66,-1.6000000000000014,-0.12307692307692318,14,22,-8,0.08641975308641975,0.0650887573964497,0.778,0.77,20,8,24,0.138,-0.021812132487300913,0.9161107913554768,18.042326569726,0.7353196048736572,26.642317200137768,4.429638834373691
boundary_erase,3,cue:border_strengthening,clean,0.1,500,0.806,0.676,0.67,-0.6000000000000005,-0.04615384615384619,6,9,-3,0.037037037037037035,0.026627218934911243,0.778,0.77,5,1,9,0.048,-0.005281396873229823,0.9161107913554768,18.621076068255007,0.749847551226616,0.5641118000785355,4.429638834373691
boundary_erase,3,cue:depth_boundary_emphasis,clean,0.1,500,0.806,0.676,0.666,-1.0000000000000009,-0.07692307692307698,5,10,-5,0.030864197530864196,0.029585798816568046,0.778,0.778,9,4,9,0.056,-0.003608997047340381,0.9161107913554768,18.707949930350797,0.7510072169899941,1.0806784001761116,4.429638834373691
boundary_erase,3,cue:entity_background_separation,clean,0.1,500,0.806,0.676,0.668,-0.8000000000000007,-0.06153846153846159,5,9,-4,0.030864197530864196,0.026627218934911243,0.778,0.776,8,4,9,0.06,-0.003967060322524049,0.9161107913554768,18.29855737941718,0.7480142046809196,0.9765015997109003,4.429638834373691
boundary_erase,3,cue:shadow_reinforcement,clean,0.2,500,0.806,0.676,0.668,-0.8000000000000007,-0.06153846153846159,7,11,-4,0.043209876543209874,0.03254437869822485,0.778,0.776,11,4,12,0.078,-0.0014210570711329638,0.9161107913554768,17.364395334848076,0.7381917580366134,0.37318459994276054,4.429638834373691
boundary_erase,3,cue:contrast_luminance,clean,0.1,500,0.806,0.676,0.67,-0.6000000000000005,-0.04615384615384619,3,6,-3,0.018518518518518517,0.01775147928994083,0.778,0.774,4,2,6,0.022,-0.0004624408241470519,0.9161107913554768,18.48263211266427,0.7483282588720321,1.956385199649958,4.429638834373691
boundary_erase,3,cue:thermal_injection,clean,0.1,500,0.806,0.676,0.662,-1.4000000000000012,-0.10769230769230778,16,23,-7,0.09876543209876543,0.06804733727810651,0.778,0.764,19,6,26,0.158,-0.016299331751139106,0.9161107913554768,18.050202979361192,0.734744473695755,0.857498000113992,4.429638834373691
boundary_erase,3,cue:border_strengthening,mismatched,0.1,500,0.806,0.676,0.67,-0.6000000000000005,-0.04615384615384619,5,8,-3,0.030864197530864196,0.023668639053254437,0.778,0.774,8,3,10,0.054,-0.0001566512299978058,0.9161107913554768,18.636049426280675,0.7470690255761147,0.5760192000598181,4.429638834373691
boundary_erase,3,cue:depth_boundary_emphasis,mismatched,0.1,500,0.806,0.676,0.67,-0.6000000000000005,-0.04615384615384619,8,11,-3,0.04938271604938271,0.03254437869822485,0.778,0.766,9,2,15,0.076,-0.007507145059027607,0.9161107913554768,18.651847301529735,0.7420375084280968,1.0778618002077565,4.429638834373691
boundary_erase,3,cue:entity_background_separation,mismatched,0.1,500,0.806,0.676,0.678,0.20000000000000018,0.015384615384615398,5,4,1,0.030864197530864196,0.011834319526627219,0.778,0.78,7,2,6,0.044,-0.005302407170443985,0.9161107913554768,18.380183354007578,0.745685061097145,0.9936376003315672,4.429638834373691
boundary_erase,3,cue:shadow_reinforcement,mismatched,0.2,500,0.806,0.676,0.67,-0.6000000000000005,-0.04615384615384619,9,12,-3,0.05555555555555555,0.03550295857988166,0.778,0.77,12,4,16,0.092,-0.008650147035525151,0.9161107913554768,17.501037804866524,0.7305845004916192,0.37946700016618706,4.429638834373691
boundary_erase,3,cue:contrast_luminance,mismatched,0.1,500,0.806,0.676,0.668,-0.8000000000000007,-0.06153846153846159,3,7,-4,0.018518518518518517,0.020710059171597635,0.778,0.776,5,2,6,0.026,-0.0002924412239517551,0.9161107913554768,18.48857497053654,0.7481900765895844,1.9427986002410762,4.429638834373691
boundary_erase,3,cue:thermal_injection,mismatched,0.1,500,0.806,0.676,0.654,-2.200000000000002,-0.16923076923076938,12,23,-11,0.07407407407407407,0.06804733727810651,0.778,0.746,13,5,29,0.138,-0.025279157104525437,0.9161107913554768,18.130822433201455,0.7270434017777443,0.8547367997525726,4.429638834373691
boundary_erase,3,detector+cue:border_strengthening,perturbed,0.1,500,0.806,0.676,0.672,-0.40000000000000036,-0.030769230769230795,3,5,-2,0.018518518518518517,0.014792899408284023,0.778,0.772,3,1,6,0.028,-0.0027003058121117646,0.9161107913554768,18.63360241791776,0.7498993371725082,124.4384514002304,4.429638834373691
boundary_erase,3,detector+cue:depth_boundary_emphasis,perturbed,0.1,500,0.806,0.676,0.662,-1.4000000000000012,-0.10769230769230778,4,11,-7,0.024691358024691357,0.03254437869822485,0.778,0.768,5,2,10,0.054,-0.006408915750667802,0.9161107913554768,18.671591635634474,0.7489738748073578,124.95836040048744,4.429638834373691
boundary_erase,3,detector+cue:entity_background_separation,perturbed,0.1,500,0.806,0.676,0.676,0.0,0.0,4,4,0,0.024691358024691357,0.011834319526627219,0.778,0.778,6,3,6,0.046,-0.0013514916757339961,0.9161107913554768,18.317662127586708,0.7486772634387017,124.86388220012304,4.429638834373691
boundary_erase,3,detector+cue:shadow_reinforcement,perturbed,0.2,500,0.806,0.676,0.68,0.40000000000000036,0.030769230769230795,9,7,2,0.05555555555555555,0.020710059171597635,0.778,0.776,11,4,12,0.072,0.0017769619266182416,0.9161107913554768,17.383115587743937,0.74002249532938,124.24870080046821,4.429638834373691
boundary_erase,3,detector+cue:contrast_luminance,perturbed,0.1,500,0.806,0.676,0.666,-1.0000000000000009,-0.07692307692307698,2,7,-5,0.012345679012345678,0.020710059171597635,0.778,0.772,3,1,6,0.022,-0.0009674694124623784,0.9161107913554768,18.47477729071439,0.748171142578125,125.86379280057736,4.429638834373691
boundary_erase,3,detector+cue:thermal_injection,perturbed,0.1,500,0.806,0.676,0.66,-1.6000000000000014,-0.12307692307692318,14,22,-8,0.08641975308641975,0.0650887573964497,0.778,0.77,20,8,24,0.138,-0.021812132487300913,0.9161107913554768,18.042326569726,0.7353196048736572,124.75122260019998,4.429638834373691
foreground_blur,1,none,unused,,500,0.806,0.564,0.564,0.0,0.0,0,0,0,0.0,0.0,0.63,0.63,0,0,0,0.0,0.0,0.9608636411702908,26.917011293049313,0.8680120559930802,0.0,4.429638834373691
foreground_blur,1,oracle_classical,unused,,500,0.806,0.564,0.596,3.200000000000003,0.13223140495867775,33,17,16,0.15137614678899083,0.06028368794326241,0.63,0.674,43,11,21,0.216,0.012872639607107203,0.9608636411702908,25.12104995416689,0.8434841225147247,0.5129736005619634,4.429638834373691
foreground_blur,1,detector_classical,unused,,500,0.806,0.564,0.566,0.20000000000000018,0.008264462809917359,2,1,1,0.009174311926605505,0.0035460992907801418,0.63,0.636,4,2,1,0.012,0.001645206036773743,0.9608636411702908,26.91248392681735,0.8681611422300338,107.88639920024434,4.429638834373691
foreground_blur,1,baseline:unsharp,unused,0.1,500,0.806,0.564,0.568,0.40000000000000036,0.016528925619834718,8,6,2,0.03669724770642202,0.02127659574468085,0.63,0.642,11,3,5,0.068,0.003946509348746531,0.9608636411702908,27.01026114731666,0.8717667776346206,0.57952100012335,4.429638834373691
foreground_blur,1,baseline:autocontrast,unused,0.3,500,0.806,0.564,0.572,0.8000000000000007,0.033057851239669436,5,1,4,0.022935779816513763,0.0035460992907801418,0.63,0.636,5,0,2,0.028,0.000972301949509756,0.9608636411702908,26.30134671590582,0.8689374259710312,1.4992098001821432,4.429638834373691
foreground_blur,1,baseline:clahe,unused,0.1,500,0.806,0.564,0.572,0.8000000000000007,0.033057851239669436,6,2,4,0.027522935779816515,0.0070921985815602835,0.63,0.648,10,4,1,0.048,0.001300591793054309,0.9608636411702908,26.808408408274474,0.8690396313667297,1.46194959958666,4.400734496873611
foreground_blur,1,cue:border_strengthening,perturbed,0.1,500,0.806,0.564,0.572,0.8000000000000007,0.033057851239669436,8,4,4,0.03669724770642202,0.014184397163120567,0.63,0.644,11,3,4,0.064,-0.002460263936437741,0.9608636411702908,26.874540059829915,0.8674880127906799,27.736836199706886,4.400734496873611
foreground_blur,1,cue:depth_boundary_emphasis,perturbed,0.1,500,0.806,0.564,0.576,1.200000000000001,0.049586776859504154,10,4,6,0.045871559633027525,0.014184397163120567,0.63,0.644,12,2,5,0.076,0.003862342315170736,0.9608636411702908,26.667468386801787,0.8641195204257965,28.27259140010574,4.400734496873611
foreground_blur,1,cue:entity_background_separation,perturbed,0.1,500,0.806,0.564,0.574,1.0000000000000009,0.0413223140495868,9,4,5,0.04128440366972477,0.014184397163120567,0.63,0.646,12,3,4,0.06,-0.0021303199589613087,0.9608636411702908,24.15053538305534,0.8597990177869796,28.166144399816403,4.400734496873611
foreground_blur,1,cue:shadow_reinforcement,perturbed,0.2,500,0.806,0.564,0.57,0.6000000000000005,0.024793388429752077,11,8,3,0.05045871559633028,0.028368794326241134,0.63,0.642,14,3,8,0.088,-0.003921529513146879,0.9608636411702908,21.322268128055256,0.8438062711954116,27.514002999843797,4.400734496873611
foreground_blur,1,cue:contrast_luminance,perturbed,0.1,500,0.806,0.564,0.576,1.200000000000001,0.049586776859504154,7,1,6,0.03211009174311927,0.0035460992907801418,0.63,0.646,9,2,1,0.034,0.002252815504601358,0.9608636411702908,26.9127442290114,0.8700129075050353,29.130404000054114,4.400734496873611
foreground_blur,1,cue:thermal_injection,perturbed,0.1,500,0.806,0.564,0.556,-0.7999999999999896,-0.03305785123966898,20,24,-4,0.09174311926605505,0.0851063829787234,0.63,0.628,25,7,26,0.198,-0.024585086171685134,0.9608636411702908,23.391993937939393,0.8368964142799378,28.027443999919342,4.400734496873611
foreground_blur,1,cue:border_strengthening,clean,0.1,500,0.806,0.564,0.57,0.6000000000000005,0.024793388429752077,5,2,3,0.022935779816513763,0.0070921985815602835,0.63,0.64,7,2,2,0.046,-0.0020874078113463385,0.9608636411702908,26.880215239831937,0.8674123176336288,0.6083663995377719,4.400734496873611
foreground_blur,1,cue:depth_boundary_emphasis,clean,0.1,500,0.806,0.564,0.57,0.6000000000000005,0.024793388429752077,10,7,3,0.045871559633027525,0.024822695035460994,0.63,0.638,13,4,9,0.084,0.002322078020152958,0.9608636411702908,26.694988294029717,0.864552215218544,1.1413517995388247,4.400734496873611
foreground_blur,1,cue:entity_background_separation,clean,0.1,500,0.806,0.564,0.576,1.200000000000001,0.049586776859504154,10,4,6,0.045871559633027525,0.014184397163120567,0.63,0.648,13,3,4,0.06,-0.0011681285908427981,0.9608636411702908,24.13681308576984,0.8593624558448791,1.054627800360322,4.400734496873611
foreground_blur,1,cue:shadow_reinforcement,clean,0.2,500,0.806,0.564,0.576,1.200000000000001,0.049586776859504154,15,9,6,0.06880733944954129,0.031914893617021274,0.63,0.646,17,3,9,0.098,-0.0003051590283077985,0.9608636411702908,21.366961009630213,0.8430998712778092,0.39619159972062334,4.400734496873611
foreground_blur,1,cue:contrast_luminance,clean,0.1,500,0.806,0.564,0.572,0.8000000000000007,0.033057851239669436,6,2,4,0.027522935779816515,0.0070921985815602835,0.63,0.64,7,1,2,0.032,0.002547296130491077,0.9608636411702908,26.9130539179547,0.8699849812984467,2.003035200003069,4.400734496873611
foreground_blur,1,cue:thermal_injection,clean,0.1,500,0.806,0.564,0.57,0.6000000000000005,0.024793388429752077,20,17,3,0.09174311926605505,0.06028368794326241,0.63,0.64,24,7,19,0.19,-0.021752656710300924,0.9608636411702908,23.423211521135745,0.836817952811718,0.8984802000632044,4.400734496873611
foreground_blur,1,cue:border_strengthening,mismatched,0.1,500,0.806,0.564,0.552,-1.19999999999999,-0.049586776859503696,8,14,-6,0.03669724770642202,0.04964539007092199,0.63,0.624,11,4,14,0.094,-0.011319246260669616,0.9608636411702908,26.8639969592049,0.8645292890071868,0.6017296001373325,4.400734496873611
foreground_blur,1,cue:depth_boundary_emphasis,mismatched,0.1,500,0.806,0.564,0.544,-1.9999999999999907,-0.08264462809917314,8,18,-10,0.03669724770642202,0.06382978723404255,0.63,0.616,12,4,19,0.108,-0.01975354128094773,0.9608636411702908,26.64623519237855,0.8577139611244202,1.1142997998686042,4.400734496873611
foreground_blur,1,cue:entity_background_separation,mismatched,0.1,500,0.806,0.564,0.552,-1.19999999999999,-0.049586776859503696,5,11,-6,0.022935779816513763,0.03900709219858156,0.63,0.61,5,1,15,0.082,-0.014248759425525576,0.9608636411702908,24.20699003748474,0.8561239537000657,1.0079680003982503,4.400734496873611
foreground_blur,1,cue:shadow_reinforcement,mismatched,0.2,500,0.806,0.564,0.528,-3.599999999999992,-0.148760330578512,7,25,-18,0.03211009174311927,0.08865248226950355,0.63,0.594,8,3,26,0.134,-0.02902964774372481,0.9608636411702908,21.38710667596846,0.8343515065908432,0.38196299973060377,4.400734496873611
foreground_blur,1,cue:contrast_luminance,mismatched,0.1,500,0.806,0.564,0.57,0.6000000000000005,0.024793388429752077,6,3,3,0.027522935779816515,0.010638297872340425,0.63,0.648,10,4,1,0.042,0.0021974906068587645,0.9608636411702908,26.894809537201315,0.8693895118236542,1.972546599834459,4.400734496873611
foreground_blur,1,cue:thermal_injection,mismatched,0.1,500,0.806,0.564,0.528,-3.599999999999992,-0.148760330578512,16,34,-18,0.07339449541284404,0.12056737588652482,0.63,0.586,17,4,39,0.216,-0.04252329288449141,0.9608636411702908,23.51092794670177,0.8289997459053994,0.8853650006349199,4.400734496873611
foreground_blur,1,detector+cue:border_strengthening,perturbed,0.1,500,0.806,0.564,0.572,0.8000000000000007,0.033057851239669436,9,5,4,0.04128440366972477,0.01773049645390071,0.63,0.644,12,3,5,0.07,-0.001654025348055484,0.9608636411702908,26.869036066910905,0.8676281290054322,135.57246600021608,4.400734496873611
foreground_blur,1,detector+cue:depth_boundary_emphasis,perturbed,0.1,500,0.806,0.564,0.576,1.200000000000001,0.049586776859504154,11,5,6,0.05045871559633028,0.01773049645390071,0.63,0.646,14,3,6,0.082,0.0039048800393625244,0.9608636411702908,26.660585599473354,0.8642900995016098,136.0877182005206,4.400734496873611
foreground_blur,1,detector+cue:entity_background_separation,perturbed,0.1,500,0.806,0.564,0.574,1.0000000000000009,0.0413223140495868,10,5,5,0.045871559633027525,0.01773049645390071,0.63,0.646,13,3,5,0.066,-0.0015550726295052754,0.9608636411702908,24.129534443509584,0.8600831463336944,135.99505920056254,4.400734496873611
foreground_blur,1,detector+cue:shadow_reinforcement,perturbed,0.2,500,0.806,0.564,0.57,0.6000000000000005,0.024793388429752077,12,9,3,0.05504587155963303,0.031914893617021274,0.63,0.644,16,4,9,0.096,-0.0023830324138868946,0.9608636411702908,21.29854853473779,0.844229171872139,135.37433120049536,4.400734496873611
foreground_blur,1,detector+cue:contrast_luminance,perturbed,0.1,500,0.806,0.564,0.576,1.200000000000001,0.049586776859504154,8,2,6,0.03669724770642202,0.0070921985815602835,0.63,0.65,12,4,2,0.044,0.0036255555830859974,0.9608636411702908,26.905600655723216,0.8701174647808075,136.96939480004949,4.400734496873611
foreground_blur,1,detector+cue:thermal_injection,perturbed,0.1,500,0.806,0.564,0.558,-0.5999999999999894,-0.02479338842975162,21,24,-3,0.0963302752293578,0.0851063829787234,0.63,0.63,26,7,26,0.2,-0.02380558196638117,0.9608636411702908,23.375300578838,0.8372216843366623,135.87460200014175,4.400734496873611
foreground_blur,2,none,unused,,500,0.806,0.374,0.374,0.0,0.0,0,0,0,0.0,0.0,0.422,0.422,0,0,0,0.0,0.0,0.9329834807708086,24.1346849091714,0.7932614501714707,0.0,4.400734496873611
foreground_blur,2,oracle_classical,unused,,500,0.806,0.374,0.35,-2.400000000000002,-0.0555555555555556,11,23,-12,0.03514376996805112,0.12299465240641712,0.422,0.4,16,6,27,0.306,-0.035163378326784366,0.9329834807708086,22.83166106149934,0.7507576595544815,0.5198478001693729,4.400734496873611
foreground_blur,2,detector_classical,unused,,500,0.806,0.374,0.374,0.0,0.0,0,0,0,0.0,0.0,0.422,0.424,1,1,0,0.01,0.0006571195918077137,0.9329834807708086,24.026736494467922,0.7922017967700958,107.60188040041248,4.400734496873611
foreground_blur,2,baseline:unsharp,unused,0.1,500,0.806,0.374,0.366,-0.8000000000000007,-0.01851851851851853,6,10,-4,0.019169329073482427,0.053475935828877004,0.422,0.408,7,2,14,0.124,-0.005810962262543399,0.9329834807708086,24.118473972865257,0.7923362009525299,0.5575435999198817,4.400734496873611
foreground_blur,2,baseline:autocontrast,unused,0.3,500,0.806,0.374,0.368,-0.6000000000000005,-0.0138888888888889,3,6,-3,0.009584664536741214,0.03208556149732621,0.422,0.416,4,1,7,0.058,0.0006102943197724926,0.9329834807708086,23.74784358170982,0.793620520234108,1.452809400158003,4.400734496873611
foreground_blur,2,baseline:clahe,unused,0.1,500,0.806,0.374,0.366,-0.8000000000000007,-0.01851851851851853,4,8,-4,0.012779552715654952,0.0427807486631016,0.422,0.424,7,5,6,0.088,-0.00075205952560691,0.9329834807708086,24.133505880282488,0.7929667359590531,1.4345055999874603,4.400734496873611
foreground_blur,2,cue:border_strengthening,perturbed,0.1,500,0.806,0.374,0.374,0.0,0.0,6,6,0,0.019169329073482427,0.03208556149732621,0.422,0.424,7,1,6,0.112,-0.0027675689763682386,0.9329834807708086,24.106884159949296,0.7927202693223954,27.955125799402595,4.400734496873611
foreground_blur,2,cue:depth_boundary_emphasis,perturbed,0.1,500,0.806,0.374,0.384,1.0000000000000009,0.023148148148148168,12,7,5,0.038338658146964855,0.0374331550802139,0.422,0.426,13,2,11,0.152,0.0016853186921389352,0.9329834807708086,23.995652004723766,0.7894360063076019,28.537463999993633,4.334329112498381
foreground_blur,2,cue:entity_background_separation,perturbed,0.1,500,0.806,0.374,0.372,-0.20000000000000018,-0.004629629629629633,10,11,-1,0.03194888178913738,0.058823529411764705,0.422,0.422,12,2,12,0.132,-0.004099066764910276,0.9329834807708086,22.40940592344042,0.7863124698400498,28.33213299998897,4.334329112498381
foreground_blur,2,cue:shadow_reinforcement,perturbed,0.2,500,0.806,0.374,0.378,0.40000000000000036,0.009259259259259266,13,11,2,0.04153354632587859,0.058823529411764705,0.422,0.422,15,4,15,0.21,-0.00744533263010726,0.9329834807708086,20.241634440618174,0.770570727109909,27.657835599937243,4.334329112498381
foreground_blur,2,cue:contrast_luminance,perturbed,0.1,500,0.806,0.374,0.37,-0.40000000000000036,-0.009259259259259266,4,6,-2,0.012779552715654952,0.03208556149732621,0.422,0.42,5,1,6,0.06,0.0010155707708081536,0.9329834807708086,24.181035345239202,0.7940332207679749,29.268037399393506,4.334329112498381
foreground_blur,2,cue:thermal_injection,perturbed,0.1,500,0.806,0.374,0.35,-2.400000000000002,-0.0555555555555556,16,28,-12,0.051118210862619806,0.1497326203208556,0.422,0.4,22,9,33,0.348,-0.02713478615438498,0.9329834807708086,21.861912505169354,0.766799447119236,28.146443999401527,4.334329112498381
foreground_blur,2,cue:border_strengthening,clean,0.1,500,0.806,0.374,0.378,0.40000000000000036,0.009259259259259266,5,3,2,0.01597444089456869,0.016042780748663103,0.422,0.428,6,1,3,0.106,-0.001016366241463402,0.9329834807708086,24.112502723112065,0.7926191359758377,0.6039903997734655,4.334329112498381
foreground_blur,2,cue:depth_boundary_emphasis,clean,0.1,500,0.806,0.374,0.388,1.4000000000000012,0.03240740740740743,14,7,7,0.04472843450479233,0.0374331550802139,0.422,0.43,14,1,10,0.162,0.00910360956952718,0.9329834807708086,24.030795801759346,0.7901925132274628,1.1505207998270635,4.334329112498381
foreground_blur,2,cue:entity_background_separation,clean,0.1,500,0.806,0.374,0.366,-0.8000000000000007,-0.01851851851851853,10,14,-4,0.03194888178913738,0.0748663101604278,0.422,0.414,10,2,14,0.16,-0.0029667429375440407,0.9329834807708086,22.373691281926796,0.785820708990097,1.0322064002975821,4.334329112498381
foreground_blur,2,cue:shadow_reinforcement,clean,0.2,500,0.806,0.374,0.384,1.0000000000000009,0.023148148148148168,14,9,5,0.04472843450479233,0.0481283422459893,0.422,0.43,17,4,13,0.214,0.0021772555933384863,0.9329834807708086,20.23689639185388,0.769714910686016,0.39540019974811,4.334329112498381
foreground_blur,2,cue:contrast_luminance,clean,0.1,500,0.806,0.374,0.374,0.0,0.0,6,6,0,0.019169329073482427,0.03208556149732621,0.422,0.426,8,2,6,0.072,0.0015046853547382852,0.9329834807708086,24.182868213264182,0.7940631289482116,1.971585800172761,4.334329112498381
foreground_blur,2,cue:thermal_injection,clean,0.1,500,0.806,0.374,0.34,-3.3999999999999977,-0.07870370370370364,9,26,-17,0.02875399361022364,0.13903743315508021,0.422,0.39,14,6,30,0.328,-0.02180575346170599,0.9329834807708086,21.879545240716986,0.7671544148325921,0.8763335997937247,4.334329112498381
foreground_blur,2,cue:border_strengthening,mismatched,0.1,500,0.806,0.374,0.366,-0.8000000000000007,-0.01851851851851853,9,13,-4,0.02875399361022364,0.06951871657754011,0.422,0.42,10,1,11,0.166,-0.011121283339347428,0.9329834807708086,24.109993426470982,0.78980353474617,0.5780754000006709,4.334329112498381
foreground_blur,2,cue:depth_boundary_emphasis,mismatched,0.1,500,0.806,0.374,0.368,-0.6000000000000005,-0.0138888888888889,13,16,-3,0.04153354632587859,0.0855614973262032,0.422,0.422,15,3,15,0.196,-0.018441461213596994,0.9329834807708086,23.988071784549884,0.7835291870832444,1.1120070004253648,4.334329112498381
foreground_blur,2,cue:entity_background_separation,mismatched,0.1,500,0.806,0.374,0.382,0.8000000000000007,0.01851851851851853,14,10,4,0.04472843450479233,0.053475935828877004,0.422,0.434,16,3,10,0.166,-0.012922396884860063,0.9329834807708086,22.43742872367961,0.7834109987020492,1.0162484000029508,4.334329112498381
foreground_blur,2,cue:shadow_reinforcement,mismatched,0.2,500,0.806,0.374,0.348,-2.6000000000000023,-0.06018518518518523,13,26,-13,0.04153354632587859,0.13903743315508021,0.422,0.404,17,5,26,0.258,-0.031667718469034295,0.9329834807708086,20.296430248574282,0.7637622629404068,0.37758559989742935,4.334329112498381
foreground_blur,2,cue:contrast_luminance,mismatched,0.1,500,0.806,0.374,0.37,-0.40000000000000036,-0.009259259259259266,3,5,-2,0.009584664536741214,0.026737967914438502,0.422,0.418,3,0,5,0.054,0.00020075524525100264,0.9329834807708086,24.165149284024693,0.7935698174238205,1.9280291997129098,4.334329112498381
foreground_blur,2,cue:thermal_injection,mismatched,0.1,500,0.806,0.374,0.326,-4.799999999999999,-0.11111111111111106,9,33,-24,0.02875399361022364,0.17647058823529413,0.422,0.38,13,4,34,0.32,-0.0449627760810954,0.9329834807708086,21.961017436156393,0.759075046479702,0.8735638000653125,4.334329112498381
foreground_blur,2,detector+cue:border_strengthening,perturbed,0.1,500,0.806,0.374,0.376,0.20000000000000018,0.004629629629629633,6,5,1,0.019169329073482427,0.026737967914438502,0.422,0.426,7,1,5,0.11,-0.0015845532573703167,0.9329834807708086,23.99920900194806,0.7916621682643891,135.42803619994083,4.334329112498381
foreground_blur,2,detector+cue:depth_boundary_emphasis,perturbed,0.1,500,0.806,0.374,0.384,1.0000000000000009,0.023148148148148168,11,6,5,0.03514376996805112,0.03208556149732621,0.422,0.426,12,2,10,0.154,0.003785955113376076,0.9329834807708086,23.889120837298545,0.788418600320816,135.93962120020296,4.334329112498381
foreground_blur,2,detector+cue:entity_background_separation,perturbed,0.1,500,0.806,0.374,0.374,0.0,0.0,10,10,0,0.03194888178913738,0.053475935828877004,0.422,0.424,12,2,11,0.132,-0.0027270389766572405,0.9329834807708086,22.3259510858918,0.7854506106376647,135.83533380029257,4.334329112498381
foreground_blur,2,detector+cue:shadow_reinforcement,perturbed,0.2,500,0.806,0.374,0.378,0.40000000000000036,0.009259259259259266,13,11,2,0.04153354632587859,0.058823529411764705,0.422,0.422,15,4,15,0.212,-0.005560863577767122,0.9329834807708086,20.176186888323155,0.7699294692277908,135.23076100045,4.334329112498381
foreground_blur,2,detector+cue:contrast_luminance,perturbed,0.1,500,0.806,0.374,0.37,-0.40000000000000036,-0.009259259259259266,4,6,-2,0.012779552715654952,0.03208556149732621,0.422,0.42,5,1,6,0.064,0.00176134615045612,0.9329834807708086,24.071647668885223,0.7929095720052719,136.80100260002655,4.334329112498381
foreground_blur,2,detector+cue:thermal_injection,perturbed,0.1,500,0.806,0.374,0.35,-2.400000000000002,-0.0555555555555556,16,28,-12,0.051118210862619806,0.1497326203208556,0.422,0.4,22,9,33,0.346,-0.02631424144472976,0.9329834807708086,21.7811306105155,0.7659885260462761,135.72773519987823,4.334329112498381
foreground_blur,3,none,unused,,500,0.806,0.33,0.33,0.0,0.0,0,0,0,0.0,0.0,0.368,0.368,0,0,0,0.0,0.0,0.9152082683244755,22.773153002993915,0.7613218067884445,0.0,4.334329112498381
foreground_blur,3,oracle_classical,unused,,500,0.806,0.33,0.262,-6.800000000000001,-0.14285714285714285,11,45,-34,0.03283582089552239,0.2727272727272727,0.368,0.314,18,7,45,0.388,-0.0416658404266991,0.9152082683244755,21.63836809185269,0.7121872940063476,0.514901199931046,4.334329112498381
foreground_blur,3,detector_classical,unused,,500,0.806,0.33,0.332,0.20000000000000018,0.004201680672268911,1,0,1,0.0029850746268656717,0.0,0.368,0.37,1,0,0,0.006,0.0003684542934061028,0.9152082683244755,22.631472325918935,0.7594659117460251,107.72733620012878,4.334329112498381
foreground_blur,3,baseline:unsharp,unused,0.1,500,0.806,0.33,0.306,-2.400000000000002,-0.050420168067226934,5,17,-12,0.014925373134328358,0.10303030303030303,0.368,0.35,7,2,16,0.146,-0.007504187955434418,0.9152082683244755,22.73313969776995,0.7589424639940262,0.5677912000392098,4.334329112498381
foreground_blur,3,baseline:autocontrast,unused,0.3,500,0.806,0.33,0.33,0.0,0.0,3,3,0,0.008955223880597015,0.01818181818181818,0.368,0.368,4,1,4,0.066,-0.00031926314614997864,0.9152082683244755,22.472851879032053,0.7611069183349609,1.4678119998134207,4.334329112498381
foreground_blur,3,baseline:clahe,unused,0.1,500,0.806,0.33,0.326,-0.40000000000000036,-0.008403361344537822,4,6,-2,0.011940298507462687,0.03636363636363636,0.368,0.364,5,1,7,0.092,-0.00026469623415027857,0.9152082683244755,22.808263568823193,0.7602857975959778,1.4386576001124922,4.334329112498381
foreground_blur,3,cue:border_strengthening,perturbed,0.1,500,0.806,0.33,0.318,-1.200000000000001,-0.025210084033613467,2,8,-6,0.005970149253731343,0.048484848484848485,0.368,0.358,2,0,7,0.104,-0.004026123721955855,0.9152082683244755,22.754885896239962,0.7607453812360764,28.052273199922638,4.334329112498381
foreground_blur,3,cue:depth_boundary_emphasis,perturbed,0.1,500,0.806,0.33,0.33,0.0,0.0,7,7,0,0.020895522388059702,0.04242424242424243,0.368,0.366,7,1,8,0.152,-0.00019104115075128903,0.9152082683244755,22.6798271884618,0.7575435378551483,28.625411999673815,4.334329112498381
foreground_blur,3,cue:entity_background_separation,perturbed,0.1,500,0.806,0.33,0.322,-0.8000000000000007,-0.016806722689075643,4,8,-4,0.011940298507462687,0.048484848484848485,0.368,0.36,6,2,10,0.132,-0.003475529206230476,0.9152082683244755,21.43136856512137,0.7551539487838745,28.511916599818505,4.334329112498381
foreground_blur,3,cue:shadow_reinforcement,perturbed,0.2,500,0.806,0.33,0.32,-1.0000000000000009,-0.021008403361344553,5,10,-5,0.014925373134328358,0.06060606060606061,0.368,0.356,8,3,14,0.186,-0.006464330478193801,0.9152082683244755,19.590991808222025,0.7397886303663254,27.78567680006381,4.282710178127218
foreground_blur,3,cue:contrast_luminance,perturbed,0.1,500,0.806,0.33,0.328,-0.20000000000000018,-0.004201680672268911,3,4,-1,0.008955223880597015,0.024242424242424242,0.368,0.366,4,1,5,0.076,0.0009838976525218185,0.9152082683244755,22.837364986862724,0.7614127490520477,29.310718199500116,4.282710178127218
foreground_blur,3,cue:thermal_injection,perturbed,0.1,500,0.806,0.33,0.29,-4.0000000000000036,-0.08403361344537821,8,28,-20,0.023880597014925373,0.1696969696969697,0.368,0.328,12,4,32,0.316,-0.024788755072827826,0.9152082683244755,20.97314610156131,0.737391057729721,28.23311759979697,4.282710178127218
foreground_blur,3,cue:border_strengthening,clean,0.1,500,0.806,0.33,0.322,-0.8000000000000007,-0.016806722689075643,4,8,-4,0.011940298507462687,0.048484848484848485,0.368,0.364,5,1,7,0.144,0.0003763616319245102,0.9152082683244755,22.755039432416602,0.7606744512319564,0.6061097998754121,4.282710178127218
foreground_blur,3,cue:depth_boundary_emphasis,clean,0.1,500,0.806,0.33,0.334,0.40000000000000036,0.008403361344537822,12,10,2,0.03582089552238806,0.06060606060606061,0.368,0.368,12,0,12,0.186,0.009588084155800288,0.9152082683244755,22.703993385024216,0.7584375786781311,1.1492218002094887,4.282710178127218
foreground_blur,3,cue:entity_background_separation,clean,0.1,500,0.806,0.33,0.326,-0.40000000000000036,-0.008403361344537822,7,9,-2,0.020895522388059702,0.05454545454545454,0.368,0.364,9,2,11,0.154,-0.0022590874739496485,0.9152082683244755,21.391046843177755,0.7545943726301193,1.0279410000075586,4.282710178127218
foreground_blur,3,cue:shadow_reinforcement,clean,0.2,500,0.806,0.33,0.324,-0.6000000000000005,-0.012605042016806733,10,13,-3,0.029850746268656716,0.07878787878787878,0.368,0.36,13,3,17,0.246,0.0024953291838071437,0.9152082683244755,19.557475693873922,0.7386380181312561,0.39887079966138117,4.282710178127218
foreground_blur,3,cue:contrast_luminance,clean,0.1,500,0.806,0.33,0.326,-0.40000000000000036,-0.008403361344537822,1,3,-2,0.0029850746268656717,0.01818181818181818,0.368,0.362,2,1,5,0.072,0.0006652837752924369,0.9152082683244755,22.8398682350656,0.7614824098348617,1.9674689996463712,4.282710178127218
foreground_blur,3,cue:thermal_injection,clean,0.1,500,0.806,0.33,0.308,-2.200000000000002,-0.04621848739495802,13,24,-11,0.03880597014925373,0.14545454545454545,0.368,0.346,17,4,28,0.352,-0.014615517282794286,0.9152082683244755,20.994069180033293,0.738187814772129,0.8852298003621399,4.282710178127218
foreground_blur,3,cue:border_strengthening,mismatched,0.1,500,0.806,0.33,0.31,-2.0000000000000018,-0.04201680672268911,6,16,-10,0.01791044776119403,0.09696969696969697,0.368,0.352,8,2,16,0.208,-0.009656144986004393,0.9152082683244755,22.75639409747338,0.7578556904792786,0.5846532002615277,4.282710178127218
foreground_blur,3,cue:depth_boundary_emphasis,mismatched,0.1,500,0.806,0.33,0.296,-3.400000000000003,-0.07142857142857148,5,22,-17,0.014925373134328358,0.13333333333333333,0.368,0.34,7,2,21,0.25,-0.014363999378026846,0.9152082683244755,22.664371562030702,0.7518731426000596,1.111954399937531,4.282710178127218
foreground_blur,3,cue:entity_background_separation,mismatched,0.1,500,0.806,0.33,0.292,-3.8000000000000034,-0.07983193277310931,4,23,-19,0.011940298507462687,0.1393939393939394,0.368,0.332,4,0,22,0.206,-0.013759917801878827,0.9152082683244755,21.4516845689415,0.7525692434310913,0.9953439999953844,4.282710178127218
foreground_blur,3,cue:shadow_reinforcement,mismatched,0.2,500,0.806,0.33,0.272,-5.8,-0.1218487394957983,4,33,-29,0.011940298507462687,0.2,0.368,0.328,10,6,30,0.292,-0.026577806702793395,0.9152082683244755,19.635091532559336,0.7339595513343811,0.3799857997219078,4.282710178127218
foreground_blur,3,cue:contrast_luminance,mismatched,0.1,500,0.806,0.33,0.33,0.0,0.0,4,4,0,0.011940298507462687,0.024242424242424242,0.368,0.366,5,1,6,0.068,0.0003243485719788168,0.9152082683244755,22.821507302753805,0.7610470095872879,1.9389132001088,4.282710178127218
foreground_blur,3,cue:thermal_injection,mismatched,0.1,500,0.806,0.33,0.266,-6.4,-0.13445378151260504,7,39,-32,0.020895522388059702,0.23636363636363636,0.368,0.304,8,2,40,0.362,-0.03872029443618408,0.9152082683244755,21.07017295877281,0.7298126534223557,0.8654899998509791,4.282710178127218
foreground_blur,3,detector+cue:border_strengthening,perturbed,0.1,500,0.806,0.33,0.32,-1.0000000000000009,-0.021008403361344553,3,8,-5,0.008955223880597015,0.048484848484848485,0.368,0.36,3,0,7,0.112,-0.0035082390099444184,0.9152082683244755,22.613239238099176,0.7588917717933655,135.6521247998753,4.282710178127218
foreground_blur,3,detector+cue:depth_boundary_emphasis,perturbed,0.1,500,0.806,0.33,0.332,0.20000000000000018,0.004201680672268911,7,6,1,0.020895522388059702,0.03636363636363636,0.368,0.368,7,1,7,0.152,0.002091376300629463,0.9152082683244755,22.540007618346916,0.7557454931735993,136.16088700000546,4.282710178127218
foreground_blur,3,detector+cue:entity_background_separation,perturbed,0.1,500,0.806,0.33,0.324,-0.6000000000000005,-0.012605042016806733,5,8,-3,0.014925373134328358,0.048484848484848485,0.368,0.362,7,2,10,0.136,-0.002670164950327944,0.9152082683244755,21.321677088902046,0.7536491043567658,136.06840840011137,4.282710178127218
foreground_blur,3,detector+cue:shadow_reinforcement,perturbed,0.2,500,0.806,0.33,0.322,-0.8000000000000007,-0.016806722689075643,6,10,-4,0.01791044776119403,0.06060606060606061,0.368,0.358,9,3,14,0.188,-0.005851328687212004,0.9152082683244755,19.50774089542064,0.7386630953550338,135.43938639975386,4.282710178127218
foreground_blur,3,detector+cue:contrast_luminance,perturbed,0.1,500,0.806,0.33,0.33,0.0,0.0,4,4,0,0.011940298507462687,0.024242424242424242,0.368,0.368,5,1,5,0.08,0.001612367906863483,0.9152082683244755,22.693072168454666,0.7594435859322548,136.9878800001461,4.282710178127218
foreground_blur,3,detector+cue:thermal_injection,perturbed,0.1,500,0.806,0.33,0.292,-3.8000000000000034,-0.07983193277310931,9,28,-19,0.026865671641791045,0.1696969696969697,0.368,0.33,13,4,32,0.328,-0.02437879383011159,0.9152082683244755,20.864737485458694,0.7359160166978836,135.9424200002104,4.282710178127218
foreground_occlusion,1,none,unused,,500,0.806,0.732,0.732,0.0,0.0,0,0,0,0.0,0.0,0.898,0.898,0,0,0,0.0,0.0,0.972276843345,21.632403328751025,0.9142066289186478,0.0,4.282710178127218
foreground_occlusion,1,oracle_classical,unused,,500,0.806,0.732,0.732,0.0,0.0,0,0,0,0.0,0.0,0.898,0.898,0,0,0,0.0,0.0,0.972276843345,21.632403328751025,0.9142066289186478,0.07869280004524626,4.282710178127218
foreground_occlusion,1,detector_classical,unused,,500,0.806,0.732,0.732,0.0,0.0,0,0,0,0.0,0.0,0.898,0.898,0,0,0,0.0,-6.461977958679199e-06,0.972276843345,21.5848194854663,0.9135440111160278,99.0377125996456,4.282710178127218
foreground_occlusion,1,baseline:unsharp,unused,0.1,500,0.806,0.732,0.722,-1.0000000000000009,-0.13513513513513514,3,8,-5,0.022388059701492536,0.02185792349726776,0.898,0.886,4,1,10,0.034,-0.006420125624499633,0.972276843345,21.401886582459277,0.9073129988908768,0.4921784001926426,4.282710178127218
foreground_occlusion,1,baseline:autocontrast,unused,0.3,500,0.806,0.732,0.732,0.0,0.0,2,2,0,0.014925373134328358,0.00546448087431694,0.898,0.896,2,0,3,0.01,-0.000599459811761335,0.972276843345,21.288143071342134,0.912174150109291,1.2799267997324932,4.282710178127218
foreground_occlusion,1,baseline:clahe,unused,0.1,500,0.806,0.732,0.732,0.0,0.0,4,4,0,0.029850746268656716,0.01092896174863388,0.898,0.89,3,1,7,0.03,-0.0013052247288069339,0.972276843345,21.38737618259339,0.9105568002462388,1.3925992000149563,4.282710178127218
foreground_occlusion,1,cue:border_strengthening,perturbed,0.1,500,0.806,0.732,0.732,0.0,0.0,1,1,0,0.007462686567164179,0.00273224043715847,0.898,0.898,1,0,1,0.01,-0.000494985162085868,0.972276843345,21.604715757187346,0.9133452399969101,26.980768200126477,4.282710178127218
foreground_occlusion,1,cue:depth_boundary_emphasis,perturbed,0.1,500,0.806,0.732,0.722,-1.0000000000000009,-0.13513513513513514,3,8,-5,0.022388059701492536,0.02185792349726776,0.898,0.886,4,2,10,0.046,-0.004621463886111087,0.972276843345,21.592053101808645,0.9114352489709854,27.492906000465155,4.282710178127218
foreground_occlusion,1,cue:entity_background_separation,perturbed,0.1,500,0.806,0.732,0.734,0.20000000000000018,0.02702702702702703,3,2,1,0.022388059701492536,0.00546448087431694,0.898,0.894,3,1,5,0.034,-0.0010463621635062737,0.972276843345,20.622094129094133,0.9088322035074234,27.392828400392318,4.282710178127218
foreground_occlusion,1,cue:shadow_reinforcement,perturbed,0.2,500,0.806,0.732,0.726,-0.6000000000000005,-0.08108108108108109,4,7,-3,0.029850746268656716,0.01912568306010929,0.898,0.88,4,1,13,0.062,-0.002279970541903822,0.972276843345,18.923668368110757,0.893910523891449,26.7692804003309,4.282710178127218
foreground_occlusion,1,cue:contrast_luminance,perturbed,0.1,500,0.806,0.732,0.736,0.40000000000000036,0.05405405405405406,5,3,2,0.03731343283582089,0.00819672131147541,0.898,0.89,3,0,7,0.028,0.00010642788577024475,0.972276843345,21.430376883340752,0.9122596378326416,28.337370000430383,4.282710178127218
foreground_occlusion,1,cue:thermal_injection,perturbed,0.1,500,0.806,0.732,0.718,-1.4000000000000012,-0.1891891891891892,9,16,-7,0.06716417910447761,0.04371584699453552,0.898,0.858,6,2,26,0.098,-0.014977157177256232,0.972276843345,20.29140378809729,0.8927377541065216,27.261173400009284,4.265637271881587
foreground_occlusion,1,cue:border_strengthening,clean,0.1,500,0.806,0.732,0.732,0.0,0.0,2,2,0,0.014925373134328358,0.00546448087431694,0.898,0.898,2,0,2,0.016,-0.0018414939137583132,0.972276843345,21.603913393514222,0.9133713290691375,0.5842358001682442,4.265637271881587
foreground_occlusion,1,cue:depth_boundary_emphasis,clean,0.1,500,0.806,0.732,0.726,-0.6000000000000005,-0.08108108108108109,3,6,-3,0.022388059701492536,0.01639344262295082,0.898,0.894,5,2,7,0.042,-0.006038760347993957,0.972276843345,21.596123978981755,0.9115360658168793,1.2602665997110307,4.265637271881587
foreground_occlusion,1,cue:entity_background_separation,clean,0.1,500,0.806,0.732,0.734,0.20000000000000018,0.02702702702702703,5,4,1,0.03731343283582089,0.01092896174863388,0.898,0.896,5,1,6,0.038,-0.001921758357915678,0.972276843345,20.632218038164538,0.9088236317634583,1.0682751997373998,4.265637271881587
foreground_occlusion,1,cue:shadow_reinforcement,clean,0.2,500,0.806,0.732,0.724,-0.8000000000000007,-0.10810810810810811,3,7,-4,0.022388059701492536,0.01912568306010929,0.898,0.884,3,1,10,0.056,-0.004459311424978295,0.972276843345,18.9561889858367,0.8938173794746399,0.416457000101218,4.265637271881587
foreground_occlusion,1,cue:contrast_luminance,clean,0.1,500,0.806,0.732,0.736,0.40000000000000036,0.05405405405405406,5,3,2,0.03731343283582089,0.00819672131147541,0.898,0.89,3,0,7,0.028,0.00035459084217291095,0.972276843345,21.43017421750898,0.9122573891878129,2.075012400135165,4.265637271881587
foreground_occlusion,1,cue:thermal_injection,clean,0.1,500,0.806,0.732,0.708,-2.400000000000002,-0.32432432432432434,6,18,-12,0.04477611940298507,0.04918032786885246,0.898,0.852,4,2,27,0.098,-0.015279545100836912,0.972276843345,20.282217318924175,0.8922191638946533,0.8938311999954749,4.265637271881587
foreground_occlusion,1,cue:border_strengthening,mismatched,0.1,500,0.806,0.732,0.73,-0.20000000000000018,-0.02702702702702703,5,6,-1,0.03731343283582089,0.01639344262295082,0.898,0.886,4,1,10,0.042,-0.00048499784424529935,0.972276843345,21.602352372346118,0.9105344865322113,0.6438003998191562,4.265637271881587
foreground_occlusion,1,cue:depth_boundary_emphasis,mismatched,0.1,500,0.806,0.732,0.726,-0.6000000000000005,-0.08108108108108109,4,7,-3,0.029850746268656716,0.01912568306010929,0.898,0.87,2,0,16,0.066,-0.0052082069468569895,0.972276843345,21.580620214276443,0.9045611659288406,1.176477799512213,4.265637271881587
foreground_occlusion,1,cue:entity_background_separation,mismatched,0.1,500,0.806,0.732,0.728,-0.40000000000000036,-0.05405405405405406,4,6,-2,0.029850746268656716,0.01639344262295082,0.898,0.878,3,1,13,0.056,-0.0038065896413154404,0.972276843345,20.805631575674482,0.9062354618310928,1.0127295994898304,4.265637271881587
foreground_occlusion,1,cue:shadow_reinforcement,mismatched,0.2,500,0.806,0.732,0.722,-1.0000000000000009,-0.13513513513513514,6,11,-5,0.04477611940298507,0.030054644808743168,0.898,0.856,2,0,23,0.078,-0.012721392398645549,0.972276843345,19.27184029315168,0.8862961574792861,0.37253219963167794,4.265637271881587
foreground_occlusion,1,cue:contrast_luminance,mismatched,0.1,500,0.806,0.732,0.732,0.0,0.0,3,3,0,0.022388059701492536,0.00819672131147541,0.898,0.886,2,0,8,0.03,0.0005104782597391022,0.972276843345,21.454869563608646,0.9120850899219513,1.9370878002082463,4.265637271881587
foreground_occlusion,1,cue:thermal_injection,mismatched,0.1,500,0.806,0.732,0.716,-1.6000000000000014,-0.21621621621621623,13,21,-8,0.09701492537313433,0.05737704918032787,0.898,0.844,7,2,34,0.118,-0.0265496514893357,0.972276843345,20.485604472009893,0.882521773159504,0.8636820002866443,4.265637271881587
foreground_occlusion,1,detector+cue:border_strengthening,perturbed,0.1,500,0.806,0.732,0.732,0.0,0.0,1,1,0,0.007462686567164179,0.00273224043715847,0.898,0.898,1,0,1,0.01,-0.0005016152251428139,0.972276843345,21.55663846632066,0.912679410815239,126.00507639997522,4.265637271881587
foreground_occlusion,1,detector+cue:depth_boundary_emphasis,perturbed,0.1,500,0.806,0.732,0.722,-1.0000000000000009,-0.13513513513513514,3,8,-5,0.022388059701492536,0.02185792349726776,0.898,0.886,4,2,10,0.046,-0.004623198500483341,0.972276843345,21.54622101317552,0.9108028877973556,126.51897300055134,4.265637271881587
foreground_occlusion,1,detector+cue:entity_background_separation,perturbed,0.1,500,0.806,0.732,0.734,0.20000000000000018,0.02702702702702703,3,2,1,0.022388059701492536,0.00546448087431694,0.898,0.894,3,1,5,0.034,-0.0010528118629081291,0.972276843345,20.584505039630326,0.9081746507883072,126.42363839992322,4.265637271881587
foreground_occlusion,1,detector+cue:shadow_reinforcement,perturbed,0.2,500,0.806,0.732,0.726,-0.6000000000000005,-0.08108108108108109,4,7,-3,0.029850746268656716,0.01912568306010929,0.898,0.88,4,1,13,0.062,-0.0022901131066773816,0.972276843345,18.89722088504716,0.893270205616951,125.80404199991608,4.265637271881587
foreground_occlusion,1,detector+cue:contrast_luminance,perturbed,0.1,500,0.806,0.732,0.736,0.40000000000000036,0.05405405405405406,5,3,2,0.03731343283582089,0.00819672131147541,0.898,0.89,3,0,7,0.028,0.00010110864806119934,0.972276843345,21.383407367824102,0.91155209171772,127.39797920020646,4.265637271881587
foreground_occlusion,1,detector+cue:thermal_injection,perturbed,0.1,500,0.806,0.732,0.718,-1.4000000000000012,-0.1891891891891892,9,16,-7,0.06716417910447761,0.04371584699453552,0.898,0.858,6,2,26,0.098,-0.014977485002802497,0.972276843345,20.253910627758867,0.8921227495670319,126.28605739941122,4.265637271881587
foreground_occlusion,2,none,unused,,500,0.806,0.6,0.6,0.0,0.0,0,0,0,0.0,0.0,0.73,0.73,0,0,0,0.0,0.0,0.9412673570017573,18.516962140350998,0.8307960178852082,0.0,4.265637271881587
foreground_occlusion,2,oracle_classical,unused,,500,0.806,0.6,0.6,0.0,0.0,0,0,0,0.0,0.0,0.73,0.73,0,0,0,0.0,0.0,0.9412673570017573,18.516962140350998,0.8307960178852082,0.08202639984665439,4.265637271881587
foreground_occlusion,2,detector_classical,unused,,500,0.806,0.6,0.6,0.0,0.0,0,0,0,0.0,0.0,0.73,0.73,0,0,0,0.0,-0.0004720698595046997,0.9412673570017573,18.458113104366408,0.8295161862373353,97.57468060025712,4.265637271881587
foreground_occlusion,2,baseline:unsharp,unused,0.1,500,0.806,0.6,0.608,0.8000000000000007,0.038834951456310704,13,9,4,0.065,0.03,0.73,0.726,11,1,13,0.082,-0.012154833097654773,0.9412673570017573,18.394466890612982,0.82464846265316,0.49074360000668094,4.265637271881587
foreground_occlusion,2,baseline:autocontrast,unused,0.3,500,0.806,0.6,0.602,0.20000000000000018,0.009708737864077676,4,3,1,0.02,0.01,0.73,0.73,3,0,3,0.028,-0.002193043488463445,0.9412673570017573,18.22975075933375,0.8280437734127045,1.2501729993964545,4.265637271881587
foreground_occlusion,2,baseline:clahe,unused,0.1,500,0.806,0.6,0.588,-1.200000000000001,-0.05825242718446605,7,13,-6,0.035,0.043333333333333335,0.73,0.706,5,1,17,0.064,-0.008842661287882947,0.9412673570017573,18.369491117829817,0.8275676009654999,1.3670061994926073,4.265637271881587
foreground_occlusion,2,cue:border_strengthening,perturbed,0.1,500,0.806,0.6,0.598,-0.20000000000000018,-0.009708737864077676,7,8,-1,0.035,0.02666666666666667,0.73,0.726,7,2,9,0.054,-0.0031657615673466354,0.9412673570017573,18.498061225779196,0.8300369935035705,26.6994483997114,4.265637271881587
foreground_occlusion,2,cue:depth_boundary_emphasis,perturbed,0.1,500,0.806,0.6,0.59,-1.0000000000000009,-0.048543689320388377,5,10,-5,0.025,0.03333333333333333,0.73,0.7,4,3,19,0.084,-0.007047803679666686,0.9412673570017573,18.515597482956576,0.8282027080059051,27.214965799619677,4.265637271881587
foreground_occlusion,2,cue:entity_background_separation,perturbed,0.1,500,0.806,0.6,0.614,1.4000000000000012,0.06796116504854373,12,5,7,0.06,0.016666666666666666,0.73,0.724,9,1,12,0.074,-0.00265996069468747,0.9412673570017573,18.057146564323173,0.8257504546046257,27.109851000044728,4.265637271881587
foreground_occlusion,2,cue:shadow_reinforcement,perturbed,0.2,500,0.806,0.6,0.61,1.0000000000000009,0.048543689320388377,14,9,5,0.07,0.03,0.73,0.722,12,1,16,0.104,-0.008714430798750982,0.9412673570017573,16.97297945040326,0.8113725656867027,26.500790599442553,4.265637271881587
foreground_occlusion,2,cue:contrast_luminance,perturbed,0.1,500,0.806,0.6,0.602,0.20000000000000018,0.009708737864077676,9,8,1,0.045,0.02666666666666667,0.73,0.724,7,1,10,0.054,-0.006490801209121855,0.9412673570017573,18.393809354254422,0.8291147532463073,28.06673340013367,4.265637271881587
foreground_occlusion,2,cue:thermal_injection,perturbed,0.1,500,0.806,0.6,0.59,-1.0000000000000009,-0.048543689320388377,20,25,-5,0.1,0.08333333333333333,0.73,0.692,17,3,36,0.196,-0.024738833088258617,0.9412673570017573,17.804394888173324,0.8126003530621528,26.997483199869748,4.265637271881587
foreground_occlusion,2,cue:border_strengthening,clean,0.1,500,0.806,0.6,0.602,0.20000000000000018,0.009708737864077676,8,7,1,0.04,0.023333333333333334,0.73,0.73,8,2,8,0.066,-0.0002691643734142417,0.9412673570017573,18.4959881284525,0.8300727300643921,0.5798599997942802,4.265637271881587
foreground_occlusion,2,cue:depth_boundary_emphasis,clean,0.1,500,0.806,0.6,0.614,1.4000000000000012,0.06796116504854373,14,7,7,0.07,0.023333333333333334,0.73,0.726,13,4,15,0.102,-0.000538801029772003,0.9412673570017573,18.523256729241464,0.8283677865862846,1.1995310004858766,4.3190294812588945
foreground_occlusion,2,cue:entity_background_separation,clean,0.1,500,0.806,0.6,0.614,1.4000000000000012,0.06796116504854373,11,4,7,0.055,0.013333333333333334,0.73,0.726,8,0,10,0.074,0.0014965193915923009,0.9412673570017573,18.065766688428756,0.8256656160950661,0.9923886002798099,4.3190294812588945
foreground_occlusion,2,cue:shadow_reinforcement,clean,0.2,500,0.806,0.6,0.61,1.0000000000000009,0.048543689320388377,15,10,5,0.075,0.03333333333333333,0.73,0.726,13,1,15,0.108,-0.009310725562503648,0.9412673570017573,17.00378533541449,0.8109569897651673,0.36473559931619093,4.3190294812588945
foreground_occlusion,2,cue:contrast_luminance,clean,0.1,500,0.806,0.6,0.598,-0.20000000000000018,-0.009708737864077676,8,9,-1,0.04,0.03,0.73,0.718,6,1,12,0.058,-0.006764814607289736,0.9412673570017573,18.396421496230722,0.8291586045026779,1.936164400394773,4.3190294812588945
foreground_occlusion,2,cue:thermal_injection,clean,0.1,500,0.806,0.6,0.604,0.40000000000000036,0.019417475728155352,20,18,2,0.1,0.06,0.73,0.71,17,2,27,0.188,-0.016810289597715383,0.9412673570017573,17.83966197840325,0.8125470682382584,0.8567269998893607,4.3190294812588945
foreground_occlusion,2,cue:border_strengthening,mismatched,0.1,500,0.806,0.6,0.618,1.8000000000000016,0.08737864077669907,14,5,9,0.07,0.016666666666666666,0.73,0.722,10,1,14,0.09,-0.008462784725757956,0.9412673570017573,18.496593752223486,0.8272189907431603,0.5678347996727098,4.3190294812588945
foreground_occlusion,2,cue:depth_boundary_emphasis,mismatched,0.1,500,0.806,0.6,0.6,0.0,0.0,13,13,0,0.065,0.043333333333333335,0.73,0.71,12,3,22,0.12,-0.02000924253000085,0.9412673570017573,18.507889197277134,0.8214850049614907,1.0968176000751555,4.3190294812588945
foreground_occlusion,2,cue:entity_background_separation,mismatched,0.1,500,0.806,0.6,0.602,0.20000000000000018,0.009708737864077676,12,11,1,0.06,0.03666666666666667,0.73,0.714,12,3,20,0.114,-0.012638495674260411,0.9412673570017573,18.206253860922182,0.823500857591629,0.9885687997448258,4.3190294812588945
foreground_occlusion,2,cue:shadow_reinforcement,mismatched,0.2,500,0.806,0.6,0.574,-2.6000000000000023,-0.12621359223300976,9,22,-13,0.045,0.07333333333333333,0.73,0.686,9,3,31,0.152,-0.03115292418516765,0.9412673570017573,17.31820678195038,0.8049811666607857,0.37840039978618734,4.3190294812588945
foreground_occlusion,2,cue:contrast_luminance,mismatched,0.1,500,0.806,0.6,0.594,-0.6000000000000005,-0.029126213592233025,5,8,-3,0.025,0.02666666666666667,0.73,0.72,4,1,9,0.05,-0.0051604902851358925,0.9412673570017573,18.409280758160477,0.82893037545681,1.9454209996329155,4.3190294812588945
foreground_occlusion,2,cue:thermal_injection,mismatched,0.1,500,0.806,0.6,0.598,-0.20000000000000018,-0.009708737864077676,23,24,-1,0.115,0.08,0.73,0.672,14,1,43,0.2,-0.039788125324218354,0.9412673570017573,17.987068229627862,0.8023198351264,0.8729865999775939,4.3190294812588945
foreground_occlusion,2,detector+cue:border_strengthening,perturbed,0.1,500,0.806,0.6,0.598,-0.20000000000000018,-0.009708737864077676,7,8,-1,0.035,0.02666666666666667,0.73,0.726,7,2,9,0.054,-0.003572750426523271,0.9412673570017573,18.438867384217378,0.8287519061565399,124.26585380014149,4.3190294812588945
foreground_occlusion,2,detector+cue:depth_boundary_emphasis,perturbed,0.1,500,0.806,0.6,0.59,-1.0000000000000009,-0.048543689320388377,5,10,-5,0.025,0.03333333333333333,0.73,0.7,4,3,19,0.084,-0.006589520612917113,0.9412673570017573,18.457932039691322,0.826971565246582,124.7973190001212,4.3190294812588945
foreground_occlusion,2,detector+cue:entity_background_separation,perturbed,0.1,500,0.806,0.6,0.614,1.4000000000000012,0.06796116504854373,12,5,7,0.06,0.016666666666666666,0.73,0.724,9,1,12,0.074,-0.003147483535187348,0.9412673570017573,18.005602704319333,0.8244610771536827,124.69681400011177,4.3190294812588945
foreground_occlusion,2,detector+cue:shadow_reinforcement,perturbed,0.2,500,0.806,0.6,0.61,1.0000000000000009,0.048543689320388377,14,9,5,0.07,0.03,0.73,0.722,12,1,16,0.104,-0.008352454056006537,0.9412673570017573,16.93178736490907,0.8100714643597603,124.0684731999063,4.3190294812588945
foreground_occlusion,2,detector+cue:contrast_luminance,perturbed,0.1,500,0.806,0.6,0.602,0.20000000000000018,0.009708737864077676,9,8,1,0.045,0.02666666666666667,0.73,0.724,7,1,10,0.054,-0.006896979564338835,0.9412673570017573,18.33578755731335,0.8277914898395539,125.65014980026172,4.3190294812588945
foreground_occlusion,2,detector+cue:thermal_injection,perturbed,0.1,500,0.806,0.6,0.59,-1.0000000000000009,-0.048543689320388377,20,25,-5,0.1,0.08333333333333333,0.73,0.692,17,3,36,0.196,-0.025010031003335827,0.9412673570017573,17.753188878371116,0.8114152107834816,124.55900740041398,4.3190294812588945
foreground_occlusion,3,none,unused,,500,0.806,0.438,0.438,0.0,0.0,0,0,0,0.0,0.0,0.496,0.496,0,0,0,0.0,0.0,0.8784778496178219,15.957981284233796,0.7111684493422509,0.0,4.3190294812588945
foreground_occlusion,3,oracle_classical,unused,,500,0.806,0.438,0.438,0.0,0.0,0,0,0,0.0,0.0,0.496,0.496,0,0,0,0.0,0.0,0.8784778496178219,15.957981284233796,0.7111684493422509,0.07967020003707148,4.3190294812588945
foreground_occlusion,3,detector_classical,unused,,500,0.806,0.438,0.438,0.0,0.0,0,0,0,0.0,0.0,0.496,0.496,0,0,0,0.0,0.0,0.8784778496178219,15.957981284233796,0.7111684493422509,97.84450880039367,4.3190294812588945
foreground_occlusion,3,baseline:unsharp,unused,0.1,500,0.806,0.438,0.414,-2.400000000000002,-0.06521739130434788,8,20,-12,0.028469750889679714,0.091324200913242,0.496,0.478,12,7,21,0.186,-0.010938719207811346,0.8784778496178219,15.891958933528546,0.7061774581074715,0.4894659999117721,4.3190294812588945
foreground_occlusion,3,baseline:autocontrast,unused,0.3,500,0.806,0.438,0.436,-0.20000000000000018,-0.005434782608695656,3,4,-1,0.010676156583629894,0.0182648401826484,0.496,0.486,1,1,6,0.044,0.000612861211352083,0.8784778496178219,15.629960955704005,0.7069452146887779,1.2058498004334979,4.3190294812588945
foreground_occlusion,3,baseline:clahe,unused,0.1,500,0.806,0.438,0.42,-1.8000000000000016,-0.048913043478260906,4,13,-9,0.014234875444839857,0.0593607305936073,0.496,0.484,8,5,14,0.138,-0.007649486837698077,0.8784778496178219,15.87119291757321,0.7085887388586998,1.3815593998588156,4.3190294812588945
foreground_occlusion,3,cue:border_strengthening,perturbed,0.1,500,0.806,0.438,0.434,-0.40000000000000036,-0.010869565217391313,4,6,-2,0.014234875444839857,0.0273972602739726,0.496,0.498,6,3,5,0.112,-0.0010482141823242729,0.8784778496178219,15.942512570974527,0.7105152463912964,26.53512540066731,4.3190294812588945
foreground_occlusion,3,cue:depth_boundary_emphasis,perturbed,0.1,500,0.806,0.438,0.412,-2.6000000000000023,-0.07065217391304353,7,20,-13,0.02491103202846975,0.091324200913242,0.496,0.46,7,2,25,0.204,-0.008512288137551878,0.8784778496178219,15.971355519260866,0.7087201597094536,27.04690480043064,4.3190294812588945
foreground_occlusion,3,cue:entity_background_separation,perturbed,0.1,500,0.806,0.438,0.432,-0.6000000000000005,-0.01630434782608697,4,7,-3,0.014234875444839857,0.0319634703196347,0.496,0.488,6,2,10,0.142,-0.005985663991593356,0.8784778496178219,15.800358255652824,0.7068606671094895,26.948554400907597,4.3190294812588945
foreground_occlusion,3,cue:shadow_reinforcement,perturbed,0.2,500,0.806,0.438,0.408,-3.0000000000000027,-0.08152173913043484,5,20,-15,0.017793594306049824,0.091324200913242,0.496,0.476,10,5,20,0.234,-0.017383395371572533,0.8784778496178219,15.151802559666379,0.6940653321146965,26.322603400418302,4.3190294812588945
foreground_occlusion,3,cue:contrast_luminance,perturbed,0.1,500,0.806,0.438,0.424,-1.4000000000000012,-0.038043478260869595,5,12,-7,0.017793594306049824,0.0547945205479452,0.496,0.484,7,4,13,0.126,-0.007393126402364033,0.8784778496178219,15.886338835949525,0.7098742765784264,27.84536880045198,4.3190294812588945
foreground_occlusion,3,cue:thermal_injection,perturbed,0.1,500,0.806,0.438,0.398,-3.9999999999999982,-0.10869565217391297,16,36,-20,0.05693950177935943,0.1643835616438356,0.496,0.452,19,7,41,0.36,-0.02936425926058041,0.8784778496178219,15.57477187901275,0.696667744576931,26.823520600504708,4.3190294812588945
foreground_occlusion,3,cue:border_strengthening,clean,0.1,500,0.806,0.438,0.438,0.0,0.0,4,4,0,0.014234875444839857,0.0182648401826484,0.496,0.492,6,4,8,0.134,0.003320483683643033,0.8784778496178219,15.94084843009618,0.7105645108819008,0.5827127996308263,4.3190294812588945
foreground_occlusion,3,cue:depth_boundary_emphasis,clean,0.1,500,0.806,0.438,0.426,-1.200000000000001,-0.03260869565217394,10,16,-6,0.03558718861209965,0.0730593607305936,0.496,0.474,8,1,19,0.192,0.00017759274153434035,0.8784778496178219,15.981369415466105,0.7091878588795661,1.1133511998341419,4.3190294812588945
foreground_occlusion,3,cue:entity_background_separation,clean,0.1,500,0.806,0.438,0.44,0.20000000000000018,0.005434782608695656,10,9,1,0.03558718861209965,0.0410958904109589,0.496,0.496,12,3,12,0.16,-0.0012805259082233533,0.8784778496178219,15.80527014158632,0.706517307639122,1.0028921997873113,4.3190294812588945
foreground_occlusion,3,cue:shadow_reinforcement,clean,0.2,500,0.806,0.438,0.418,-2.0000000000000018,-0.05434782608695656,11,21,-10,0.03914590747330961,0.0958904109589041,0.496,0.478,15,5,24,0.258,-0.013733238041560753,0.8784778496178219,15.1607358375559,0.6927741228342056,0.4171683997265063,4.354676478131751
foreground_occlusion,3,cue:contrast_luminance,clean,0.1,500,0.806,0.438,0.438,0.0,0.0,6,6,0,0.021352313167259787,0.0273972602739726,0.496,0.498,8,4,7,0.108,-0.005935233098919525,0.8784778496178219,15.890167005066859,0.7099814819693565,1.9534621997445356,4.354676478131751
foreground_occlusion,3,cue:thermal_injection,clean,0.1,500,0.806,0.438,0.416,-2.200000000000002,-0.05978260869565222,21,32,-11,0.07473309608540925,0.1461187214611872,0.496,0.48,28,10,36,0.358,-0.020810396436977952,0.8784778496178219,15.628149963943574,0.6974719341993332,0.8606497998989653,4.354676478131751
foreground_occlusion,3,cue:border_strengthening,mismatched,0.1,500,0.806,0.438,0.406,-3.1999999999999975,-0.08695652173913035,8,24,-16,0.028469750889679714,0.1095890410958904,0.496,0.456,7,3,27,0.222,-0.018854471275549487,0.8784778496178219,15.942369580381023,0.7077340660095215,0.5825257998949382,4.354676478131751
foreground_occlusion,3,cue:depth_boundary_emphasis,mismatched,0.1,500,0.806,0.438,0.4,-3.799999999999998,-0.10326086956521732,9,28,-19,0.03202846975088968,0.1278538812785388,0.496,0.45,9,4,32,0.256,-0.025868450264432342,0.8784778496178219,15.968817782007543,0.7024140840768814,1.10120180004742,4.354676478131751
foreground_occlusion,3,cue:entity_background_separation,mismatched,0.1,500,0.806,0.438,0.396,-4.199999999999998,-0.11413043478260863,6,27,-21,0.021352313167259787,0.1232876712328767,0.496,0.444,5,2,31,0.264,-0.02659948148429794,0.8784778496178219,15.911699725688763,0.7047944068908691,1.0007757998246234,4.354676478131751
foreground_occlusion,3,cue:shadow_reinforcement,mismatched,0.2,500,0.806,0.438,0.368,-7.000000000000001,-0.1902173913043478,9,44,-35,0.03202846975088968,0.2009132420091324,0.496,0.428,12,4,46,0.334,-0.04394893945280637,0.8784778496178219,15.424127672260507,0.688327256321907,0.3787375994143076,4.354676478131751
foreground_occlusion,3,cue:contrast_luminance,mismatched,0.1,500,0.806,0.438,0.42,-1.8000000000000016,-0.048913043478260906,3,12,-9,0.010676156583629894,0.0547945205479452,0.496,0.482,5,3,12,0.13,-0.0075175386120349685,0.8784778496178219,15.895577433538543,0.7097214466929436,1.9357661994872615,4.354676478131751
foreground_occlusion,3,cue:thermal_injection,mismatched,0.1,500,0.806,0.438,0.38,-5.8,-0.1576086956521739,15,44,-29,0.05338078291814947,0.2009132420091324,0.496,0.42,16,6,54,0.41,-0.05626985477950075,0.8784778496178219,15.732625540884351,0.6874451288580894,0.8655300005630124,4.354676478131751
foreground_occlusion,3,detector+cue:border_strengthening,perturbed,0.1,500,0.806,0.438,0.434,-0.40000000000000036,-0.010869565217391313,4,6,-2,0.014234875444839857,0.0273972602739726,0.496,0.498,6,3,5,0.112,-0.0010482141823242729,0.8784778496178219,15.942512570974527,0.7105152463912964,124.36595420053345,4.354676478131751
foreground_occlusion,3,detector+cue:depth_boundary_emphasis,perturbed,0.1,500,0.806,0.438,0.412,-2.6000000000000023,-0.07065217391304353,7,20,-13,0.02491103202846975,0.091324200913242,0.496,0.46,7,2,25,0.204,-0.008512288137551878,0.8784778496178219,15.971355519260866,0.7087201597094536,124.88229920089361,4.354676478131751
foreground_occlusion,3,detector+cue:entity_background_separation,perturbed,0.1,500,0.806,0.438,0.432,-0.6000000000000005,-0.01630434782608697,4,7,-3,0.014234875444839857,0.0319634703196347,0.496,0.488,6,2,10,0.142,-0.005985663991593356,0.8784778496178219,15.800358255652824,0.7068606671094895,124.77810980071081,4.354676478131751
foreground_occlusion,3,detector+cue:shadow_reinforcement,perturbed,0.2,500,0.806,0.438,0.408,-3.0000000000000027,-0.08152173913043484,5,20,-15,0.017793594306049824,0.091324200913242,0.496,0.476,10,5,20,0.234,-0.017383395371572533,0.8784778496178219,15.151802559666379,0.6940653321146965,124.15728740059421,4.354676478131751
foreground_occlusion,3,detector+cue:contrast_luminance,perturbed,0.1,500,0.806,0.438,0.424,-1.4000000000000012,-0.038043478260869595,5,12,-7,0.017793594306049824,0.0547945205479452,0.496,0.484,7,4,13,0.126,-0.007393126402364033,0.8784778496178219,15.886338835949525,0.7098742765784264,125.7089182008931,4.354676478131751
foreground_occlusion,3,detector+cue:thermal_injection,perturbed,0.1,500,0.806,0.438,0.398,-3.9999999999999982,-0.10869565217391297,16,36,-20,0.05693950177935943,0.1643835616438356,0.496,0.452,19,7,41,0.36,-0.02936425926058041,0.8784778496178219,15.57477187901275,0.696667744576931,124.64896220070659,4.354676478131751
background_removal,1,none,unused,,500,0.806,0.782,0.782,0.0,0.0,0,0,0,0.0,0.0,0.89,0.89,0,0,0,0.0,0.0,0.8846921598521161,16.217154999788676,0.7897586649656296,0.0,4.354676478131751
background_removal,1,oracle_classical,unused,,500,0.806,0.782,0.782,0.0,0.0,0,0,0,0.0,0.0,0.89,0.89,0,0,0,0.0,0.0,0.8846921598521161,16.217154999788676,0.7897586649656296,0.07665220025228336,4.354676478131751
background_removal,1,detector_classical,unused,,500,0.806,0.782,0.782,0.0,0.0,0,0,0,0.0,0.0,0.89,0.89,0,0,0,0.0,0.0,0.8846921598521161,16.217154999788676,0.7897586649656296,98.39065000065602,4.354676478131751
background_removal,1,baseline:unsharp,unused,0.1,500,0.806,0.782,0.774,-0.8000000000000007,-0.3333333333333333,5,9,-4,0.045871559633027525,0.023017902813299233,0.89,0.888,9,5,10,0.044,-0.0019641997327162243,0.8846921598521161,16.142539612753232,0.7841267561912537,0.4913864003319759,4.354676478131751
background_removal,1,baseline:autocontrast,unused,0.3,500,0.806,0.782,0.784,0.20000000000000018,0.08333333333333333,2,1,1,0.01834862385321101,0.0025575447570332483,0.89,0.89,2,1,2,0.008,0.0014656808638828806,0.8846921598521161,16.10094159594738,0.7878443663120269,1.2524376002547797,4.354676478131751
background_removal,1,baseline:clahe,unused,0.1,500,0.806,0.782,0.772,-1.0000000000000009,-0.4166666666666667,1,6,-5,0.009174311926605505,0.015345268542199489,0.89,0.884,4,3,7,0.03,-0.002639109788080532,0.8846921598521161,16.14563623224838,0.7871898813247681,1.3842407999909483,4.354676478131751
background_removal,1,cue:border_strengthening,perturbed,0.1,500,0.806,0.782,0.782,0.0,0.0,4,4,0,0.03669724770642202,0.010230179028132993,0.89,0.892,6,3,5,0.026,0.0018799915433264686,0.8846921598521161,16.207951610021922,0.7890217669010162,26.559451199835166,4.354676478131751
background_removal,1,cue:depth_boundary_emphasis,perturbed,0.1,500,0.806,0.782,0.772,-1.0000000000000009,-0.4166666666666667,2,7,-5,0.01834862385321101,0.017902813299232736,0.89,0.882,5,3,9,0.04,-0.0051651603993705065,0.8846921598521161,16.20824823627627,0.7884018224477768,27.068040799931623,4.354676478131751
background_removal,1,cue:entity_background_separation,perturbed,0.1,500,0.806,0.782,0.776,-0.6000000000000005,-0.25,3,6,-3,0.027522935779816515,0.015345268542199489,0.89,0.89,6,4,6,0.032,-5.373067378968699e-05,0.8846921598521161,16.056023979615468,0.7854224538803101,26.955605999741238,4.354676478131751
background_removal,1,cue:shadow_reinforcement,perturbed,0.2,500,0.806,0.782,0.78,-0.20000000000000018,-0.08333333333333333,5,6,-1,0.045871559633027525,0.015345268542199489,0.89,0.886,7,4,9,0.042,-0.00011948552296234994,0.8846921598521161,15.681879395185018,0.7765841547250748,26.350715399894398,4.354676478131751
background_removal,1,cue:contrast_luminance,perturbed,0.1,500,0.806,0.782,0.774,-0.8000000000000007,-0.3333333333333333,1,5,-4,0.009174311926605505,0.01278772378516624,0.89,0.89,4,3,4,0.02,-0.0010241264922115079,0.8846921598521161,16.177180412853854,0.7881110591888427,27.920366800535703,4.354676478131751
background_removal,1,cue:thermal_injection,perturbed,0.1,500,0.806,0.782,0.762,-2.0000000000000018,-0.8333333333333334,4,14,-10,0.03669724770642202,0.03580562659846547,0.89,0.868,8,4,19,0.076,-0.009479829853658885,0.8846921598521161,15.934275755224702,0.7677706679105759,26.848275200318312,4.354676478131751
background_removal,1,cue:border_strengthening,clean,0.1,500,0.806,0.782,0.778,-0.40000000000000036,-0.16666666666666666,2,4,-2,0.01834862385321101,0.010230179028132993,0.89,0.884,4,3,7,0.022,8.330017809566925e-05,0.8846921598521161,16.210129357819493,0.7890855077505111,0.5871633998467587,4.354676478131751
background_removal,1,cue:depth_boundary_emphasis,clean,0.1,500,0.806,0.782,0.766,-1.6000000000000014,-0.6666666666666666,1,9,-8,0.009174311926605505,0.023017902813299233,0.89,0.882,5,4,9,0.034,-0.004597651679931005,0.8846921598521161,16.205048110099636,0.7884684522151947,1.1080526001751423,4.354676478131751
background_removal,1,cue:entity_background_separation,clean,0.1,500,0.806,0.782,0.776,-0.6000000000000005,-0.25,3,6,-3,0.027522935779816515,0.015345268542199489,0.89,0.888,6,4,7,0.032,-0.0011128355321670825,0.8846921598521161,16.053901426368643,0.7852862716913224,1.0129676001670305,4.354676478131751
background_removal,1,cue:shadow_reinforcement,clean,0.2,500,0.806,0.782,0.776,-0.6000000000000005,-0.25,4,7,-3,0.03669724770642202,0.017902813299232736,0.89,0.894,9,6,7,0.05,-3.205107440589927e-05,0.8846921598521161,15.722142482335029,0.7767632355690003,0.3897158001200296,4.354676478131751
background_removal,1,cue:contrast_luminance,clean,0.1,500,0.806,0.782,0.776,-0.6000000000000005,-0.25,1,4,-3,0.009174311926605505,0.010230179028132993,0.89,0.888,3,2,4,0.02,-0.0008372674635793374,0.8846921598521161,16.174738526030882,0.7880243195295333,1.9894914000760764,4.354676478131751
background_removal,1,cue:thermal_injection,clean,0.1,500,0.806,0.782,0.768,-1.4000000000000012,-0.5833333333333334,6,13,-7,0.05504587155963303,0.03324808184143223,0.89,0.87,8,3,18,0.072,-0.00849530185831827,0.8846921598521161,15.88224188133806,0.7659137896299362,0.875903200590983,4.323712128128136
background_removal,1,cue:border_strengthening,mismatched,0.1,500,0.806,0.782,0.78,-0.20000000000000018,-0.08333333333333333,7,8,-1,0.06422018348623854,0.020460358056265986,0.89,0.874,4,1,12,0.046,-0.004641030143749958,0.8846921598521161,16.209249574930993,0.7867443649768829,0.590486400295049,4.323712128128136
background_removal,1,cue:depth_boundary_emphasis,mismatched,0.1,500,0.806,0.782,0.788,0.6000000000000005,0.25,9,6,3,0.08256880733944955,0.015345268542199489,0.89,0.874,5,2,13,0.052,-0.006453266564043588,0.8846921598521161,16.204873743372822,0.782676268696785,1.1124456003017258,4.323712128128136
background_removal,1,cue:entity_background_separation,mismatched,0.1,500,0.806,0.782,0.772,-1.0000000000000009,-0.4166666666666667,3,8,-5,0.027522935779816515,0.020460358056265986,0.89,0.88,3,2,8,0.04,-0.005455832111987548,0.8846921598521161,16.011405933050384,0.782934730887413,1.0377593997109216,4.323712128128136
background_removal,1,cue:shadow_reinforcement,mismatched,0.2,500,0.806,0.782,0.766,-1.6000000000000014,-0.6666666666666666,6,14,-8,0.05504587155963303,0.03580562659846547,0.89,0.876,9,5,16,0.066,-0.0062950381067748825,0.8846921598521161,15.541316555400964,0.7672996302843094,0.3801580005965661,4.323712128128136
background_removal,1,cue:contrast_luminance,mismatched,0.1,500,0.806,0.782,0.782,0.0,0.0,3,3,0,0.027522935779816515,0.0076726342710997444,0.89,0.886,3,1,5,0.024,-0.000427926660340745,0.8846921598521161,16.170823110691064,0.7881419167518616,1.9766969996271655,4.323712128128136
background_removal,1,cue:thermal_injection,mismatched,0.1,500,0.806,0.782,0.766,-1.6000000000000014,-0.6666666666666666,11,19,-8,0.10091743119266056,0.04859335038363171,0.89,0.862,11,7,25,0.098,-0.015000327815534547,0.8846921598521161,15.859484345199325,0.7630232002735138,0.8673709999129642,4.323712128128136
background_removal,1,detector+cue:border_strengthening,perturbed,0.1,500,0.806,0.782,0.782,0.0,0.0,4,4,0,0.03669724770642202,0.010230179028132993,0.89,0.892,6,3,5,0.026,0.0018799915433264686,0.8846921598521161,16.207951610021922,0.7890217669010162,124.9454742007365,4.323712128128136
background_removal,1,detector+cue:depth_boundary_emphasis,perturbed,0.1,500,0.806,0.782,0.772,-1.0000000000000009,-0.4166666666666667,2,7,-5,0.01834862385321101,0.017902813299232736,0.89,0.882,5,3,9,0.04,-0.0051651603993705065,0.8846921598521161,16.20824823627627,0.7884018224477768,125.4910290009575,4.323712128128136
background_removal,1,detector+cue:entity_background_separation,perturbed,0.1,500,0.806,0.782,0.776,-0.6000000000000005,-0.25,3,6,-3,0.027522935779816515,0.015345268542199489,0.89,0.89,6,4,6,0.032,-5.373067378968699e-05,0.8846921598521161,16.056023979615468,0.7854224538803101,125.35760700082756,4.323712128128136
background_removal,1,detector+cue:shadow_reinforcement,perturbed,0.2,500,0.806,0.782,0.78,-0.20000000000000018,-0.08333333333333333,5,6,-1,0.045871559633027525,0.015345268542199489,0.89,0.886,7,4,9,0.042,-0.00011948552296234994,0.8846921598521161,15.681879395185018,0.7765841547250748,124.7466210006387,4.323712128128136
background_removal,1,detector+cue:contrast_luminance,perturbed,0.1,500,0.806,0.782,0.774,-0.8000000000000007,-0.3333333333333333,1,5,-4,0.009174311926605505,0.01278772378516624,0.89,0.89,4,3,4,0.02,-0.0010241264922115079,0.8846921598521161,16.177180412853854,0.7881110591888427,126.35414020039025,4.323712128128136
background_removal,1,detector+cue:thermal_injection,perturbed,0.1,500,0.806,0.782,0.762,-2.0000000000000018,-0.8333333333333334,4,14,-10,0.03669724770642202,0.03580562659846547,0.89,0.868,8,4,19,0.076,-0.009479829853658885,0.8846921598521161,15.934275755224702,0.7677706679105759,125.24028740118956,4.323712128128136
background_removal,2,none,unused,,500,0.806,0.73,0.73,0.0,0.0,0,0,0,0.0,0.0,0.802,0.802,0,0,0,0.0,0.0,0.8069350918556336,14.24248991117144,0.6564480212330818,0.0,4.323712128128136
background_removal,2,oracle_classical,unused,,500,0.806,0.73,0.73,0.0,0.0,0,0,0,0.0,0.0,0.802,0.802,0,0,0,0.0,0.0,0.8069350918556336,14.24248991117144,0.6564480212330818,0.07728899971698411,4.323712128128136
background_removal,2,detector_classical,unused,,500,0.806,0.73,0.73,0.0,0.0,0,0,0,0.0,0.0,0.802,0.802,0,0,0,0.0,0.0,0.8069350918556336,14.24248991117144,0.6564480212330818,97.0310452003323,4.323712128128136
background_removal,2,baseline:unsharp,unused,0.1,500,0.806,0.73,0.73,0.0,0.0,7,7,0,0.05185185185185185,0.019178082191780823,0.802,0.806,9,3,7,0.06,-0.0036069312472191088,0.8069350918556336,14.198203897330703,0.6521785816550255,0.49967180061503313,4.323712128128136
background_removal,2,baseline:autocontrast,unused,0.3,500,0.806,0.73,0.736,0.6000000000000005,0.07894736842105263,3,0,3,0.022222222222222223,0.0,0.802,0.808,3,0,0,0.018,0.0007404236137863336,0.8069350918556336,14.10199039254053,0.6541958057284355,1.2103127999289427,4.323712128128136
background_removal,2,baseline:clahe,unused,0.1,500,0.806,0.73,0.73,0.0,0.0,2,2,0,0.014814814814814815,0.005479452054794521,0.802,0.802,3,1,3,0.04,-0.0026504117953973037,0.8069350918556336,14.190985734052818,0.6546555664539337,1.3741998000477906,4.323712128128136
background_removal,2,cue:border_strengthening,perturbed,0.1,500,0.806,0.73,0.732,0.20000000000000018,0.02631578947368421,3,2,1,0.022222222222222223,0.005479452054794521,0.802,0.806,4,1,2,0.024,-8.685773935212637e-05,0.8069350918556336,14.233949103274256,0.6557921034693718,26.70625500040478,4.323712128128136
background_removal,2,cue:depth_boundary_emphasis,perturbed,0.1,500,0.806,0.73,0.726,-0.40000000000000036,-0.05263157894736842,6,8,-2,0.044444444444444446,0.021917808219178082,0.802,0.796,7,3,10,0.072,-0.006899924370361987,0.8069350918556336,14.244475549709533,0.6553950377106667,27.20047879993217,4.323712128128136
background_removal,2,cue:entity_background_separation,perturbed,0.1,500,0.806,0.73,0.732,0.20000000000000018,0.02631578947368421,5,4,1,0.037037037037037035,0.010958904109589041,0.802,0.804,5,1,4,0.038,-0.00031170359757925326,0.8069350918556336,14.242668852133692,0.6533086210489273,27.1040256000706,4.323712128128136
background_removal,2,cue:shadow_reinforcement,perturbed,0.2,500,0.806,0.73,0.734,0.40000000000000036,0.05263157894736842,6,4,2,0.044444444444444446,0.010958904109589041,0.802,0.808,7,2,4,0.052,-0.00241480947970922,0.8069350918556336,14.057975536312563,0.6470307247638702,26.50624520063866,4.323712128128136
background_removal,2,cue:contrast_luminance,perturbed,0.1,500,0.806,0.73,0.73,0.0,0.0,2,2,0,0.014814814814814815,0.005479452054794521,0.802,0.804,3,1,2,0.024,-0.0016566177254044305,0.8069350918556336,14.213511284987035,0.6552685130238532,28.070889999944484,4.323712128128136
background_removal,2,cue:thermal_injection,perturbed,0.1,500,0.806,0.73,0.722,-0.8000000000000007,-0.10526315789473684,11,15,-4,0.08148148148148149,0.0410958904109589,0.802,0.784,10,3,19,0.11,-0.015445787786025903,0.8069350918556336,14.163397380502394,0.6396572921872139,27.007922800199594,4.323712128128136
background_removal,2,cue:border_strengthening,clean,0.1,500,0.806,0.73,0.732,0.20000000000000018,0.02631578947368421,4,3,1,0.02962962962962963,0.00821917808219178,0.802,0.806,5,2,3,0.036,0.00240366976610494,0.8069350918556336,14.234780355992655,0.6558359838724136,0.5880810004600789,4.323712128128136
background_removal,2,cue:depth_boundary_emphasis,clean,0.1,500,0.806,0.73,0.736,0.6000000000000005,0.07894736842105263,9,6,3,0.06666666666666667,0.01643835616438356,0.802,0.802,9,2,9,0.072,-0.001083581385328216,0.8069350918556336,14.246183842793336,0.6554722625017166,1.1361071998253465,4.323712128128136
background_removal,2,cue:entity_background_separation,clean,0.1,500,0.806,0.73,0.736,0.6000000000000005,0.07894736842105263,5,2,3,0.037037037037037035,0.005479452054794521,0.802,0.812,7,2,2,0.036,0.0015701710067496605,0.8069350918556336,14.222024006917819,0.6529885265827179,1.0152507999446243,4.323712128128136
background_removal,2,cue:shadow_reinforcement,clean,0.2,500,0.806,0.73,0.732,0.20000000000000018,0.02631578947368421,6,5,1,0.044444444444444446,0.0136986301369863,0.802,0.812,9,3,4,0.056,-6.339598744852992e-05,0.8069350918556336,14.05979673902252,0.646962817132473,0.395459200051846,4.323712128128136
background_removal,2,cue:contrast_luminance,clean,0.1,500,0.806,0.73,0.728,-0.20000000000000018,-0.02631578947368421,1,2,-1,0.007407407407407408,0.005479452054794521,0.802,0.802,3,2,3,0.04,-0.0013758310304820042,0.8069350918556336,14.208154593474292,0.6550893360972404,1.9469746002578177,4.323712128128136
background_removal,2,cue:thermal_injection,clean,0.1,500,0.806,0.73,0.734,0.40000000000000036,0.05263157894736842,15,13,2,0.1111111111111111,0.03561643835616438,0.802,0.798,14,4,16,0.114,-0.007361234732284629,0.8069350918556336,14.06674832759925,0.63695601272583,0.8761202000896446,4.323712128128136
background_removal,2,cue:border_strengthening,mismatched,0.1,500,0.806,0.73,0.726,-0.40000000000000036,-0.05263157894736842,5,7,-2,0.037037037037037035,0.019178082191780823,0.802,0.802,7,2,7,0.052,-0.003362858678925477,0.8069350918556336,14.234698281021604,0.6535926063060761,0.5874179996608291,4.323712128128136
background_removal,2,cue:depth_boundary_emphasis,mismatched,0.1,500,0.806,0.73,0.738,0.8000000000000007,0.10526315789473684,10,6,4,0.07407407407407407,0.01643835616438356,0.802,0.804,9,1,8,0.076,-0.0060950240903694065,0.8069350918556336,14.243710316527336,0.6499723146557808,1.243302600021707,4.328476593747382
background_removal,2,cue:entity_background_separation,mismatched,0.1,500,0.806,0.73,0.716,-1.4000000000000012,-0.18421052631578946,5,12,-7,0.037037037037037035,0.03287671232876712,0.802,0.79,6,1,12,0.072,-0.006685636136347967,0.8069350918556336,14.193438700775253,0.6507592195272446,1.0275584002083633,4.328476593747382
background_removal,2,cue:shadow_reinforcement,mismatched,0.2,500,0.806,0.73,0.726,-0.40000000000000036,-0.05263157894736842,10,12,-2,0.07407407407407407,0.03287671232876712,0.802,0.786,9,2,17,0.094,-0.009857281995029553,0.8069350918556336,13.93571618557497,0.6377288210391998,0.3817418002872728,4.328476593747382
background_removal,2,cue:contrast_luminance,mismatched,0.1,500,0.806,0.73,0.728,-0.20000000000000018,-0.02631578947368421,2,3,-1,0.014814814814814815,0.00821917808219178,0.802,0.804,4,2,3,0.038,-0.0029716169430575976,0.8069350918556336,14.20685121760304,0.6552857581973076,1.9503436000959482,4.328476593747382
background_removal,2,cue:thermal_injection,mismatched,0.1,500,0.806,0.73,0.714,-1.6000000000000014,-0.21052631578947367,11,19,-8,0.08148148148148149,0.052054794520547946,0.802,0.772,10,3,25,0.14,-0.02211749397698475,0.8069350918556336,14.061778575174486,0.6348663505911827,0.869742799695814,4.328476593747382
background_removal,2,detector+cue:border_strengthening,perturbed,0.1,500,0.806,0.73,0.732,0.20000000000000018,0.02631578947368421,3,2,1,0.022222222222222223,0.005479452054794521,0.802,0.806,4,1,2,0.024,-8.685773935212637e-05,0.8069350918556336,14.233949103274256,0.6557921034693718,123.74668400050723,4.328476593747382
background_removal,2,detector+cue:depth_boundary_emphasis,perturbed,0.1,500,0.806,0.73,0.726,-0.40000000000000036,-0.05263157894736842,6,8,-2,0.044444444444444446,0.021917808219178082,0.802,0.796,7,3,10,0.072,-0.006899924370361987,0.8069350918556336,14.244475549709533,0.6553950377106667,124.25968120034668,4.328476593747382
background_removal,2,detector+cue:entity_background_separation,perturbed,0.1,500,0.806,0.73,0.732,0.20000000000000018,0.02631578947368421,5,4,1,0.037037037037037035,0.010958904109589041,0.802,0.804,5,1,4,0.038,-0.00031170359757925326,0.8069350918556336,14.242668852133692,0.6533086210489273,124.17547920052311,4.328476593747382
background_removal,2,detector+cue:shadow_reinforcement,perturbed,0.2,500,0.806,0.73,0.734,0.40000000000000036,0.05263157894736842,6,4,2,0.044444444444444446,0.010958904109589041,0.802,0.808,7,2,4,0.052,-0.00241480947970922,0.8069350918556336,14.057975536312563,0.6470307247638702,123.53322340038721,4.328476593747382
background_removal,2,detector+cue:contrast_luminance,perturbed,0.1,500,0.806,0.73,0.73,0.0,0.0,2,2,0,0.014814814814814815,0.005479452054794521,0.802,0.804,3,1,2,0.024,-0.0016566177254044305,0.8069350918556336,14.213511284987035,0.6552685130238532,125.1189028006338,4.328476593747382
background_removal,2,detector+cue:thermal_injection,perturbed,0.1,500,0.806,0.73,0.722,-0.8000000000000007,-0.10526315789473684,11,15,-4,0.08148148148148149,0.0410958904109589,0.802,0.784,10,3,19,0.11,-0.015445787786025903,0.8069350918556336,14.163397380502394,0.6396572921872139,124.03798940053093,4.328476593747382
background_removal,3,none,unused,,500,0.806,0.566,0.566,0.0,0.0,0,0,0,0.0,0.0,0.592,0.592,0,0,0,0.0,0.0,0.6408253540810992,12.784617996784894,0.5069528429508209,0.0,4.328476593747382
background_removal,3,oracle_classical,unused,,500,0.806,0.566,0.566,0.0,0.0,0,0,0,0.0,0.0,0.592,0.592,0,0,0,0.0,0.0,0.6408253540810992,12.784617996784894,0.5069528429508209,0.07890199989196844,4.328476593747382
background_removal,3,detector_classical,unused,,500,0.806,0.566,0.566,0.0,0.0,0,0,0,0.0,0.0,0.592,0.592,0,0,0,0.0,0.0,0.6408253540810992,12.784617996784894,0.5069528429508209,95.99622800055658,4.328476593747382
background_removal,3,baseline:unsharp,unused,0.1,500,0.806,0.566,0.566,0.0,0.0,7,7,0,0.03225806451612903,0.024734982332155476,0.592,0.59,7,1,8,0.128,-0.0020258858383622284,0.6408253540810992,12.757087639734422,0.5042091071009636,0.4954428001656197,4.328476593747382
background_removal,3,baseline:autocontrast,unused,0.3,500,0.806,0.566,0.57,0.40000000000000036,0.016666666666666673,3,1,2,0.013824884792626729,0.0035335689045936395,0.592,0.598,4,1,1,0.034,0.001467553751253945,0.6408253540810992,12.55778298245681,0.5036635025143623,1.1298146001645364,4.328476593747382
background_removal,3,baseline:clahe,unused,0.1,500,0.806,0.566,0.564,-0.20000000000000018,-0.008333333333333337,7,8,-1,0.03225806451612903,0.028268551236749116,0.592,0.586,7,1,10,0.08,-0.0017694118726558372,0.6408253540810992,12.742565896299169,0.5058062208294869,1.370728000125382,4.328476593747382
background_removal,3,cue:border_strengthening,perturbed,0.1,500,0.806,0.566,0.564,-0.20000000000000018,-0.008333333333333337,7,8,-1,0.03225806451612903,0.028268551236749116,0.592,0.59,7,0,8,0.072,-0.0036277292023751215,0.6408253540810992,12.775691443030128,0.5063696486353875,27.111801800579997,4.328476593747382
background_removal,3,cue:depth_boundary_emphasis,perturbed,0.1,500,0.806,0.566,0.562,-0.39999999999998925,-0.016666666666666212,10,12,-2,0.04608294930875576,0.04240282685512368,0.592,0.588,11,2,13,0.148,-0.008223260418462814,0.6408253540810992,12.792061159660753,0.5059719853401184,27.608941399899777,4.328476593747382
background_removal,3,cue:entity_background_separation,perturbed,0.1,500,0.806,0.566,0.562,-0.39999999999998925,-0.016666666666666212,6,8,-2,0.027649769585253458,0.028268551236749116,0.592,0.584,6,0,10,0.088,-0.0015191376381071676,0.6408253540810992,12.87434101455749,0.5051791909337043,27.53301759986789,4.328476593747382
background_removal,3,cue:shadow_reinforcement,perturbed,0.2,500,0.806,0.566,0.558,-0.7999999999999896,-0.03333333333333289,8,12,-4,0.03686635944700461,0.04240282685512368,0.592,0.588,9,1,11,0.118,-0.0026416646194429632,0.6408253540810992,12.788191165761114,0.5012693494558335,26.897273399925325,4.328476593747382
background_removal,3,cue:contrast_luminance,perturbed,0.1,500,0.806,0.566,0.562,-0.39999999999998925,-0.016666666666666212,2,4,-2,0.009216589861751152,0.014134275618374558,0.592,0.588,2,0,4,0.046,-0.001304516592199434,0.6408253540810992,12.76031144460289,0.5061828206777572,28.45564400020521,4.328476593747382
background_removal,3,cue:thermal_injection,perturbed,0.1,500,0.806,0.566,0.532,-3.399999999999992,-0.14166666666666627,11,28,-17,0.05069124423963134,0.0989399293286219,0.592,0.562,16,5,31,0.256,-0.019356425413366195,0.6408253540810992,12.8100956679573,0.49629236274957655,27.414602600154467,4.328476593747382
background_removal,3,cue:border_strengthening,clean,0.1,500,0.806,0.566,0.572,0.6000000000000005,0.025000000000000012,10,7,3,0.04608294930875576,0.024734982332155476,0.592,0.598,11,2,8,0.128,0.007258939014313,0.6408253540810992,12.77563159727639,0.5063230538368225,0.5948848002881277,4.328476593747382
background_removal,3,cue:depth_boundary_emphasis,clean,0.1,500,0.806,0.566,0.578,1.200000000000001,0.050000000000000024,15,9,6,0.06912442396313365,0.03180212014134275,0.592,0.608,16,3,8,0.184,0.010338844005227657,0.6408253540810992,12.79811384835629,0.5063267694711685,1.1282684001489542,4.328476593747382
background_removal,3,cue:entity_background_separation,clean,0.1,500,0.806,0.566,0.564,-0.20000000000000018,-0.008333333333333337,8,9,-1,0.03686635944700461,0.03180212014134275,0.592,0.596,11,3,9,0.122,0.009953117312474205,0.6408253540810992,12.82978358366381,0.5041158193945885,1.0165705997787882,4.328476593747382
background_removal,3,cue:shadow_reinforcement,clean,0.2,500,0.806,0.566,0.57,0.40000000000000036,0.016666666666666673,13,11,2,0.059907834101382486,0.038869257950530034,0.592,0.604,17,4,11,0.19,0.016648265900737896,0.6408253540810992,12.727552422360597,0.4991608105301857,0.39111599966418,4.328476593747382
background_removal,3,cue:contrast_luminance,clean,0.1,500,0.806,0.566,0.562,-0.39999999999998925,-0.016666666666666212,4,6,-2,0.018433179723502304,0.02120141342756184,0.592,0.584,4,1,8,0.076,-0.0015230602067567815,0.6408253540810992,12.75282191031798,0.5059387512207031,1.9591725995123852,4.328476593747382
background_removal,3,cue:thermal_injection,clean,0.1,500,0.806,0.566,0.576,1.0000000000000009,0.041666666666666685,22,17,5,0.10138248847926268,0.06007067137809187,0.592,0.604,25,6,19,0.28,0.010881770434790269,0.6408253540810992,12.683707476210966,0.49272392973303797,0.8910722000582609,4.328476593747382
background_removal,3,cue:border_strengthening,mismatched,0.1,500,0.806,0.566,0.552,-1.3999999999999901,-0.0583333333333329,7,14,-7,0.03225806451612903,0.04946996466431095,0.592,0.582,10,3,15,0.152,-0.0035604116479316873,0.6408253540810992,12.776037473570552,0.5041857313513756,0.5904641999513842,4.328476593747382
background_removal,3,cue:depth_boundary_emphasis,mismatched,0.1,500,0.806,0.566,0.56,-0.5999999999999894,-0.02499999999999955,12,15,-3,0.055299539170506916,0.053003533568904596,0.592,0.578,12,1,19,0.194,-0.0011813244266577385,0.6408253540810992,12.794449021947822,0.5010611366033554,1.13036640023347,4.328476593747382
background_removal,3,cue:entity_background_separation,mismatched,0.1,500,0.806,0.566,0.56,-0.5999999999999894,-0.02499999999999955,12,15,-3,0.055299539170506916,0.053003533568904596,0.592,0.576,10,0,18,0.186,-0.0028140473168750757,0.6408253540810992,12.821334918393326,0.5024931554198265,1.0418540000973735,4.328476593747382
background_removal,3,cue:shadow_reinforcement,mismatched,0.2,500,0.806,0.566,0.562,-0.39999999999998925,-0.016666666666666212,13,15,-2,0.059907834101382486,0.053003533568904596,0.592,0.582,13,1,18,0.228,-0.004995830132025276,0.6408253540810992,12.674881380142894,0.49197778540849685,0.4205497999500949,4.361305737499606
background_removal,3,cue:contrast_luminance,mismatched,0.1,500,0.806,0.566,0.566,0.0,0.0,5,5,0,0.02304147465437788,0.0176678445229682,0.592,0.592,6,1,6,0.066,-0.0026654890565350796,0.6408253540810992,12.753990106037635,0.5061707910895348,1.9649294000701047,4.361305737499606
background_removal,3,cue:thermal_injection,mismatched,0.1,500,0.806,0.566,0.548,-1.7999999999999905,-0.07499999999999957,17,26,-9,0.07834101382488479,0.09187279151943463,0.592,0.58,20,4,26,0.292,-0.020710326294104846,0.6408253540810992,12.693654735082662,0.4910724849104881,0.8706137999834027,4.361305737499606
background_removal,3,detector+cue:border_strengthening,perturbed,0.1,500,0.806,0.566,0.564,-0.20000000000000018,-0.008333333333333337,7,8,-1,0.03225806451612903,0.028268551236749116,0.592,0.59,7,0,8,0.072,-0.0036277292023751215,0.6408253540810992,12.775691443030128,0.5063696486353875,123.10311640059808,4.361305737499606
background_removal,3,detector+cue:depth_boundary_emphasis,perturbed,0.1,500,0.806,0.566,0.562,-0.39999999999998925,-0.016666666666666212,10,12,-2,0.04608294930875576,0.04240282685512368,0.592,0.588,11,2,13,0.148,-0.008223260418462814,0.6408253540810992,12.792061159660753,0.5059719853401184,123.59411920091952,4.361305737499606
background_removal,3,detector+cue:entity_background_separation,perturbed,0.1,500,0.806,0.566,0.562,-0.39999999999998925,-0.016666666666666212,6,8,-2,0.027649769585253458,0.028268551236749116,0.592,0.584,6,0,10,0.088,-0.0015191376381071676,0.6408253540810992,12.87434101455749,0.5051791909337043,123.52412680070847,4.361305737499606
background_removal,3,detector+cue:shadow_reinforcement,perturbed,0.2,500,0.806,0.566,0.558,-0.7999999999999896,-0.03333333333333289,8,12,-4,0.03686635944700461,0.04240282685512368,0.592,0.588,9,1,11,0.118,-0.0026416646194429632,0.6408253540810992,12.788191165761114,0.5012693494558335,122.8831380007905,4.361305737499606
background_removal,3,detector+cue:contrast_luminance,perturbed,0.1,500,0.806,0.566,0.562,-0.39999999999998925,-0.016666666666666212,2,4,-2,0.009216589861751152,0.014134275618374558,0.592,0.588,2,0,4,0.046,-0.001304516592199434,0.6408253540810992,12.76031144460289,0.5061828206777572,124.41950240105507,4.361305737499606
background_removal,3,detector+cue:thermal_injection,perturbed,0.1,500,0.806,0.566,0.532,-3.399999999999992,-0.14166666666666627,11,28,-17,0.05069124423963134,0.0989399293286219,0.592,0.562,16,5,31,0.256,-0.019356425413366195,0.6408253540810992,12.8100956679573,0.49629236274957655,123.37223280084436,4.361305737499606
rand_augment,1,none,unused,,500,0.806,0.752,0.752,0.0,0.0,0,0,0,0.0,0.0,0.87,0.87,0,0,0,0.0,0.0,0.8622365737267783,18.4376786547049,0.5502192777656019,0.0,4.361305737499606
rand_augment,1,detector_classical,unused,,500,0.806,0.752,0.75,-0.20000000000000018,-0.037037037037037035,0,1,-1,0.0,0.0026595744680851063,0.87,0.866,0,0,2,0.006,-0.0012749562212266028,0.8622365737267783,18.39446350264312,0.5499791134558618,105.51816580051673,4.361305737499606
rand_augment,1,baseline:unsharp,unused,0.1,500,0.806,0.752,0.75,-0.20000000000000018,-0.037037037037037035,6,7,-1,0.04838709677419355,0.018617021276595744,0.87,0.864,7,4,10,0.04,-0.0027812534999029593,0.8622365737267783,17.406964150597247,0.5384673611484468,1.141358599445084,4.361305737499606
rand_augment,1,baseline:autocontrast,unused,0.3,500,0.806,0.752,0.754,0.20000000000000018,0.037037037037037035,1,0,1,0.008064516129032258,0.0,0.87,0.866,0,0,2,0.004,0.0011472067819559015,0.8622365737267783,18.565847431294845,0.5492259652465582,1.7321242000325583,4.361305737499606
rand_augment,1,baseline:clahe,unused,0.1,500,0.806,0.752,0.758,0.6000000000000005,0.1111111111111111,3,0,3,0.024193548387096774,0.0,0.87,0.87,3,1,3,0.016,-0.0005673094493031385,0.8622365737267783,17.99367337684914,0.5463622141070664,1.8871274001721758,4.361305737499606
rand_augment,1,cue:border_strengthening,perturbed,0.1,500,0.806,0.752,0.758,0.6000000000000005,0.1111111111111111,3,0,3,0.024193548387096774,0.0,0.87,0.87,2,1,2,0.01,-0.0012409558631188702,0.8622365737267783,18.539494859565348,0.5495885873809457,28.50981320036226,4.361305737499606
rand_augment,1,cue:depth_boundary_emphasis,perturbed,0.1,500,0.806,0.752,0.754,0.20000000000000018,0.037037037037037035,1,0,1,0.008064516129032258,0.0,0.87,0.87,3,2,3,0.018,-0.0015273929662362206,0.8622365737267783,18.012418018620338,0.5493207457214594,29.093873600126244,4.361305737499606
rand_augment,1,cue:entity_background_separation,perturbed,0.1,500,0.806,0.752,0.754,0.20000000000000018,0.037037037037037035,2,1,1,0.016129032258064516,0.0026595744680851063,0.87,0.88,7,6,2,0.024,-0.0004772395112959202,0.8622365737267783,16.548615801496396,0.5521309358924628,28.989099400379928,4.361305737499606
rand_augment,1,cue:shadow_reinforcement,perturbed,0.2,500,0.806,0.752,0.754,0.20000000000000018,0.037037037037037035,5,4,1,0.04032258064516129,0.010638297872340425,0.87,0.874,8,4,6,0.038,-0.0011536353968404,0.8622365737267783,15.484585831790483,0.5484079514220357,28.27027520001866,4.361305737499606
rand_augment,1,cue:contrast_luminance,perturbed,0.1,500,0.806,0.752,0.754,0.20000000000000018,0.037037037037037035,1,0,1,0.008064516129032258,0.0,0.87,0.872,3,2,2,0.012,-0.0008473802529406385,0.8622365737267783,18.24614985895412,0.5479537119977176,30.3351140000741,4.361305737499606
rand_augment,1,cue:thermal_injection,perturbed,0.1,500,0.806,0.752,0.746,-0.6000000000000005,-0.1111111111111111,10,13,-3,0.08064516129032258,0.034574468085106384,0.87,0.842,12,8,26,0.094,-0.010777523456134077,0.8622365737267783,16.441361588343927,0.5494906882271171,29.281314200663473,4.361305737499606
rand_augment,1,cue:border_strengthening,clean,0.1,500,0.806,0.752,0.758,0.6000000000000005,0.1111111111111111,3,0,3,0.024193548387096774,0.0,0.87,0.876,4,2,1,0.01,-0.0014441116656089435,0.8622365737267783,18.538843729691852,0.549465217448771,0.3992501995235216,4.361305737499606
rand_augment,1,cue:depth_boundary_emphasis,clean,0.1,500,0.806,0.752,0.75,-0.20000000000000018,-0.037037037037037035,1,2,-1,0.008064516129032258,0.005319148936170213,0.87,0.86,2,1,7,0.026,-0.002579162415691826,0.8622365737267783,18.015869566240646,0.5497455327250064,0.9810548002424184,4.361305737499606
rand_augment,1,cue:entity_background_separation,clean,0.1,500,0.806,0.752,0.75,-0.20000000000000018,-0.037037037037037035,1,2,-1,0.008064516129032258,0.005319148936170213,0.87,0.88,7,6,2,0.026,-0.0008906366257360787,0.8622365737267783,16.543534605189315,0.5513157746270299,0.8599734001909383,4.361305737499606
rand_augment,1,cue:shadow_reinforcement,clean,0.2,500,0.806,0.752,0.754,0.20000000000000018,0.037037037037037035,5,4,1,0.04032258064516129,0.010638297872340425,0.87,0.876,10,6,7,0.046,-0.00489607128638454,0.8622365737267783,15.479608947658694,0.5462541479691863,0.1723484001122415,4.361305737499606
rand_augment,1,cue:contrast_luminance,clean,0.1,500,0.806,0.752,0.76,0.8000000000000007,0.14814814814814814,4,0,4,0.03225806451612903,0.0,0.87,0.868,3,1,4,0.018,-0.0004861770804200205,0.8622365737267783,18.2452852033042,0.5478855919502675,2.1526742001296952,4.361305737499606
rand_augment,1,cue:thermal_injection,clean,0.1,500,0.806,0.752,0.744,-0.8000000000000007,-0.14814814814814814,14,18,-4,0.11290322580645161,0.047872340425531915,0.87,0.848,18,11,29,0.114,-0.014024807043912006,0.8622365737267783,16.361913985868348,0.5465766557306051,1.0908915997715667,4.361305737499606
rand_augment,1,cue:border_strengthening,mismatched,0.1,500,0.806,0.752,0.76,0.8000000000000007,0.14814814814814814,4,0,4,0.03225806451612903,0.0,0.87,0.874,4,1,2,0.02,-0.0010924866286004544,0.8622365737267783,18.59160792282376,0.5477234823666512,0.4044296005158685,4.361305737499606
rand_augment,1,cue:depth_boundary_emphasis,mismatched,0.1,500,0.806,0.752,0.76,0.8000000000000007,0.14814814814814814,4,0,4,0.03225806451612903,0.0,0.87,0.862,1,0,5,0.028,-0.001542758077266626,0.8622365737267783,17.99574484997718,0.5443183410018683,0.938097399630351,4.361305737499606
rand_augment,1,cue:entity_background_separation,mismatched,0.1,500,0.806,0.752,0.752,0.0,0.0,3,3,0,0.024193548387096774,0.007978723404255319,0.87,0.868,3,2,4,0.022,-0.002902980746643152,0.8622365737267783,16.514129943837702,0.5497756734341382,0.8286485997959971,4.361305737499606
rand_augment,1,cue:shadow_reinforcement,mismatched,0.2,500,0.806,0.752,0.758,0.6000000000000005,0.1111111111111111,7,4,3,0.056451612903225805,0.010638297872340425,0.87,0.874,10,5,8,0.046,-0.007442840361800335,0.8622365737267783,15.428625695095063,0.5416445682272315,0.17609640036243945,4.361305737499606
rand_augment,1,cue:contrast_luminance,mismatched,0.1,500,0.806,0.752,0.754,0.20000000000000018,0.037037037037037035,2,1,1,0.016129032258064516,0.0026595744680851063,0.87,0.868,2,1,3,0.012,-0.0005535139272978995,0.8622365737267783,18.250138798360997,0.5477871686555446,2.08416920050513,4.361305737499606
rand_augment,1,cue:thermal_injection,mismatched,0.1,500,0.806,0.752,0.754,0.20000000000000018,0.037037037037037035,12,11,1,0.0967741935483871,0.02925531914893617,0.87,0.846,9,4,21,0.07,-0.015239540599221073,0.8622365737267783,16.3391396698139,0.5414335734546184,1.0281893996580038,4.361305737499606
rand_augment,1,detector+cue:border_strengthening,perturbed,0.1,500,0.806,0.752,0.756,0.40000000000000036,0.07407407407407407,3,1,2,0.024193548387096774,0.0026595744680851063,0.87,0.866,2,1,4,0.014,-0.002805132666195277,0.8622365737267783,18.5101522148317,0.5493478226438164,134.05894840098335,4.365629203129629
rand_augment,1,detector+cue:depth_boundary_emphasis,perturbed,0.1,500,0.806,0.752,0.752,0.0,0.0,1,1,0,0.008064516129032258,0.0026595744680851063,0.87,0.868,3,2,4,0.022,-0.0033704473687976135,0.8622365737267783,17.99603754643567,0.5490709104388952,134.50402640076936,4.365629203129629
rand_augment,1,detector+cue:entity_background_separation,perturbed,0.1,500,0.806,0.752,0.752,0.0,0.0,2,2,0,0.016129032258064516,0.005319148936170213,0.87,0.878,7,6,3,0.028,-0.0016027414249256253,0.8622365737267783,16.54468079492128,0.5517888811826706,134.38413900043815,4.365629203129629
rand_augment,1,detector+cue:shadow_reinforcement,perturbed,0.2,500,0.806,0.752,0.756,0.40000000000000036,0.07407407407407407,5,3,2,0.04032258064516129,0.007978723404255319,0.87,0.876,8,4,5,0.038,-0.0018185076551890233,0.8622365737267783,15.482957016357108,0.5480055106654763,133.76669200125616,4.365629203129629
rand_augment,1,detector+cue:contrast_luminance,perturbed,0.1,500,0.806,0.752,0.752,0.0,0.0,1,1,0,0.008064516129032258,0.0026595744680851063,0.87,0.868,3,2,4,0.018,-0.0021858073654366307,0.8622365737267783,18.2241114839111,0.5477749254070222,135.6242692009837,4.365629203129629
rand_augment,1,detector+cue:thermal_injection,perturbed,0.1,500,0.806,0.752,0.744,-0.8000000000000007,-0.14814814814814814,10,14,-4,0.08064516129032258,0.03723404255319149,0.87,0.84,12,8,27,0.096,-0.012320837929633854,0.8622365737267783,16.437355571587492,0.5490916946008801,134.59211560108815,4.365629203129629
rand_augment,2,none,unused,,500,0.806,0.73,0.73,0.0,0.0,0,0,0,0.0,0.0,0.828,0.828,0,0,0,0.0,0.0,0.7748654696087005,15.13364343846101,0.46551618262100963,0.0,4.365629203129629
rand_augment,2,detector_classical,unused,,500,0.806,0.73,0.728,-0.20000000000000018,-0.02631578947368421,1,2,-1,0.007407407407407408,0.005479452054794521,0.828,0.83,3,2,2,0.014,-0.003161232136306353,0.7748654696087005,14.984608892387051,0.446994832588709,104.15676140054711,4.365629203129629
rand_augment,2,baseline:unsharp,unused,0.1,500,0.806,0.73,0.728,-0.20000000000000018,-0.02631578947368421,6,7,-1,0.044444444444444446,0.019178082191780823,0.828,0.816,4,0,10,0.034,-0.0008630945014592726,0.7748654696087005,14.788074704959028,0.4561542329089716,1.1644641998282168,4.365629203129629
rand_augment,2,baseline:autocontrast,unused,0.3,500,0.806,0.73,0.738,0.8000000000000007,0.10526315789473684,6,2,4,0.044444444444444446,0.005479452054794521,0.828,0.828,4,0,4,0.024,-0.0005795160048437537,0.7748654696087005,15.383446885795447,0.4665967997931875,1.7530153999396134,4.365629203129629
rand_augment,2,baseline:clahe,unused,0.1,500,0.806,0.73,0.732,0.20000000000000018,0.02631578947368421,3,2,1,0.022222222222222223,0.005479452054794521,0.828,0.824,2,1,4,0.02,-3.8286114468064624e-05,0.7748654696087005,15.157960496731102,0.4642526432387531,1.9122112000768539,4.365629203129629
rand_augment,2,cue:border_strengthening,perturbed,0.1,500,0.806,0.73,0.73,0.0,0.0,2,2,0,0.014814814814814815,0.005479452054794521,0.828,0.824,2,2,4,0.02,-0.0009622820292497636,0.7748654696087005,15.24952088289856,0.46502501075156033,28.371861399704358,4.365629203129629
rand_augment,2,cue:depth_boundary_emphasis,perturbed,0.1,500,0.806,0.73,0.73,0.0,0.0,2,2,0,0.014814814814814815,0.005479452054794521,0.828,0.828,3,1,3,0.014,-0.0015329476463448372,0.7748654696087005,14.996004347101783,0.4648414444909431,28.958760400448227,4.365629203129629
rand_augment,2,cue:entity_background_separation,perturbed,0.1,500,0.806,0.73,0.73,0.0,0.0,3,3,0,0.022222222222222223,0.00821917808219178,0.828,0.826,5,2,6,0.028,-0.0009261157698347233,0.7748654696087005,14.245758304474933,0.46742483258945866,28.8369010000024,4.365629203129629
rand_augment,2,cue:shadow_reinforcement,perturbed,0.2,500,0.806,0.73,0.738,0.8000000000000007,0.10526315789473684,7,3,4,0.05185185185185185,0.00821917808219178,0.828,0.834,9,2,6,0.042,-0.0007809911371878115,0.7748654696087005,13.628226618279514,0.46528662582766267,28.11809300040477,4.365629203129629
rand_augment,2,cue:contrast_luminance,perturbed,0.1,500,0.806,0.73,0.732,0.20000000000000018,0.02631578947368421,3,2,1,0.022222222222222223,0.005479452054794521,0.828,0.824,1,0,3,0.02,-0.000749024198470579,0.7748654696087005,15.24007688084991,0.46509661202691494,30.167552400380373,4.365629203129629
rand_augment,2,cue:thermal_injection,perturbed,0.1,500,0.806,0.73,0.722,-0.8000000000000007,-0.10526315789473684,7,11,-4,0.05185185185185185,0.030136986301369864,0.828,0.814,9,4,16,0.072,-0.008237141877900285,0.7748654696087005,14.37508567760372,0.47292586658662183,29.113971200189553,4.365629203129629
rand_augment,2,cue:border_strengthening,clean,0.1,500,0.806,0.73,0.732,0.20000000000000018,0.02631578947368421,3,2,1,0.022222222222222223,0.005479452054794521,0.828,0.822,2,0,5,0.022,-0.00275010786193161,0.7748654696087005,15.248818564832934,0.4649524661768228,0.39785779983503744,4.365629203129629
rand_augment,2,cue:depth_boundary_emphasis,clean,0.1,500,0.806,0.73,0.728,-0.20000000000000018,-0.02631578947368421,3,4,-1,0.022222222222222223,0.010958904109589041,0.828,0.828,3,1,3,0.024,-0.002263675259498996,0.7748654696087005,15.000934746978896,0.4650909226969816,0.9739516004046891,4.365629203129629
rand_augment,2,cue:entity_background_separation,clean,0.1,500,0.806,0.73,0.738,0.8000000000000007,0.10526315789473684,6,2,4,0.044444444444444446,0.005479452054794521,0.828,0.818,3,0,8,0.03,-0.0016434668508954928,0.7748654696087005,14.239218836435523,0.46648181773675607,0.8495776003110223,4.365629203129629
rand_augment,2,cue:shadow_reinforcement,clean,0.2,500,0.806,0.73,0.734,0.40000000000000036,0.05263157894736842,5,3,2,0.037037037037037035,0.00821917808219178,0.828,0.822,4,0,7,0.038,-0.0021554687354073394,0.7748654696087005,13.613323250998334,0.462760801455006,0.1739223997865338,4.365629203129629
rand_augment,2,cue:contrast_luminance,clean,0.1,500,0.806,0.73,0.73,0.0,0.0,2,2,0,0.014814814814814815,0.005479452054794521,0.828,0.824,1,0,3,0.014,0.0003040798794318107,0.7748654696087005,15.238699000308788,0.4649654633719474,2.159423799486831,4.365629203129629
rand_augment,2,cue:thermal_injection,clean,0.1,500,0.806,0.73,0.72,-1.0000000000000009,-0.13157894736842105,8,13,-5,0.05925925925925926,0.03561643835616438,0.828,0.808,9,4,19,0.086,-0.013202589135609741,0.7748654696087005,14.28379986370037,0.46932247401605126,1.0727494004240725,4.365629203129629
rand_augment,2,cue:border_strengthening,mismatched,0.1,500,0.806,0.73,0.724,-0.6000000000000005,-0.07894736842105263,5,8,-3,0.037037037037037035,0.021917808219178082,0.828,0.826,6,2,7,0.034,-0.002988707380482083,0.7748654696087005,15.255045707852412,0.4635246867723763,0.38081280028563924,4.365629203129629
rand_augment,2,cue:depth_boundary_emphasis,mismatched,0.1,500,0.806,0.73,0.726,-0.40000000000000036,-0.05263157894736842,5,7,-2,0.037037037037037035,0.019178082191780823,0.828,0.818,5,1,10,0.038,-0.004764047830580239,0.7748654696087005,14.95444894372601,0.4604624553755857,0.9223407999961637,4.365629203129629
rand_augment,2,cue:entity_background_separation,mismatched,0.1,500,0.806,0.73,0.72,-1.0000000000000009,-0.13157894736842105,3,8,-5,0.022222222222222223,0.021917808219178082,0.828,0.81,2,1,11,0.038,-0.005451726586841687,0.7748654696087005,14.23800961128587,0.46510101746860893,0.8106366001011338,4.365629203129629
rand_augment,2,cue:shadow_reinforcement,mismatched,0.2,500,0.806,0.73,0.73,0.0,0.0,12,12,0,0.08888888888888889,0.03287671232876712,0.828,0.812,9,2,17,0.074,-0.008038858338153659,0.7748654696087005,13.570251487030578,0.45808361124340446,0.16933479989529587,4.365629203129629
rand_augment,2,cue:contrast_luminance,mismatched,0.1,500,0.806,0.73,0.734,0.40000000000000036,0.05263157894736842,4,2,2,0.02962962962962963,0.005479452054794521,0.828,0.828,3,1,3,0.02,0.00012679799312900286,0.7748654696087005,15.242720326021828,0.4648314431235194,2.0684522000083234,4.365629203129629
rand_augment,2,cue:thermal_injection,mismatched,0.1,500,0.806,0.73,0.728,-0.20000000000000018,-0.02631578947368421,14,15,-1,0.1037037037037037,0.0410958904109589,0.828,0.796,10,2,26,0.096,-0.01557476728851907,0.7748654696087005,14.258700911202775,0.4643661514095365,1.024547199573135,4.365629203129629
rand_augment,2,detector+cue:border_strengthening,perturbed,0.1,500,0.806,0.73,0.728,-0.20000000000000018,-0.02631578947368421,3,4,-1,0.022222222222222223,0.010958904109589041,0.828,0.826,5,4,6,0.036,-0.004078162598139898,0.7748654696087005,15.097685794868132,0.4464241054812446,132.47509380115662,4.365629203129629
rand_augment,2,detector+cue:depth_boundary_emphasis,perturbed,0.1,500,0.806,0.73,0.728,-0.20000000000000018,-0.02631578947368421,3,4,-1,0.022222222222222223,0.010958904109589041,0.828,0.828,5,2,5,0.024,-0.0044156620440844565,0.7748654696087005,14.857717621028456,0.446582722867548,133.00719560062862,4.365629203129629
rand_augment,2,detector+cue:entity_background_separation,perturbed,0.1,500,0.806,0.73,0.728,-0.20000000000000018,-0.02631578947368421,4,5,-1,0.02962962962962963,0.0136986301369863,0.828,0.828,8,4,8,0.038,-0.0035804230571666266,0.7748654696087005,14.198819627594688,0.45075624181516466,132.9029984009103,4.365629203129629
rand_augment,2,detector+cue:shadow_reinforcement,perturbed,0.2,500,0.806,0.73,0.732,0.20000000000000018,0.02631578947368421,8,7,1,0.05925925925925926,0.019178082191780823,0.828,0.832,12,4,10,0.056,-0.004820023604945163,0.7748654696087005,13.589749425101344,0.45012084330245855,132.2996462008159,4.339655181258877
rand_augment,2,detector+cue:contrast_luminance,perturbed,0.1,500,0.806,0.73,0.732,0.20000000000000018,0.02631578947368421,4,3,1,0.02962962962962963,0.00821917808219178,0.828,0.826,4,2,5,0.032,-0.0035974993109921345,0.7748654696087005,15.078511867321147,0.4459517552801408,134.15592400127207,4.339655181258877
rand_augment,2,detector+cue:thermal_injection,perturbed,0.1,500,0.806,0.73,0.722,-0.8000000000000007,-0.10526315789473684,8,12,-4,0.05925925925925926,0.03287671232876712,0.828,0.814,11,5,18,0.08,-0.0078941029578491,0.7748654696087005,14.255311066731446,0.45610556679405273,133.08218740078155,4.339655181258877
rand_augment,3,none,unused,,500,0.806,0.712,0.712,0.0,0.0,0,0,0,0.0,0.0,0.802,0.802,0,0,0,0.0,0.0,0.6934918107622428,13.241078087160552,0.38781220755912366,0.0,4.339655181258877
rand_augment,3,detector_classical,unused,,500,0.806,0.712,0.704,-0.8000000000000007,-0.0851063829787234,0,4,-4,0.0,0.011235955056179775,0.802,0.792,1,1,6,0.02,-0.002201352282165317,0.6934918107622428,13.874343122938207,0.3914384245201945,104.15902599989204,4.339655181258877
rand_augment,3,baseline:unsharp,unused,0.1,500,0.806,0.712,0.7,-1.200000000000001,-0.1276595744680851,4,10,-6,0.027777777777777776,0.028089887640449437,0.802,0.796,7,5,10,0.054,-0.0012820266155340505,0.6934918107622428,13.111704510387193,0.37986826278734953,1.1238057997834403,4.339655181258877
rand_augment,3,baseline:autocontrast,unused,0.3,500,0.806,0.712,0.716,0.40000000000000036,0.0425531914893617,3,1,2,0.020833333333333332,0.0028089887640449437,0.802,0.804,3,1,2,0.014,0.00013163954693300184,0.6934918107622428,13.946111852812122,0.3953749282006174,1.6863631998421624,4.339655181258877
rand_augment,3,baseline:clahe,unused,0.1,500,0.806,0.712,0.716,0.40000000000000036,0.0425531914893617,3,1,2,0.020833333333333332,0.0028089887640449437,0.802,0.794,1,0,5,0.018,0.00045464527822696257,0.6934918107622428,13.460932891675556,0.38793448627134786,1.8834109999006614,4.339655181258877
rand_augment,3,cue:border_strengthening,perturbed,0.1,500,0.806,0.712,0.704,-0.8000000000000007,-0.0851063829787234,0,4,-4,0.0,0.011235955056179775,0.802,0.8,2,2,3,0.024,-0.0008172774926497368,0.6934918107622428,13.598065523985209,0.38735245138779284,28.601102000044193,4.339655181258877
rand_augment,3,cue:depth_boundary_emphasis,perturbed,0.1,500,0.806,0.712,0.706,-0.6000000000000005,-0.06382978723404255,6,9,-3,0.041666666666666664,0.025280898876404494,0.802,0.792,7,2,12,0.064,-0.0032738613015599184,0.6934918107622428,13.33989226468666,0.38731354347616437,29.179346600052668,4.339655181258877
rand_augment,3,cue:entity_background_separation,perturbed,0.1,500,0.806,0.712,0.716,0.40000000000000036,0.0425531914893617,7,5,2,0.04861111111111111,0.014044943820224719,0.802,0.798,6,2,8,0.05,-0.00048581005064261265,0.6934918107622428,12.60908516170389,0.3899218818092486,29.065842399577377,4.339655181258877
rand_augment,3,cue:shadow_reinforcement,perturbed,0.2,500,0.806,0.712,0.71,-0.20000000000000018,-0.02127659574468085,5,6,-1,0.034722222222222224,0.016853932584269662,0.802,0.792,3,1,8,0.056,-0.0028884623674703108,0.6934918107622428,12.096312828793817,0.3885209463951178,28.350672000000486,4.339655181258877
rand_augment,3,cue:contrast_luminance,perturbed,0.1,500,0.806,0.712,0.714,0.20000000000000018,0.02127659574468085,3,2,1,0.020833333333333332,0.0056179775280898875,0.802,0.796,2,1,5,0.024,0.0017415778420499918,0.6934918107622428,13.560583736640831,0.3884067688845098,30.412841200712137,4.339655181258877
rand_augment,3,cue:thermal_injection,perturbed,0.1,500,0.806,0.712,0.692,-2.0000000000000018,-0.2127659574468085,8,18,-10,0.05555555555555555,0.05056179775280899,0.802,0.766,8,4,26,0.128,-0.019164410101644536,0.6934918107622428,12.822488687900833,0.4035424669794738,29.3700668005622,4.339655181258877
rand_augment,3,cue:border_strengthening,clean,0.1,500,0.806,0.712,0.708,-0.40000000000000036,-0.0425531914893617,3,5,-2,0.020833333333333332,0.014044943820224719,0.802,0.8,3,1,4,0.026,-0.007069119362464335,0.6934918107622428,13.597535651260154,0.3873581674490124,0.40108200002578087,4.339655181258877
rand_augment,3,cue:depth_boundary_emphasis,clean,0.1,500,0.806,0.712,0.708,-0.40000000000000036,-0.0425531914893617,6,8,-2,0.041666666666666664,0.02247191011235955,0.802,0.79,4,1,10,0.058,-0.0059753761525380466,0.6934918107622428,13.340269035504045,0.3874227042812854,0.9686485999263823,4.339655181258877
rand_augment,3,cue:entity_background_separation,clean,0.1,500,0.806,0.712,0.706,-0.6000000000000005,-0.06382978723404255,6,9,-3,0.041666666666666664,0.025280898876404494,0.802,0.794,5,2,9,0.062,-0.005436742298664285,0.6934918107622428,12.602886326857853,0.3889723245991627,0.8658221997029614,4.339655181258877
rand_augment,3,cue:shadow_reinforcement,clean,0.2,500,0.806,0.712,0.702,-1.0000000000000009,-0.10638297872340426,7,12,-5,0.04861111111111111,0.033707865168539325,0.802,0.782,7,3,17,0.08,-0.004462836401019558,0.6934918107622428,12.079433429555388,0.38582063222362195,0.17029639982501976,4.339655181258877
rand_augment,3,cue:contrast_luminance,clean,0.1,500,0.806,0.712,0.716,0.40000000000000036,0.0425531914893617,3,1,2,0.020833333333333332,0.0028089887640449437,0.802,0.8,3,1,4,0.022,0.0008372169553040294,0.6934918107622428,13.559281293624226,0.38820393063407393,2.138029800262302,4.339655181258877
rand_augment,3,cue:thermal_injection,clean,0.1,500,0.806,0.712,0.668,-4.399999999999993,-0.46808510638297757,4,26,-22,0.027777777777777776,0.07303370786516854,0.802,0.754,7,5,31,0.144,-0.018744971109082145,0.6934918107622428,12.708386921628229,0.3957879251353443,1.0603686004760675,4.339655181258877
rand_augment,3,cue:border_strengthening,mismatched,0.1,500,0.806,0.712,0.71,-0.20000000000000018,-0.02127659574468085,3,4,-1,0.020833333333333332,0.011235955056179775,0.802,0.798,3,2,5,0.03,-0.0019990375522966133,0.6934918107622428,13.62771372778948,0.38609093173220754,0.37822020004387014,4.339655181258877
rand_augment,3,cue:depth_boundary_emphasis,mismatched,0.1,500,0.806,0.712,0.706,-0.6000000000000005,-0.06382978723404255,8,11,-3,0.05555555555555555,0.03089887640449438,0.802,0.792,6,1,11,0.066,-0.007645191227794385,0.6934918107622428,13.334889925762107,0.3834567148797214,0.9146390002570115,4.339655181258877
rand_augment,3,cue:entity_background_separation,mismatched,0.1,500,0.806,0.712,0.71,-0.20000000000000018,-0.02127659574468085,6,7,-1,0.041666666666666664,0.019662921348314606,0.802,0.788,4,1,11,0.058,-0.006139170983320582,0.6934918107622428,12.60667219498659,0.3878208707552403,0.795089000108419,4.339655181258877
rand_augment,3,cue:shadow_reinforcement,mismatched,0.2,500,0.806,0.712,0.7,-1.200000000000001,-0.1276595744680851,6,12,-6,0.041666666666666664,0.033707865168539325,0.802,0.782,7,4,17,0.09,-0.012339436366988593,0.6934918107622428,12.101439864660177,0.3826212300602347,0.16681199963204563,4.339655181258877
rand_augment,3,cue:contrast_luminance,mismatched,0.1,500,0.806,0.712,0.712,0.0,0.0,1,1,0,0.006944444444444444,0.0028089887640449437,0.802,0.798,1,0,3,0.012,0.0006439261369969245,0.6934918107622428,13.565161916439033,0.38803716846741737,2.0390666005550884,4.339655181258877
rand_augment,3,cue:thermal_injection,mismatched,0.1,500,0.806,0.712,0.682,-2.9999999999999916,-0.31914893617021156,12,27,-15,0.08333333333333333,0.07584269662921349,0.802,0.75,10,3,36,0.146,-0.032715232215266045,0.6934918107622428,12.73212183982234,0.3928935184888542,1.0171988001093268,4.339655181258877
rand_augment,3,detector+cue:border_strengthening,perturbed,0.1,500,0.806,0.712,0.696,-1.6000000000000014,-0.1702127659574468,0,8,-8,0.0,0.02247191011235955,0.802,0.79,3,3,9,0.042,-0.002880693358121789,0.6934918107622428,14.192925642114453,0.390861904213205,132.71455780047108,4.339655181258877
rand_augment,3,detector+cue:depth_boundary_emphasis,perturbed,0.1,500,0.806,0.712,0.698,-1.4000000000000012,-0.14893617021276595,6,13,-7,0.041666666666666664,0.03651685393258427,0.802,0.784,8,3,17,0.078,-0.005813490782536064,0.6934918107622428,13.94601261946774,0.3911599275581539,133.2264642000082,4.339655181258877
rand_augment,3,detector+cue:entity_background_separation,perturbed,0.1,500,0.806,0.712,0.712,0.0,0.0,7,7,0,0.04861111111111111,0.019662921348314606,0.802,0.794,7,3,11,0.056,-0.002349782096531271,0.6934918107622428,13.172635454452617,0.395841298609972,133.11362580020796,4.339655181258877
rand_augment,3,detector+cue:shadow_reinforcement,perturbed,0.2,500,0.806,0.712,0.708,-0.40000000000000036,-0.0425531914893617,4,6,-2,0.027777777777777776,0.016853932584269662,0.802,0.79,3,2,9,0.06,-0.0046366931079855934,0.6934918107622428,12.55279760493509,0.3960879115820862,132.50811280004564,4.339655181258877
rand_augment,3,detector+cue:contrast_luminance,perturbed,0.1,500,0.806,0.712,0.706,-0.6000000000000005,-0.06382978723404255,3,6,-3,0.020833333333333332,0.016853932584269662,0.802,0.786,3,2,11,0.04,-0.0012360361104556431,0.6934918107622428,14.136245042819745,0.3906644516848028,134.3603041996248,4.339655181258877
rand_augment,3,detector+cue:thermal_injection,perturbed,0.1,500,0.806,0.712,0.692,-2.0000000000000018,-0.2127659574468085,8,18,-10,0.05555555555555555,0.05056179775280899,0.802,0.764,8,4,27,0.13,-0.01910969586441388,0.6934918107622428,13.253912924979865,0.40788800758495924,133.3550976002589,4.339655181258877
